"('1', '0', '1', '0')",0.9999999999999999
"('1', '0', '2', '0')",0.9999999999999999
"('1', '0', '3', '0')",0.9999999999999999
"('1', '0', '4', '0')",0.9999999999999999
"('1', '0', '5', '0')",0.9999999999999999
"('1', '0', '6', '0')",0.9999999999999999
"('1', '0', '7', '0')",0.9999999999999999
"('1', '0', '8', '0')",0.9999999999999999
"('1', '0', '9', '0')",0.9999999999999999
"('1', '0', '1', '1')",1.0
"('1', '0', '2', '1')",1.0
"('1', '0', '3', '1')",1.0
"('1', '0', '4', '1')",1.0
"('1', '0', '5', '1')",1.0
"('1', '0', '6', '1')",1.0
"('1', '0', '7', '1')",1.0
"('1', '0', '8', '1')",1.0
"('1', '0', '9', '1')",1.0
"('1', '0', '1', '2')",1.0
"('1', '0', '2', '2')",1.0
"('1', '0', '3', '2')",1.0
"('1', '0', '4', '2')",1.0
"('1', '0', '5', '2')",1.0
"('1', '0', '6', '2')",1.0
"('1', '0', '7', '2')",1.0
"('1', '0', '8', '2')",1.0
"('1', '0', '9', '2')",1.0
"('1', '0', '1', '3')",1.0
"('1', '0', '2', '3')",1.0
"('1', '0', '3', '3')",1.0
"('1', '0', '4', '3')",1.0
"('1', '0', '5', '3')",1.0
"('1', '0', '6', '3')",1.0
"('1', '0', '7', '3')",1.0
"('1', '0', '8', '3')",1.0
"('1', '0', '9', '3')",1.0
"('1', '0', '1', '4')",1.0
"('1', '0', '2', '4')",1.0
"('1', '0', '3', '4')",1.0
"('1', '0', '4', '4')",1.0
"('1', '0', '5', '4')",1.0
"('1', '0', '6', '4')",1.0
"('1', '0', '7', '4')",1.0
"('1', '0', '8', '4')",1.0
"('1', '0', '9', '4')",1.0
"('1', '0', '1', '5')",1.0
"('1', '0', '2', '5')",1.0
"('1', '0', '3', '5')",1.0
"('1', '0', '4', '5')",1.0
"('1', '0', '5', '5')",1.0
"('1', '0', '6', '5')",1.0
"('1', '0', '7', '5')",1.0
"('1', '0', '8', '5')",1.0
"('1', '0', '9', '5')",1.0
"('1', '0', '1', '6')",1.0
"('1', '0', '2', '6')",1.0
"('1', '0', '3', '6')",1.0
"('1', '0', '4', '6')",1.0
"('1', '0', '5', '6')",1.0
"('1', '0', '6', '6')",1.0
"('1', '0', '7', '6')",1.0
"('1', '0', '8', '6')",1.0
"('1', '0', '9', '6')",1.0
"('1', '0', '1', '7')",1.0
"('1', '0', '2', '7')",1.0
"('1', '0', '3', '7')",1.0
"('1', '0', '4', '7')",1.0
"('1', '0', '5', '7')",1.0
"('1', '0', '6', '7')",1.0
"('1', '0', '7', '7')",1.0
"('1', '0', '8', '7')",1.0
"('1', '0', '9', '7')",1.0
"('1', '0', '1', '8')",1.0
"('1', '0', '2', '8')",1.0
"('1', '0', '3', '8')",1.0
"('1', '0', '4', '8')",1.0
"('1', '0', '5', '8')",1.0
"('1', '0', '6', '8')",1.0
"('1', '0', '7', '8')",1.0
"('1', '0', '8', '8')",1.0
"('1', '0', '9', '8')",1.0
"('2', '0', '1', '0')",0.6
"('2', '0', '2', '0')",1.0
"('2', '0', '3', '0')",1.0
"('2', '0', '4', '0')",1.0
"('2', '0', '5', '0')",1.0
"('2', '0', '6', '0')",1.0
"('2', '0', '7', '0')",1.0
"('2', '0', '8', '0')",1.0
"('2', '0', '9', '0')",1.0
"('2', '0', '1', '1')",0.65
"('2', '0', '2', '1')",1.0
"('2', '0', '3', '1')",1.0
"('2', '0', '4', '1')",1.0
"('2', '0', '5', '1')",1.0
"('2', '0', '6', '1')",1.0
"('2', '0', '7', '1')",1.0
"('2', '0', '8', '1')",1.0
"('2', '0', '9', '1')",1.0
"('2', '0', '1', '2')",0.7
"('2', '0', '2', '2')",0.9999999999999998
"('2', '0', '3', '2')",0.9999999999999998
"('2', '0', '4', '2')",0.9999999999999998
"('2', '0', '5', '2')",0.9999999999999998
"('2', '0', '6', '2')",0.9999999999999998
"('2', '0', '7', '2')",0.9999999999999998
"('2', '0', '8', '2')",0.9999999999999998
"('2', '0', '9', '2')",0.9999999999999998
"('2', '0', '1', '3')",0.75
"('2', '0', '2', '3')",1.0
"('2', '0', '3', '3')",1.0
"('2', '0', '4', '3')",1.0
"('2', '0', '5', '3')",1.0
"('2', '0', '6', '3')",1.0
"('2', '0', '7', '3')",1.0
"('2', '0', '8', '3')",1.0
"('2', '0', '9', '3')",1.0
"('2', '0', '1', '4')",0.8
"('2', '0', '2', '4')",1.0000000000000002
"('2', '0', '3', '4')",1.0000000000000002
"('2', '0', '4', '4')",1.0000000000000002
"('2', '0', '5', '4')",1.0000000000000002
"('2', '0', '6', '4')",1.0000000000000002
"('2', '0', '7', '4')",1.0000000000000002
"('2', '0', '8', '4')",1.0000000000000002
"('2', '0', '9', '4')",1.0000000000000002
"('2', '0', '1', '5')",0.85
"('2', '0', '2', '5')",0.9999999999999999
"('2', '0', '3', '5')",0.9999999999999999
"('2', '0', '4', '5')",0.9999999999999999
"('2', '0', '5', '5')",0.9999999999999999
"('2', '0', '6', '5')",0.9999999999999999
"('2', '0', '7', '5')",0.9999999999999999
"('2', '0', '8', '5')",0.9999999999999999
"('2', '0', '9', '5')",0.9999999999999999
"('2', '0', '1', '6')",0.95
"('2', '0', '2', '6')",0.9999999999999998
"('2', '0', '3', '6')",0.9999999999999998
"('2', '0', '4', '6')",0.9999999999999998
"('2', '0', '5', '6')",0.9999999999999998
"('2', '0', '6', '6')",0.9999999999999998
"('2', '0', '7', '6')",0.9999999999999998
"('2', '0', '8', '6')",0.9999999999999998
"('2', '0', '9', '6')",0.9999999999999998
"('2', '0', '1', '7')",1.0
"('2', '0', '2', '7')",1.0
"('2', '0', '3', '7')",1.0
"('2', '0', '4', '7')",1.0
"('2', '0', '5', '7')",1.0
"('2', '0', '6', '7')",1.0
"('2', '0', '7', '7')",1.0
"('2', '0', '8', '7')",1.0
"('2', '0', '9', '7')",1.0
"('2', '0', '1', '8')",1.0
"('2', '0', '2', '8')",1.0
"('2', '0', '3', '8')",1.0
"('2', '0', '4', '8')",1.0
"('2', '0', '5', '8')",1.0
"('2', '0', '6', '8')",1.0
"('2', '0', '7', '8')",1.0
"('2', '0', '8', '8')",1.0
"('2', '0', '9', '8')",1.0
"('2', '1', '1', '0')",0.8388799999999995
"('2', '1', '2', '0')",1.0
"('2', '1', '3', '0')",1.0
"('2', '1', '4', '0')",1.0
"('2', '1', '5', '0')",0.9999999999999999
"('2', '1', '6', '0')",0.9999999999999999
"('2', '1', '7', '0')",0.9999999999999999
"('2', '1', '8', '0')",1.0
"('2', '1', '9', '0')",1.0
"('2', '1', '1', '1')",0.8630100000000002
"('2', '1', '2', '1')",1.0
"('2', '1', '3', '1')",1.0
"('2', '1', '4', '1')",1.0
"('2', '1', '5', '1')",1.0
"('2', '1', '6', '1')",1.0
"('2', '1', '7', '1')",1.0
"('2', '1', '8', '1')",1.0
"('2', '1', '9', '1')",1.0
"('2', '1', '1', '2')",0.880659999999998
"('2', '1', '2', '2')",0.9999999999999999
"('2', '1', '3', '2')",0.9999999999999999
"('2', '1', '4', '2')",0.9999999999999999
"('2', '1', '5', '2')",0.9999999999999998
"('2', '1', '6', '2')",1.0
"('2', '1', '7', '2')",0.9999999999999999
"('2', '1', '8', '2')",0.9999999999999999
"('2', '1', '9', '2')",0.9999999999999999
"('2', '1', '1', '3')",0.898099999999999
"('2', '1', '2', '3')",1.0
"('2', '1', '3', '3')",1.0
"('2', '1', '4', '3')",1.0
"('2', '1', '5', '3')",1.0
"('2', '1', '6', '3')",1.0
"('2', '1', '7', '3')",1.0
"('2', '1', '8', '3')",1.0
"('2', '1', '9', '3')",1.0
"('2', '1', '1', '4')",0.9200200000000016
"('2', '1', '2', '4')",1.0
"('2', '1', '3', '4')",1.0
"('2', '1', '4', '4')",1.0000000000000002
"('2', '1', '5', '4')",1.0
"('2', '1', '6', '4')",1.0
"('2', '1', '7', '4')",1.0
"('2', '1', '8', '4')",1.0
"('2', '1', '9', '4')",1.0
"('2', '1', '1', '5')",0.9394750000000022
"('2', '1', '2', '5')",0.9999999999999999
"('2', '1', '3', '5')",1.0
"('2', '1', '4', '5')",1.0
"('2', '1', '5', '5')",1.0
"('2', '1', '6', '5')",1.0
"('2', '1', '7', '5')",1.0
"('2', '1', '8', '5')",1.0
"('2', '1', '9', '5')",1.0
"('2', '1', '1', '6')",0.9793299999999969
"('2', '1', '2', '6')",0.9999999999999999
"('2', '1', '3', '6')",1.0
"('2', '1', '4', '6')",1.0
"('2', '1', '5', '6')",1.0
"('2', '1', '6', '6')",0.9999999999999999
"('2', '1', '7', '6')",0.9999999999999998
"('2', '1', '8', '6')",0.9999999999999999
"('2', '1', '9', '6')",1.0
"('2', '1', '1', '7')",1.0
"('2', '1', '2', '7')",1.0
"('2', '1', '3', '7')",1.0
"('2', '1', '4', '7')",1.0
"('2', '1', '5', '7')",1.0
"('2', '1', '6', '7')",1.0
"('2', '1', '7', '7')",1.0
"('2', '1', '8', '7')",1.0
"('2', '1', '9', '7')",1.0
"('2', '1', '1', '8')",1.0
"('2', '1', '2', '8')",1.0
"('2', '1', '3', '8')",1.0
"('2', '1', '4', '8')",1.0
"('2', '1', '5', '8')",1.0
"('2', '1', '6', '8')",1.0
"('2', '1', '7', '8')",1.0
"('2', '1', '8', '8')",1.0
"('2', '1', '9', '8')",1.0
"('3', '0', '1', '0')",0.30000000000000004
"('3', '0', '2', '0')",0.8400000000000001
"('3', '0', '3', '0')",1.0000000000000002
"('3', '0', '4', '0')",1.0000000000000002
"('3', '0', '5', '0')",1.0000000000000002
"('3', '0', '6', '0')",1.0000000000000002
"('3', '0', '7', '0')",1.0000000000000002
"('3', '0', '8', '0')",1.0000000000000002
"('3', '0', '9', '0')",1.0000000000000002
"('3', '0', '1', '1')",0.4
"('3', '0', '2', '1')",0.8775000000000001
"('3', '0', '3', '1')",1.0
"('3', '0', '4', '1')",1.0
"('3', '0', '5', '1')",1.0
"('3', '0', '6', '1')",1.0
"('3', '0', '7', '1')",1.0
"('3', '0', '8', '1')",1.0
"('3', '0', '9', '1')",1.0
"('3', '0', '1', '2')",0.5
"('3', '0', '2', '2')",0.9100000000000001
"('3', '0', '3', '2')",1.0000000000000002
"('3', '0', '4', '2')",1.0000000000000002
"('3', '0', '5', '2')",1.0000000000000002
"('3', '0', '6', '2')",1.0000000000000002
"('3', '0', '7', '2')",1.0000000000000002
"('3', '0', '8', '2')",1.0000000000000002
"('3', '0', '9', '2')",1.0000000000000002
"('3', '0', '1', '3')",0.6
"('3', '0', '2', '3')",0.9374999999999999
"('3', '0', '3', '3')",0.9999999999999999
"('3', '0', '4', '3')",0.9999999999999999
"('3', '0', '5', '3')",0.9999999999999999
"('3', '0', '6', '3')",0.9999999999999999
"('3', '0', '7', '3')",0.9999999999999999
"('3', '0', '8', '3')",0.9999999999999999
"('3', '0', '9', '3')",0.9999999999999999
"('3', '0', '1', '4')",0.7
"('3', '0', '2', '4')",0.9600000000000002
"('3', '0', '3', '4')",1.0000000000000002
"('3', '0', '4', '4')",1.0000000000000002
"('3', '0', '5', '4')",1.0000000000000002
"('3', '0', '6', '4')",1.0000000000000002
"('3', '0', '7', '4')",1.0000000000000002
"('3', '0', '8', '4')",1.0000000000000002
"('3', '0', '9', '4')",1.0000000000000002
"('3', '0', '1', '5')",0.8
"('3', '0', '2', '5')",0.9774999999999998
"('3', '0', '3', '5')",0.9999999999999999
"('3', '0', '4', '5')",0.9999999999999999
"('3', '0', '5', '5')",0.9999999999999999
"('3', '0', '6', '5')",0.9999999999999999
"('3', '0', '7', '5')",0.9999999999999999
"('3', '0', '8', '5')",0.9999999999999999
"('3', '0', '9', '5')",0.9999999999999999
"('3', '0', '1', '6')",0.9
"('3', '0', '2', '6')",0.9974999999999997
"('3', '0', '3', '6')",0.9999999999999999
"('3', '0', '4', '6')",0.9999999999999999
"('3', '0', '5', '6')",0.9999999999999999
"('3', '0', '6', '6')",0.9999999999999999
"('3', '0', '7', '6')",0.9999999999999999
"('3', '0', '8', '6')",0.9999999999999999
"('3', '0', '9', '6')",0.9999999999999999
"('3', '0', '1', '7')",1.0
"('3', '0', '2', '7')",1.0
"('3', '0', '3', '7')",1.0
"('3', '0', '4', '7')",1.0
"('3', '0', '5', '7')",1.0
"('3', '0', '6', '7')",1.0
"('3', '0', '7', '7')",1.0
"('3', '0', '8', '7')",1.0
"('3', '0', '9', '7')",1.0
"('3', '0', '1', '8')",1.0
"('3', '0', '2', '8')",1.0
"('3', '0', '3', '8')",1.0
"('3', '0', '4', '8')",1.0
"('3', '0', '5', '8')",1.0
"('3', '0', '6', '8')",1.0
"('3', '0', '7', '8')",1.0
"('3', '0', '8', '8')",1.0
"('3', '0', '9', '8')",1.0
"('3', '1', '1', '0')",0.4293699999999991
"('3', '1', '2', '0')",0.9687040000000016
"('3', '1', '3', '0')",1.0
"('3', '1', '4', '0')",1.0
"('3', '1', '5', '0')",1.0
"('3', '1', '6', '0')",1.0
"('3', '1', '7', '0')",1.0
"('3', '1', '8', '0')",1.0000000000000002
"('3', '1', '9', '0')",1.0000000000000002
"('3', '1', '1', '1')",0.5118749999999983
"('3', '1', '2', '1')",0.9759409999999991
"('3', '1', '3', '1')",1.0
"('3', '1', '4', '1')",1.0
"('3', '1', '5', '1')",1.0
"('3', '1', '6', '1')",1.0
"('3', '1', '7', '1')",1.0
"('3', '1', '8', '1')",1.0
"('3', '1', '9', '1')",1.0
"('3', '1', '1', '2')",0.5871699999999979
"('3', '1', '2', '2')",0.9823780000000036
"('3', '1', '3', '2')",1.0000000000000002
"('3', '1', '4', '2')",1.0
"('3', '1', '5', '2')",1.0
"('3', '1', '6', '2')",1.0
"('3', '1', '7', '2')",1.0
"('3', '1', '8', '2')",1.0
"('3', '1', '9', '2')",1.0
"('3', '1', '1', '3')",0.6702099999999994
"('3', '1', '2', '3')",0.9876750000000003
"('3', '1', '3', '3')",0.9999999999999999
"('3', '1', '4', '3')",1.0
"('3', '1', '5', '3')",0.9999999999999999
"('3', '1', '6', '3')",1.0
"('3', '1', '7', '3')",0.9999999999999999
"('3', '1', '8', '3')",1.0
"('3', '1', '9', '3')",1.0
"('3', '1', '1', '4')",0.7507200000000004
"('3', '1', '2', '4')",0.9922960000000013
"('3', '1', '3', '4')",1.0000000000000002
"('3', '1', '4', '4')",1.0
"('3', '1', '5', '4')",1.0
"('3', '1', '6', '4')",1.0000000000000002
"('3', '1', '7', '4')",1.0000000000000002
"('3', '1', '8', '4')",1.0000000000000002
"('3', '1', '9', '4')",1.0
"('3', '1', '1', '5')",0.8296649999999983
"('3', '1', '2', '5')",0.9954977499999963
"('3', '1', '3', '5')",0.9999999999999999
"('3', '1', '4', '5')",0.9999999999999998
"('3', '1', '5', '5')",0.9999999999999999
"('3', '1', '6', '5')",1.0
"('3', '1', '7', '5')",0.9999999999999999
"('3', '1', '8', '5')",1.0
"('3', '1', '9', '5')",0.9999999999999999
"('3', '1', '1', '6')",0.9204749999999992
"('3', '1', '2', '6')",0.999501749999997
"('3', '1', '3', '6')",0.9999999999999998
"('3', '1', '4', '6')",0.9999999999999998
"('3', '1', '5', '6')",0.9999999999999998
"('3', '1', '6', '6')",0.9999999999999998
"('3', '1', '7', '6')",0.9999999999999998
"('3', '1', '8', '6')",0.9999999999999998
"('3', '1', '9', '6')",0.9999999999999998
"('3', '1', '1', '7')",1.0
"('3', '1', '2', '7')",1.0
"('3', '1', '3', '7')",1.0
"('3', '1', '4', '7')",1.0
"('3', '1', '5', '7')",1.0
"('3', '1', '6', '7')",1.0
"('3', '1', '7', '7')",1.0
"('3', '1', '8', '7')",1.0
"('3', '1', '9', '7')",1.0
"('3', '1', '1', '8')",1.0
"('3', '1', '2', '8')",1.0
"('3', '1', '3', '8')",1.0
"('3', '1', '4', '8')",1.0
"('3', '1', '5', '8')",1.0
"('3', '1', '6', '8')",1.0
"('3', '1', '7', '8')",1.0
"('3', '1', '8', '8')",1.0
"('3', '1', '9', '8')",1.0
"('3', '2', '1', '0')",0.6051900000000001
"('3', '2', '2', '0')",0.9999999999999999
"('3', '2', '3', '0')",1.0
"('3', '2', '4', '0')",1.0
"('3', '2', '5', '0')",1.0
"('3', '2', '6', '0')",1.0
"('3', '2', '7', '0')",1.0
"('3', '2', '8', '0')",1.0
"('3', '2', '9', '0')",1.0
"('3', '2', '1', '1')",0.6635850000000018
"('3', '2', '2', '1')",1.0
"('3', '2', '3', '1')",1.0
"('3', '2', '4', '1')",1.0
"('3', '2', '5', '1')",1.0
"('3', '2', '6', '1')",1.0
"('3', '2', '7', '1')",1.0
"('3', '2', '8', '1')",1.0
"('3', '2', '9', '1')",1.0
"('3', '2', '1', '2')",0.7168099999999967
"('3', '2', '2', '2')",0.9999999999999999
"('3', '2', '3', '2')",1.0
"('3', '2', '4', '2')",1.0
"('3', '2', '5', '2')",1.0
"('3', '2', '6', '2')",0.9999999999999999
"('3', '2', '7', '2')",1.0
"('3', '2', '8', '2')",1.0
"('3', '2', '9', '2')",1.0
"('3', '2', '1', '3')",0.768004999999999
"('3', '2', '2', '3')",1.0
"('3', '2', '3', '3')",1.0
"('3', '2', '4', '3')",0.9999999999999999
"('3', '2', '5', '3')",1.0
"('3', '2', '6', '3')",1.0
"('3', '2', '7', '3')",1.0
"('3', '2', '8', '3')",1.0
"('3', '2', '9', '3')",1.0
"('3', '2', '1', '4')",0.8224300000000029
"('3', '2', '2', '4')",1.0000000000000002
"('3', '2', '3', '4')",1.0000000000000002
"('3', '2', '4', '4')",1.0
"('3', '2', '5', '4')",1.0000000000000002
"('3', '2', '6', '4')",1.0000000000000002
"('3', '2', '7', '4')",1.0
"('3', '2', '8', '4')",1.0000000000000002
"('3', '2', '9', '4')",1.0000000000000002
"('3', '2', '1', '5')",0.8780400000000004
"('3', '2', '2', '5')",0.9999999999999999
"('3', '2', '3', '5')",0.9999999999999999
"('3', '2', '4', '5')",1.0
"('3', '2', '5', '5')",1.0
"('3', '2', '6', '5')",1.0
"('3', '2', '7', '5')",0.9999999999999999
"('3', '2', '8', '5')",1.0
"('3', '2', '9', '5')",0.9999999999999999
"('3', '2', '1', '6')",0.9456099999999997
"('3', '2', '2', '6')",0.9999999999999999
"('3', '2', '3', '6')",0.9999999999999998
"('3', '2', '4', '6')",0.9999999999999998
"('3', '2', '5', '6')",0.9999999999999999
"('3', '2', '6', '6')",0.9999999999999998
"('3', '2', '7', '6')",0.9999999999999999
"('3', '2', '8', '6')",0.9999999999999998
"('3', '2', '9', '6')",0.9999999999999999
"('3', '2', '1', '7')",1.0
"('3', '2', '2', '7')",1.0
"('3', '2', '3', '7')",1.0
"('3', '2', '4', '7')",1.0
"('3', '2', '5', '7')",1.0
"('3', '2', '6', '7')",1.0
"('3', '2', '7', '7')",1.0
"('3', '2', '8', '7')",1.0
"('3', '2', '9', '7')",1.0
"('3', '2', '1', '8')",1.0
"('3', '2', '2', '8')",1.0
"('3', '2', '3', '8')",1.0
"('3', '2', '4', '8')",1.0
"('3', '2', '5', '8')",1.0
"('3', '2', '6', '8')",1.0
"('3', '2', '7', '8')",1.0
"('3', '2', '8', '8')",1.0
"('3', '2', '9', '8')",1.0
"('4', '0', '1', '0')",0.1
"('4', '0', '2', '0')",0.6000000000000001
"('4', '0', '3', '0')",0.9360000000000002
"('4', '0', '4', '0')",1.0000000000000002
"('4', '0', '5', '0')",1.0000000000000002
"('4', '0', '6', '0')",1.0000000000000002
"('4', '0', '7', '0')",1.0000000000000002
"('4', '0', '8', '0')",1.0000000000000002
"('4', '0', '9', '0')",1.0000000000000002
"('4', '0', '1', '1')",0.15
"('4', '0', '2', '1')",0.7024999999999999
"('4', '0', '3', '1')",0.9571249999999999
"('4', '0', '4', '1')",0.9999999999999999
"('4', '0', '5', '1')",0.9999999999999999
"('4', '0', '6', '1')",0.9999999999999999
"('4', '0', '7', '1')",0.9999999999999999
"('4', '0', '8', '1')",0.9999999999999999
"('4', '0', '9', '1')",0.9999999999999999
"('4', '0', '1', '2')",0.2
"('4', '0', '2', '2')",0.7899999999999998
"('4', '0', '3', '2')",0.973
"('4', '0', '4', '2')",0.9999999999999999
"('4', '0', '5', '2')",0.9999999999999999
"('4', '0', '6', '2')",0.9999999999999999
"('4', '0', '7', '2')",0.9999999999999999
"('4', '0', '8', '2')",0.9999999999999999
"('4', '0', '9', '2')",0.9999999999999999
"('4', '0', '1', '3')",0.25
"('4', '0', '2', '3')",0.8625
"('4', '0', '3', '3')",0.9843750000000001
"('4', '0', '4', '3')",1.0
"('4', '0', '5', '3')",1.0
"('4', '0', '6', '3')",1.0
"('4', '0', '7', '3')",1.0
"('4', '0', '8', '3')",1.0
"('4', '0', '9', '3')",1.0
"('4', '0', '1', '4')",0.3
"('4', '0', '2', '4')",0.9200000000000002
"('4', '0', '3', '4')",0.9920000000000002
"('4', '0', '4', '4')",1.0000000000000002
"('4', '0', '5', '4')",1.0000000000000002
"('4', '0', '6', '4')",1.0000000000000002
"('4', '0', '7', '4')",1.0000000000000002
"('4', '0', '8', '4')",1.0000000000000002
"('4', '0', '9', '4')",1.0000000000000002
"('4', '0', '1', '5')",0.35
"('4', '0', '2', '5')",0.9624999999999999
"('4', '0', '3', '5')",0.996625
"('4', '0', '4', '5')",1.0
"('4', '0', '5', '5')",1.0
"('4', '0', '6', '5')",1.0
"('4', '0', '7', '5')",1.0
"('4', '0', '8', '5')",1.0
"('4', '0', '9', '5')",1.0
"('4', '0', '1', '6')",0.45
"('4', '0', '2', '6')",0.9924999999999999
"('4', '0', '3', '6')",0.999875
"('4', '0', '4', '6')",0.9999999999999999
"('4', '0', '5', '6')",0.9999999999999999
"('4', '0', '6', '6')",0.9999999999999999
"('4', '0', '7', '6')",0.9999999999999999
"('4', '0', '8', '6')",0.9999999999999999
"('4', '0', '9', '6')",0.9999999999999999
"('4', '0', '1', '7')",0.6
"('4', '0', '2', '7')",1.0
"('4', '0', '3', '7')",1.0
"('4', '0', '4', '7')",1.0
"('4', '0', '5', '7')",1.0
"('4', '0', '6', '7')",1.0
"('4', '0', '7', '7')",1.0
"('4', '0', '8', '7')",1.0
"('4', '0', '9', '7')",1.0
"('4', '0', '1', '8')",0.9
"('4', '0', '2', '8')",1.0
"('4', '0', '3', '8')",1.0
"('4', '0', '4', '8')",1.0
"('4', '0', '5', '8')",1.0
"('4', '0', '6', '8')",1.0
"('4', '0', '7', '8')",1.0
"('4', '0', '8', '8')",1.0
"('4', '0', '9', '8')",1.0
"('4', '1', '1', '0')",0.20569999999999922
"('4', '1', '2', '0')",0.7598520000000001
"('4', '1', '3', '0')",0.9915008000000035
"('4', '1', '4', '0')",1.0000000000000002
"('4', '1', '5', '0')",1.0000000000000002
"('4', '1', '6', '0')",1.0000000000000002
"('4', '1', '7', '0')",1.0000000000000002
"('4', '1', '8', '0')",1.0000000000000002
"('4', '1', '9', '0')",1.0000000000000004
"('4', '1', '1', '1')",0.25760500000000025
"('4', '1', '2', '1')",0.8194262500000014
"('4', '1', '3', '1')",0.9943576499999995
"('4', '1', '4', '1')",1.0
"('4', '1', '5', '1')",1.0
"('4', '1', '6', '1')",1.0
"('4', '1', '7', '1')",1.0
"('4', '1', '8', '1')",1.0
"('4', '1', '9', '1')",1.0
"('4', '1', '1', '2')",0.30606000000000005
"('4', '1', '2', '2')",0.8723170000000013
"('4', '1', '3', '2')",0.9964171000000006
"('4', '1', '4', '2')",1.0
"('4', '1', '5', '2')",1.0
"('4', '1', '6', '2')",1.0
"('4', '1', '7', '2')",1.0
"('4', '1', '8', '2')",1.0
"('4', '1', '9', '2')",1.0
"('4', '1', '1', '3')",0.3557499999999997
"('4', '1', '2', '3')",0.915209999999999
"('4', '1', '3', '3')",0.997893749999999
"('4', '1', '4', '3')",1.0
"('4', '1', '5', '3')",1.0
"('4', '1', '6', '3')",1.0
"('4', '1', '7', '3')",1.0
"('4', '1', '8', '3')",1.0
"('4', '1', '9', '3')",1.0
"('4', '1', '1', '4')",0.4051299999999989
"('4', '1', '2', '4')",0.9493500000000014
"('4', '1', '3', '4')",0.9989680000000024
"('4', '1', '4', '4')",1.0000000000000002
"('4', '1', '5', '4')",1.0000000000000002
"('4', '1', '6', '4')",1.0000000000000002
"('4', '1', '7', '4')",1.0000000000000002
"('4', '1', '8', '4')",1.0000000000000002
"('4', '1', '9', '4')",1.0000000000000002
"('4', '1', '1', '5')",0.4523650000000011
"('4', '1', '2', '5')",0.9748735000000013
"('4', '1', '3', '5')",0.9995582125000007
"('4', '1', '4', '5')",1.0
"('4', '1', '5', '5')",0.9999999999999999
"('4', '1', '6', '5')",1.0
"('4', '1', '7', '5')",0.9999999999999999
"('4', '1', '8', '5')",0.9999999999999999
"('4', '1', '9', '5')",0.9999999999999999
"('4', '1', '1', '6')",0.5481549999999994
"('4', '1', '2', '6')",0.9956750000000039
"('4', '1', '3', '6')",0.9999834000000004
"('4', '1', '4', '6')",1.0
"('4', '1', '5', '6')",0.9999999999999999
"('4', '1', '6', '6')",1.0
"('4', '1', '7', '6')",1.0
"('4', '1', '8', '6')",1.0
"('4', '1', '9', '6')",1.0
"('4', '1', '1', '7')",0.681359999999996
"('4', '1', '2', '7')",1.0
"('4', '1', '3', '7')",1.0
"('4', '1', '4', '7')",1.0
"('4', '1', '5', '7')",1.0
"('4', '1', '6', '7')",1.0
"('4', '1', '7', '7')",1.0
"('4', '1', '8', '7')",1.0
"('4', '1', '9', '7')",1.0
"('4', '1', '1', '8')",0.919619999999997
"('4', '1', '2', '8')",1.0
"('4', '1', '3', '8')",1.0
"('4', '1', '4', '8')",1.0
"('4', '1', '5', '8')",1.0
"('4', '1', '6', '8')",1.0
"('4', '1', '7', '8')",1.0
"('4', '1', '8', '8')",1.0
"('4', '1', '9', '8')",1.0
"('4', '2', '1', '0')",0.32010000000000066
"('4', '2', '2', '0')",0.9033079999999986
"('4', '2', '3', '0')",1.0000000000000002
"('4', '2', '4', '0')",1.0000000000000002
"('4', '2', '5', '0')",1.0000000000000002
"('4', '2', '6', '0')",1.0
"('4', '2', '7', '0')",1.0
"('4', '2', '8', '0')",1.0000000000000002
"('4', '2', '9', '0')",1.0000000000000002
"('4', '2', '1', '1')",0.36800500000000014
"('4', '2', '2', '1')",0.9272402499999954
"('4', '2', '3', '1')",1.0
"('4', '2', '4', '1')",1.0
"('4', '2', '5', '1')",1.0
"('4', '2', '6', '1')",1.0
"('4', '2', '7', '1')",1.0
"('4', '2', '8', '1')",1.0
"('4', '2', '9', '1')",1.0
"('4', '2', '1', '2')",0.4197299999999985
"('4', '2', '2', '2')",0.9465069999999992
"('4', '2', '3', '2')",1.0
"('4', '2', '4', '2')",0.9999999999999999
"('4', '2', '5', '2')",1.0
"('4', '2', '6', '2')",1.0
"('4', '2', '7', '2')",1.0
"('4', '2', '8', '2')",1.0
"('4', '2', '9', '2')",1.0
"('4', '2', '1', '3')",0.4655550000000008
"('4', '2', '2', '3')",0.9645249999999981
"('4', '2', '3', '3')",1.0
"('4', '2', '4', '3')",0.9999999999999999
"('4', '2', '5', '3')",1.0
"('4', '2', '6', '3')",1.0
"('4', '2', '7', '3')",1.0
"('4', '2', '8', '3')",1.0
"('4', '2', '9', '3')",0.9999999999999999
"('4', '2', '1', '4')",0.5143100000000013
"('4', '2', '2', '4')",0.9785000000000014
"('4', '2', '3', '4')",1.0000000000000002
"('4', '2', '4', '4')",1.0
"('4', '2', '5', '4')",1.0000000000000002
"('4', '2', '6', '4')",1.0000000000000002
"('4', '2', '7', '4')",1.0
"('4', '2', '8', '4')",1.0
"('4', '2', '9', '4')",1.0000000000000002
"('4', '2', '1', '5')",0.5651650000000048
"('4', '2', '2', '5')",0.9888512499999996
"('4', '2', '3', '5')",0.9999999999999999
"('4', '2', '4', '5')",0.9999999999999999
"('4', '2', '5', '5')",1.0
"('4', '2', '6', '5')",0.9999999999999998
"('4', '2', '7', '5')",1.0
"('4', '2', '8', '5')",0.9999999999999999
"('4', '2', '9', '5')",0.9999999999999999
"('4', '2', '1', '6')",0.6488250000000026
"('4', '2', '2', '6')",0.9983187499999996
"('4', '2', '3', '6')",1.0
"('4', '2', '4', '6')",1.0
"('4', '2', '5', '6')",0.9999999999999999
"('4', '2', '6', '6')",1.0
"('4', '2', '7', '6')",0.9999999999999999
"('4', '2', '8', '6')",1.0
"('4', '2', '9', '6')",1.0
"('4', '2', '1', '7')",0.7631199999999995
"('4', '2', '2', '7')",1.0
"('4', '2', '3', '7')",1.0
"('4', '2', '4', '7')",1.0
"('4', '2', '5', '7')",1.0
"('4', '2', '6', '7')",1.0
"('4', '2', '7', '7')",1.0
"('4', '2', '8', '7')",1.0
"('4', '2', '9', '7')",1.0
"('4', '2', '1', '8')",0.9395599999999993
"('4', '2', '2', '8')",1.0
"('4', '2', '3', '8')",1.0
"('4', '2', '4', '8')",1.0
"('4', '2', '5', '8')",1.0
"('4', '2', '6', '8')",1.0
"('4', '2', '7', '8')",1.0
"('4', '2', '8', '8')",1.0
"('4', '2', '9', '8')",1.0
"('4', '3', '1', '0')",0.44524
"('4', '3', '2', '0')",0.9798080000000027
"('4', '3', '3', '0')",1.0
"('4', '3', '4', '0')",1.0
"('4', '3', '5', '0')",1.0
"('4', '3', '6', '0')",1.0
"('4', '3', '7', '0')",1.0
"('4', '3', '8', '0')",1.0000000000000002
"('4', '3', '9', '0')",1.0
"('4', '3', '1', '1')",0.4905600000000009
"('4', '3', '2', '1')",0.9842342500000004
"('4', '3', '3', '1')",1.0
"('4', '3', '4', '1')",1.0
"('4', '3', '5', '1')",1.0
"('4', '3', '6', '1')",1.0
"('4', '3', '7', '1')",1.0
"('4', '3', '8', '1')",1.0
"('4', '3', '9', '1')",1.0
"('4', '3', '1', '2')",0.5421899999999994
"('4', '3', '2', '2')",0.9888130000000012
"('4', '3', '3', '2')",1.0
"('4', '3', '4', '2')",1.0
"('4', '3', '5', '2')",1.0
"('4', '3', '6', '2')",1.0
"('4', '3', '7', '2')",1.0
"('4', '3', '8', '2')",1.0
"('4', '3', '9', '2')",0.9999999999999999
"('4', '3', '1', '3')",0.5854099999999997
"('4', '3', '2', '3')",0.9919187499999977
"('4', '3', '3', '3')",0.9999999999999999
"('4', '3', '4', '3')",1.0
"('4', '3', '5', '3')",1.0
"('4', '3', '6', '3')",0.9999999999999999
"('4', '3', '7', '3')",1.0
"('4', '3', '8', '3')",1.0
"('4', '3', '9', '3')",1.0
"('4', '3', '1', '4')",0.6337099999999978
"('4', '3', '2', '4')",0.9949120000000036
"('4', '3', '3', '4')",1.0000000000000002
"('4', '3', '4', '4')",1.0
"('4', '3', '5', '4')",1.0000000000000002
"('4', '3', '6', '4')",1.0000000000000002
"('4', '3', '7', '4')",1.0000000000000002
"('4', '3', '8', '4')",1.0
"('4', '3', '9', '4')",1.0
"('4', '3', '1', '5')",0.6812600000000008
"('4', '3', '2', '5')",0.9971154999999987
"('4', '3', '3', '5')",1.0
"('4', '3', '4', '5')",1.0
"('4', '3', '5', '5')",1.0
"('4', '3', '6', '5')",0.9999999999999999
"('4', '3', '7', '5')",0.9999999999999999
"('4', '3', '8', '5')",0.9999999999999999
"('4', '3', '9', '5')",0.9999999999999998
"('4', '3', '1', '6')",0.754010000000004
"('4', '3', '2', '6')",0.9996684999999967
"('4', '3', '3', '6')",1.0
"('4', '3', '4', '6')",0.9999999999999999
"('4', '3', '5', '6')",0.9999999999999998
"('4', '3', '6', '6')",0.9999999999999998
"('4', '3', '7', '6')",0.9999999999999999
"('4', '3', '8', '6')",0.9999999999999998
"('4', '3', '9', '6')",0.9999999999999999
"('4', '3', '1', '7')",0.8361199999999994
"('4', '3', '2', '7')",1.0
"('4', '3', '3', '7')",1.0
"('4', '3', '4', '7')",1.0
"('4', '3', '5', '7')",1.0
"('4', '3', '6', '7')",1.0
"('4', '3', '7', '7')",1.0
"('4', '3', '8', '7')",1.0
"('4', '3', '9', '7')",1.0
"('4', '3', '1', '8')",0.9592800000000007
"('4', '3', '2', '8')",1.0
"('4', '3', '3', '8')",1.0
"('4', '3', '4', '8')",1.0
"('4', '3', '5', '8')",1.0
"('4', '3', '6', '8')",1.0
"('4', '3', '7', '8')",1.0
"('4', '3', '8', '8')",1.0
"('4', '3', '9', '8')",1.0
"('5', '0', '1', '0')",0.0
"('5', '0', '2', '0')",0.3500000000000001
"('5', '0', '3', '0')",0.7920000000000001
"('5', '0', '4', '0')",0.9744000000000002
"('5', '0', '5', '0')",1.0000000000000002
"('5', '0', '6', '0')",1.0000000000000002
"('5', '0', '7', '0')",1.0000000000000002
"('5', '0', '8', '0')",1.0000000000000002
"('5', '0', '9', '0')",1.0000000000000002
"('5', '0', '1', '1')",0.0
"('5', '0', '2', '1')",0.4649999999999999
"('5', '0', '3', '1')",0.8652499999999997
"('5', '0', '4', '1')",0.9849937499999997
"('5', '0', '5', '1')",0.9999999999999997
"('5', '0', '6', '1')",0.9999999999999997
"('5', '0', '7', '1')",0.9999999999999997
"('5', '0', '8', '1')",0.9999999999999997
"('5', '0', '9', '1')",0.9999999999999997
"('5', '0', '1', '2')",0.0
"('5', '0', '2', '2')",0.5700000000000001
"('5', '0', '3', '2')",0.9190000000000003
"('5', '0', '4', '2')",0.9919000000000002
"('5', '0', '5', '2')",1.0000000000000002
"('5', '0', '6', '2')",1.0000000000000002
"('5', '0', '7', '2')",1.0000000000000002
"('5', '0', '8', '2')",1.0000000000000002
"('5', '0', '9', '2')",1.0000000000000002
"('5', '0', '1', '3')",0.0
"('5', '0', '2', '3')",0.6649999999999999
"('5', '0', '3', '3')",0.9562499999999998
"('5', '0', '4', '3')",0.99609375
"('5', '0', '5', '3')",1.0
"('5', '0', '6', '3')",1.0
"('5', '0', '7', '3')",1.0
"('5', '0', '8', '3')",1.0
"('5', '0', '9', '3')",1.0
"('5', '0', '1', '4')",0.0
"('5', '0', '2', '4')",0.75
"('5', '0', '3', '4')",0.9800000000000002
"('5', '0', '4', '4')",0.9984000000000002
"('5', '0', '5', '4')",1.0000000000000002
"('5', '0', '6', '4')",1.0000000000000002
"('5', '0', '7', '4')",1.0000000000000002
"('5', '0', '8', '4')",1.0000000000000002
"('5', '0', '9', '4')",1.0000000000000002
"('5', '0', '1', '5')",0.0
"('5', '0', '2', '5')",0.8249999999999998
"('5', '0', '3', '5')",0.9932499999999999
"('5', '0', '4', '5')",0.9994937500000001
"('5', '0', '5', '5')",1.0000000000000002
"('5', '0', '6', '5')",1.0000000000000002
"('5', '0', '7', '5')",1.0000000000000002
"('5', '0', '8', '5')",1.0000000000000002
"('5', '0', '9', '5')",1.0000000000000002
"('5', '0', '1', '6')",0.0
"('5', '0', '2', '6')",0.9450000000000001
"('5', '0', '3', '6')",0.9995000000000002
"('5', '0', '4', '6')",0.9999937500000001
"('5', '0', '5', '6')",1.0
"('5', '0', '6', '6')",1.0
"('5', '0', '7', '6')",1.0
"('5', '0', '8', '6')",1.0
"('5', '0', '9', '6')",1.0
"('5', '0', '1', '7')",0.0
"('5', '0', '2', '7')",1.0
"('5', '0', '3', '7')",1.0
"('5', '0', '4', '7')",1.0
"('5', '0', '5', '7')",1.0
"('5', '0', '6', '7')",1.0
"('5', '0', '7', '7')",1.0
"('5', '0', '8', '7')",1.0
"('5', '0', '9', '7')",1.0
"('5', '0', '1', '8')",0.0
"('5', '0', '2', '8')",1.0
"('5', '0', '3', '8')",1.0
"('5', '0', '4', '8')",1.0
"('5', '0', '5', '8')",1.0
"('5', '0', '6', '8')",1.0
"('5', '0', '7', '8')",1.0
"('5', '0', '8', '8')",1.0
"('5', '0', '9', '8')",1.0
"('5', '1', '1', '0')",0.07065999999999996
"('5', '1', '2', '0')",0.5139860000000012
"('5', '1', '3', '0')",0.9039760000000008
"('5', '1', '4', '0')",0.9974169600000028
"('5', '1', '5', '0')",1.0000000000000002
"('5', '1', '6', '0')",1.0000000000000002
"('5', '1', '7', '0')",1.0000000000000002
"('5', '1', '8', '0')",1.0000000000000004
"('5', '1', '9', '0')",1.0000000000000004
"('5', '1', '1', '1')",0.07929000000000001
"('5', '1', '2', '1')",0.6064200000000011
"('5', '1', '3', '1')",0.9377816375000011
"('5', '1', '4', '1')",0.9984948731250022
"('5', '1', '5', '1')",0.9999999999999997
"('5', '1', '6', '1')",0.9999999999999998
"('5', '1', '7', '1')",0.9999999999999999
"('5', '1', '8', '1')",0.9999999999999998
"('5', '1', '9', '1')",0.9999999999999999
"('5', '1', '1', '2')",0.08578999999999987
"('5', '1', '2', '2')",0.6927019999999979
"('5', '1', '3', '2')",0.9622341999999969
"('5', '1', '4', '2')",0.9991721800000011
"('5', '1', '5', '2')",1.0000000000000002
"('5', '1', '6', '2')",1.0000000000000002
"('5', '1', '7', '2')",1.0000000000000002
"('5', '1', '8', '2')",1.0
"('5', '1', '9', '2')",1.0000000000000002
"('5', '1', '1', '3')",0.09080000000000012
"('5', '1', '2', '3')",0.765762999999998
"('5', '1', '3', '3')",0.9791462500000012
"('5', '1', '4', '3')",0.9996191406249963
"('5', '1', '5', '3')",0.9999999999999999
"('5', '1', '6', '3')",1.0
"('5', '1', '7', '3')",1.0
"('5', '1', '8', '3')",1.0
"('5', '1', '9', '3')",1.0
"('5', '1', '1', '4')",0.09949999999999995
"('5', '1', '2', '4')",0.8305960000000013
"('5', '1', '3', '4')",0.9901692
"('5', '1', '4', '4')",0.9998436799999991
"('5', '1', '5', '4')",1.0000000000000002
"('5', '1', '6', '4')",1.0000000000000002
"('5', '1', '7', '4')",1.0000000000000002
"('5', '1', '8', '4')",1.0000000000000002
"('5', '1', '9', '4')",1.0000000000000002
"('5', '1', '1', '5')",0.10960500000000019
"('5', '1', '2', '5')",0.8848807500000011
"('5', '1', '3', '5')",0.9964678374999972
"('5', '1', '4', '5')",0.9999489193750022
"('5', '1', '5', '5')",0.9999999999999999
"('5', '1', '6', '5')",0.9999999999999999
"('5', '1', '7', '5')",1.0
"('5', '1', '8', '5')",1.0
"('5', '1', '9', '5')",0.9999999999999999
"('5', '1', '1', '6')",0.11893499999999982
"('5', '1', '2', '6')",0.9652834999999986
"('5', '1', '3', '6')",0.9997829375000006
"('5', '1', '4', '6')",0.9999993606250032
"('5', '1', '5', '6')",1.0
"('5', '1', '6', '6')",1.0
"('5', '1', '7', '6')",1.0
"('5', '1', '8', '6')",1.0
"('5', '1', '9', '6')",0.9999999999999999
"('5', '1', '1', '7')",0.12863999999999978
"('5', '1', '2', '7')",1.0
"('5', '1', '3', '7')",1.0
"('5', '1', '4', '7')",1.0
"('5', '1', '5', '7')",1.0
"('5', '1', '6', '7')",1.0
"('5', '1', '7', '7')",1.0
"('5', '1', '8', '7')",1.0
"('5', '1', '9', '7')",1.0
"('5', '1', '1', '8')",0.14730999999999994
"('5', '1', '2', '8')",1.0
"('5', '1', '3', '8')",1.0
"('5', '1', '4', '8')",1.0
"('5', '1', '5', '8')",1.0
"('5', '1', '6', '8')",1.0
"('5', '1', '7', '8')",1.0
"('5', '1', '8', '8')",1.0
"('5', '1', '9', '8')",1.0
"('5', '2', '1', '0')",0.14665000000000064
"('5', '2', '2', '0')",0.6726230000000026
"('5', '2', '3', '0')",0.9743007999999967
"('5', '2', '4', '0')",1.0000000000000004
"('5', '2', '5', '0')",1.0000000000000002
"('5', '2', '6', '0')",1.0000000000000002
"('5', '2', '7', '0')",1.0000000000000002
"('5', '2', '8', '0')",1.0
"('5', '2', '9', '0')",1.0
"('5', '2', '1', '1')",0.16143999999999958
"('5', '2', '2', '1')",0.7370135000000013
"('5', '2', '3', '1')",0.9830766250000025
"('5', '2', '4', '1')",1.0
"('5', '2', '5', '1')",1.0
"('5', '2', '6', '1')",0.9999999999999999
"('5', '2', '7', '1')",0.9999999999999999
"('5', '2', '8', '1')",0.9999999999999999
"('5', '2', '9', '1')",1.0
"('5', '2', '1', '2')",0.17708000000000057
"('5', '2', '2', '2')",0.7966580000000003
"('5', '2', '3', '2')",0.9894889000000019
"('5', '2', '4', '2')",1.0000000000000002
"('5', '2', '5', '2')",1.0
"('5', '2', '6', '2')",1.0000000000000002
"('5', '2', '7', '2')",1.0000000000000002
"('5', '2', '8', '2')",1.0000000000000004
"('5', '2', '9', '2')",1.0
"('5', '2', '1', '3')",0.18738499999999897
"('5', '2', '2', '3')",0.8505737499999975
"('5', '2', '3', '3')",0.993956874999997
"('5', '2', '4', '3')",1.0
"('5', '2', '5', '3')",1.0
"('5', '2', '6', '3')",1.0
"('5', '2', '7', '3')",1.0
"('5', '2', '8', '3')",1.0000000000000002
"('5', '2', '9', '3')",1.0
"('5', '2', '1', '4')",0.2004600000000004
"('5', '2', '2', '4')",0.8970559999999994
"('5', '2', '3', '4')",0.9971940000000019
"('5', '2', '4', '4')",1.0000000000000002
"('5', '2', '5', '4')",1.0
"('5', '2', '6', '4')",1.0000000000000002
"('5', '2', '7', '4')",1.0
"('5', '2', '8', '4')",1.0
"('5', '2', '9', '4')",1.0000000000000002
"('5', '2', '1', '5')",0.21856999999999954
"('5', '2', '2', '5')",0.9335005000000023
"('5', '2', '3', '5')",0.9989313624999965
"('5', '2', '4', '5')",0.9999999999999998
"('5', '2', '5', '5')",0.9999999999999999
"('5', '2', '6', '5')",1.0
"('5', '2', '7', '5')",0.9999999999999998
"('5', '2', '8', '5')",1.0
"('5', '2', '9', '5')",0.9999999999999998
"('5', '2', '1', '6')",0.23955499999999968
"('5', '2', '2', '6')",0.9809209999999946
"('5', '2', '3', '6')",0.9999436749999981
"('5', '2', '4', '6')",1.0000000000000002
"('5', '2', '5', '6')",1.0
"('5', '2', '6', '6')",1.0
"('5', '2', '7', '6')",1.0
"('5', '2', '8', '6')",1.0000000000000002
"('5', '2', '9', '6')",1.0
"('5', '2', '1', '7')",0.25520000000000065
"('5', '2', '2', '7')",1.0
"('5', '2', '3', '7')",1.0
"('5', '2', '4', '7')",1.0
"('5', '2', '5', '7')",1.0
"('5', '2', '6', '7')",1.0
"('5', '2', '7', '7')",1.0
"('5', '2', '8', '7')",1.0
"('5', '2', '9', '7')",1.0
"('5', '2', '1', '8')",0.29650999999999966
"('5', '2', '2', '8')",1.0
"('5', '2', '3', '8')",1.0
"('5', '2', '4', '8')",1.0
"('5', '2', '5', '8')",1.0
"('5', '2', '6', '8')",1.0
"('5', '2', '7', '8')",1.0
"('5', '2', '8', '8')",1.0
"('5', '2', '9', '8')",1.0
"('5', '3', '1', '0')",0.23757999999999926
"('5', '3', '2', '0')",0.8115549999999965
"('5', '3', '3', '0')",0.9971648000000021
"('5', '3', '4', '0')",1.0000000000000004
"('5', '3', '5', '0')",1.0000000000000002
"('5', '3', '6', '0')",1.0000000000000002
"('5', '3', '7', '0')",1.0000000000000002
"('5', '3', '8', '0')",1.0000000000000002
"('5', '3', '9', '0')",1.0000000000000002
"('5', '3', '1', '1')",0.252345000000001
"('5', '3', '2', '1')",0.8521684999999973
"('5', '3', '3', '1')",0.9981392250000002
"('5', '3', '4', '1')",0.9999999999999999
"('5', '3', '5', '1')",1.0
"('5', '3', '6', '1')",0.9999999999999999
"('5', '3', '7', '1')",1.0
"('5', '3', '8', '1')",0.9999999999999999
"('5', '3', '9', '1')",0.9999999999999999
"('5', '3', '1', '2')",0.27519
"('5', '3', '2', '2')",0.8893619999999997
"('5', '3', '3', '2')",0.9988984000000022
"('5', '3', '4', '2')",1.0
"('5', '3', '5', '2')",1.0000000000000002
"('5', '3', '6', '2')",1.0000000000000002
"('5', '3', '7', '2')",1.0
"('5', '3', '8', '2')",1.0
"('5', '3', '9', '2')",1.0000000000000002
"('5', '3', '1', '3')",0.28959500000000016
"('5', '3', '2', '3')",0.9216930000000012
"('5', '3', '3', '3')",0.9993187500000023
"('5', '3', '4', '3')",1.0
"('5', '3', '5', '3')",1.0
"('5', '3', '6', '3')",1.0
"('5', '3', '7', '3')",1.0
"('5', '3', '8', '3')",1.0
"('5', '3', '9', '3')",1.0
"('5', '3', '1', '4')",0.3119899999999986
"('5', '3', '2', '4')",0.947818999999998
"('5', '3', '3', '4')",0.9996495999999945
"('5', '3', '4', '4')",1.0
"('5', '3', '5', '4')",1.0000000000000002
"('5', '3', '6', '4')",1.0000000000000002
"('5', '3', '7', '4')",1.0
"('5', '3', '8', '4')",1.0000000000000002
"('5', '3', '9', '4')",1.0000000000000002
"('5', '3', '1', '5')",0.32404499999999875
"('5', '3', '2', '5')",0.9692775000000009
"('5', '3', '3', '5')",0.9998467749999966
"('5', '3', '4', '5')",0.9999999999999999
"('5', '3', '5', '5')",0.9999999999999999
"('5', '3', '6', '5')",0.9999999999999999
"('5', '3', '7', '5')",1.0
"('5', '3', '8', '5')",0.9999999999999998
"('5', '3', '9', '5')",0.9999999999999999
"('5', '3', '1', '6')",0.35885500000000076
"('5', '3', '2', '6')",0.9923960000000003
"('5', '3', '3', '6')",0.999993937499998
"('5', '3', '4', '6')",1.0
"('5', '3', '5', '6')",1.0
"('5', '3', '6', '6')",1.0
"('5', '3', '7', '6')",1.0
"('5', '3', '8', '6')",1.0000000000000002
"('5', '3', '9', '6')",1.0
"('5', '3', '1', '7')",0.3912799999999986
"('5', '3', '2', '7')",1.0
"('5', '3', '3', '7')",1.0
"('5', '3', '4', '7')",1.0
"('5', '3', '5', '7')",1.0
"('5', '3', '6', '7')",1.0
"('5', '3', '7', '7')",1.0
"('5', '3', '8', '7')",1.0
"('5', '3', '9', '7')",1.0
"('5', '3', '1', '8')",0.4322900000000016
"('5', '3', '2', '8')",1.0
"('5', '3', '3', '8')",1.0
"('5', '3', '4', '8')",1.0
"('5', '3', '5', '8')",1.0
"('5', '3', '6', '8')",1.0
"('5', '3', '7', '8')",1.0
"('5', '3', '8', '8')",1.0
"('5', '3', '9', '8')",1.0
"('5', '4', '1', '0')",0.34087999999999946
"('5', '4', '2', '0')",0.9180920000000016
"('5', '4', '3', '0')",1.0
"('5', '4', '4', '0')",1.0
"('5', '4', '5', '0')",1.0
"('5', '4', '6', '0')",1.0
"('5', '4', '7', '0')",1.0000000000000002
"('5', '4', '8', '0')",1.0
"('5', '4', '9', '0')",1.0
"('5', '4', '1', '1')",0.35762000000000116
"('5', '4', '2', '1')",0.9370437500000018
"('5', '4', '3', '1')",1.0
"('5', '4', '4', '1')",1.0
"('5', '4', '5', '1')",1.0
"('5', '4', '6', '1')",1.0
"('5', '4', '7', '1')",1.0
"('5', '4', '8', '1')",1.0
"('5', '4', '9', '1')",1.0
"('5', '4', '1', '2')",0.3837300000000002
"('5', '4', '2', '2')",0.9555489999999986
"('5', '4', '3', '2')",1.0
"('5', '4', '4', '2')",1.0
"('5', '4', '5', '2')",1.0000000000000002
"('5', '4', '6', '2')",0.9999999999999999
"('5', '4', '7', '2')",1.0000000000000002
"('5', '4', '8', '2')",1.0
"('5', '4', '9', '2')",1.0
"('5', '4', '1', '3')",0.40100999999999903
"('5', '4', '2', '3')",0.9702087499999984
"('5', '4', '3', '3')",1.0
"('5', '4', '4', '3')",1.0
"('5', '4', '5', '3')",1.0
"('5', '4', '6', '3')",1.0
"('5', '4', '7', '3')",1.0
"('5', '4', '8', '3')",1.0
"('5', '4', '9', '3')",1.0
"('5', '4', '1', '4')",0.42463999999999874
"('5', '4', '2', '4')",0.9821380000000063
"('5', '4', '3', '4')",1.0
"('5', '4', '4', '4')",1.0
"('5', '4', '5', '4')",1.0000000000000002
"('5', '4', '6', '4')",1.0
"('5', '4', '7', '4')",1.0000000000000002
"('5', '4', '8', '4')",1.0000000000000002
"('5', '4', '9', '4')",1.0
"('5', '4', '1', '5')",0.4417250000000005
"('5', '4', '2', '5')",0.9908724999999975
"('5', '4', '3', '5')",0.9999999999999999
"('5', '4', '4', '5')",0.9999999999999998
"('5', '4', '5', '5')",1.0
"('5', '4', '6', '5')",1.0
"('5', '4', '7', '5')",0.9999999999999999
"('5', '4', '8', '5')",0.9999999999999999
"('5', '4', '9', '5')",1.0
"('5', '4', '1', '6')",0.4785050000000002
"('5', '4', '2', '6')",0.9985492499999999
"('5', '4', '3', '6')",1.0
"('5', '4', '4', '6')",1.0
"('5', '4', '5', '6')",1.0
"('5', '4', '6', '6')",0.9999999999999999
"('5', '4', '7', '6')",0.9999999999999999
"('5', '4', '8', '6')",0.9999999999999999
"('5', '4', '9', '6')",0.9999999999999999
"('5', '4', '1', '7')",0.5193600000000007
"('5', '4', '2', '7')",1.0
"('5', '4', '3', '7')",1.0
"('5', '4', '4', '7')",1.0
"('5', '4', '5', '7')",1.0
"('5', '4', '6', '7')",1.0
"('5', '4', '7', '7')",1.0
"('5', '4', '8', '7')",1.0
"('5', '4', '9', '7')",1.0
"('5', '4', '1', '8')",0.5803799999999982
"('5', '4', '2', '8')",1.0
"('5', '4', '3', '8')",1.0
"('5', '4', '4', '8')",1.0
"('5', '4', '5', '8')",1.0
"('5', '4', '6', '8')",1.0
"('5', '4', '7', '8')",1.0
"('5', '4', '8', '8')",1.0
"('5', '4', '9', '8')",1.0
"('6', '0', '1', '0')",0.0
"('6', '0', '2', '0')",0.15000000000000002
"('6', '0', '3', '0')",0.5880000000000001
"('6', '0', '4', '0')",0.8976000000000002
"('6', '0', '5', '0')",0.9897600000000003
"('6', '0', '6', '0')",1.0000000000000002
"('6', '0', '7', '0')",1.0000000000000002
"('6', '0', '8', '0')",1.0000000000000002
"('6', '0', '9', '0')",1.0000000000000002
"('6', '0', '1', '1')",0.0
"('6', '0', '2', '1')",0.23500000000000001
"('6', '0', '3', '1')",0.70775
"('6', '0', '4', '1')",0.9421187499999999
"('6', '0', '5', '1')",0.9947478124999999
"('6', '0', '6', '1')",0.9999999999999999
"('6', '0', '7', '1')",0.9999999999999999
"('6', '0', '8', '1')",0.9999999999999999
"('6', '0', '9', '1')",0.9999999999999999
"('6', '0', '1', '2')",0.0
"('6', '0', '2', '2')",0.33000000000000007
"('6', '0', '3', '2')",0.802
"('6', '0', '4', '2')",0.9703
"('6', '0', '5', '2')",0.9975700000000001
"('6', '0', '6', '2')",1.0
"('6', '0', '7', '2')",1.0
"('6', '0', '8', '2')",1.0
"('6', '0', '9', '2')",1.0
"('6', '0', '1', '3')",0.0
"('6', '0', '2', '3')",0.43499999999999994
"('6', '0', '3', '3')",0.8737499999999998
"('6', '0', '4', '3')",0.98671875
"('6', '0', '5', '3')",0.9990234375
"('6', '0', '6', '3')",1.0
"('6', '0', '7', '3')",1.0
"('6', '0', '8', '3')",1.0
"('6', '0', '9', '3')",1.0
"('6', '0', '1', '4')",0.0
"('6', '0', '2', '4')",0.55
"('6', '0', '3', '4')",0.9260000000000004
"('6', '0', '4', '4')",0.9952000000000003
"('6', '0', '5', '4')",0.9996800000000002
"('6', '0', '6', '4')",1.0000000000000002
"('6', '0', '7', '4')",1.0000000000000002
"('6', '0', '8', '4')",1.0000000000000002
"('6', '0', '9', '4')",1.0000000000000002
"('6', '0', '1', '5')",0.0
"('6', '0', '2', '5')",0.6749999999999999
"('6', '0', '3', '5')",0.9617499999999998
"('6', '0', '4', '5')",0.9988187499999999
"('6', '0', '5', '5')",0.9999240625000001
"('6', '0', '6', '5')",1.0
"('6', '0', '7', '5')",1.0
"('6', '0', '8', '5')",1.0
"('6', '0', '9', '5')",1.0
"('6', '0', '1', '6')",0.0
"('6', '0', '2', '6')",0.8550000000000001
"('6', '0', '3', '6')",0.99575
"('6', '0', '4', '6')",0.99996875
"('6', '0', '5', '6')",0.9999996874999999
"('6', '0', '6', '6')",0.9999999999999998
"('6', '0', '7', '6')",0.9999999999999998
"('6', '0', '8', '6')",0.9999999999999998
"('6', '0', '9', '6')",0.9999999999999998
"('6', '0', '1', '7')",0.0
"('6', '0', '2', '7')",1.0
"('6', '0', '3', '7')",1.0
"('6', '0', '4', '7')",1.0
"('6', '0', '5', '7')",1.0
"('6', '0', '6', '7')",1.0
"('6', '0', '7', '7')",1.0
"('6', '0', '8', '7')",1.0
"('6', '0', '9', '7')",1.0
"('6', '0', '1', '8')",0.0
"('6', '0', '2', '8')",1.0
"('6', '0', '3', '8')",1.0
"('6', '0', '4', '8')",1.0
"('6', '0', '5', '8')",1.0
"('6', '0', '6', '8')",1.0
"('6', '0', '7', '8')",1.0
"('6', '0', '8', '8')",1.0
"('6', '0', '9', '8')",1.0
"('6', '1', '1', '0')",0.035470000000000036
"('6', '1', '2', '0')",0.29289299999999885
"('6', '1', '3', '0')",0.7417856000000018
"('6', '1', '4', '0')",0.9617657599999994
"('6', '1', '5', '0')",0.9991736319999989
"('6', '1', '6', '0')",1.0000000000000002
"('6', '1', '7', '0')",1.0000000000000002
"('6', '1', '8', '0')",1.0000000000000002
"('6', '1', '9', '0')",1.0000000000000002
"('6', '1', '1', '1')",0.04186000000000005
"('6', '1', '2', '1')",0.37674275000000007
"('6', '1', '3', '1')",0.8199443374999995
"('6', '1', '4', '1')",0.9782194999999981
"('6', '1', '5', '1')",0.9995546144999974
"('6', '1', '6', '1')",0.9999999999999998
"('6', '1', '7', '1')",0.9999999999999999
"('6', '1', '8', '1')",0.9999999999999999
"('6', '1', '9', '1')",1.0
"('6', '1', '1', '2')",0.04673999999999989
"('6', '1', '2', '2')",0.4638919999999996
"('6', '1', '3', '2')",0.8818665999999991
"('6', '1', '4', '2')",0.9887293899999965
"('6', '1', '5', '2')",0.9998046279999988
"('6', '1', '6', '2')",1.0000000000000002
"('6', '1', '7', '2')",1.0000000000000002
"('6', '1', '8', '2')",1.0
"('6', '1', '9', '2')",1.0
"('6', '1', '1', '3')",0.05357499999999993
"('6', '1', '2', '3')",0.5535124999999981
"('6', '1', '3', '3')",0.9259853749999991
"('6', '1', '4', '3')",0.9948503124999996
"('6', '1', '5', '3')",0.9999241210937503
"('6', '1', '6', '3')",0.9999999999999999
"('6', '1', '7', '3')",1.0
"('6', '1', '8', '3')",1.0
"('6', '1', '9', '3')",0.9999999999999999
"('6', '1', '1', '4')",0.05972000000000022
"('6', '1', '2', '4')",0.6481050000000041
"('6', '1', '3', '4')",0.9583999999999971
"('6', '1', '4', '4')",0.9980706400000013
"('6', '1', '5', '4')",0.999974527999998
"('6', '1', '6', '4')",1.0000000000000002
"('6', '1', '7', '4')",1.0000000000000002
"('6', '1', '8', '4')",1.0000000000000002
"('6', '1', '9', '4')",1.0000000000000002
"('6', '1', '1', '5')",0.0632799999999996
"('6', '1', '2', '5')",0.7481122499999979
"('6', '1', '3', '5')",0.9794842375000001
"('6', '1', '4', '5')",0.9994853799999975
"('6', '1', '5', '5')",0.9999940996562492
"('6', '1', '6', '5')",0.9999999999999999
"('6', '1', '7', '5')",1.0
"('6', '1', '8', '5')",1.0
"('6', '1', '9', '5')",1.0
"('6', '1', '1', '6')",0.07143000000000013
"('6', '1', '2', '6')",0.8923574999999997
"('6', '1', '3', '6')",0.9978348500000008
"('6', '1', '4', '6')",0.9999890912499975
"('6', '1', '5', '6')",0.9999999735937486
"('6', '1', '6', '6')",1.0
"('6', '1', '7', '6')",0.9999999999999998
"('6', '1', '8', '6')",1.0
"('6', '1', '9', '6')",1.0
"('6', '1', '1', '7')",0.08001999999999969
"('6', '1', '2', '7')",1.0
"('6', '1', '3', '7')",1.0
"('6', '1', '4', '7')",1.0
"('6', '1', '5', '7')",1.0
"('6', '1', '6', '7')",1.0
"('6', '1', '7', '7')",1.0
"('6', '1', '8', '7')",1.0
"('6', '1', '9', '7')",1.0
"('6', '1', '1', '8')",0.08082000000000006
"('6', '1', '2', '8')",1.0
"('6', '1', '3', '8')",1.0
"('6', '1', '4', '8')",1.0
"('6', '1', '5', '8')",1.0
"('6', '1', '6', '8')",1.0
"('6', '1', '7', '8')",1.0
"('6', '1', '8', '8')",1.0
"('6', '1', '9', '8')",1.0
"('6', '2', '1', '0')",0.07534999999999997
"('6', '2', '2', '0')",0.4378689999999995
"('6', '2', '3', '0')",0.8638463999999976
"('6', '2', '4', '0')",0.9921471999999969
"('6', '2', '5', '0')",1.0000000000000004
"('6', '2', '6', '0')",1.0000000000000004
"('6', '2', '7', '0')",1.0000000000000002
"('6', '2', '8', '0')",1.0000000000000002
"('6', '2', '9', '0')",1.0000000000000002
"('6', '2', '1', '1')",0.08761499999999961
"('6', '2', '2', '1')",0.5145262500000009
"('6', '2', '3', '1')",0.9061735749999958
"('6', '2', '4', '1')",0.9955913781250012
"('6', '2', '5', '1')",1.0
"('6', '2', '6', '1')",1.0
"('6', '2', '7', '1')",1.0
"('6', '2', '8', '1')",1.0
"('6', '2', '9', '1')",1.0
"('6', '2', '1', '2')",0.09658999999999972
"('6', '2', '2', '2')",0.5917380000000009
"('6', '2', '3', '2')",0.9386310999999999
"('6', '2', '4', '2')",0.9977160700000002
"('6', '2', '5', '2')",1.0000000000000004
"('6', '2', '6', '2')",1.0000000000000002
"('6', '2', '7', '2')",1.0000000000000002
"('6', '2', '8', '2')",1.0000000000000002
"('6', '2', '9', '2')",1.0
"('6', '2', '1', '3')",0.1094550000000006
"('6', '2', '2', '3')",0.6673667499999989
"('6', '2', '3', '3')",0.9629825625000008
"('6', '2', '4', '3')",0.9989331249999989
"('6', '2', '5', '3')",1.0
"('6', '2', '6', '3')",1.0
"('6', '2', '7', '3')",1.0
"('6', '2', '8', '3')",1.0
"('6', '2', '9', '3')",1.0
"('6', '2', '1', '4')",0.1205699999999998
"('6', '2', '2', '4')",0.7403070000000007
"('6', '2', '3', '4')",0.9802878000000012
"('6', '2', '4', '4')",0.9995859200000006
"('6', '2', '5', '4')",1.0000000000000002
"('6', '2', '6', '4')",1.0000000000000002
"('6', '2', '7', '4')",1.0000000000000002
"('6', '2', '8', '4')",1.0000000000000002
"('6', '2', '9', '4')",1.0000000000000002
"('6', '2', '1', '5')",0.1341450000000008
"('6', '2', '2', '5')",0.8178439999999999
"('6', '2', '3', '5')",0.9905700249999968
"('6', '2', '4', '5')",0.9998776731250041
"('6', '2', '5', '5')",1.0
"('6', '2', '6', '5')",1.0000000000000002
"('6', '2', '7', '5')",1.0
"('6', '2', '8', '5')",1.0
"('6', '2', '9', '5')",1.0
"('6', '2', '1', '6')",0.14722999999999997
"('6', '2', '2', '6')",0.9254800000000024
"('6', '2', '3', '6')",0.9991072874999992
"('6', '2', '4', '6')",0.9999979100000014
"('6', '2', '5', '6')",0.9999999999999999
"('6', '2', '6', '6')",1.0
"('6', '2', '7', '6')",0.9999999999999999
"('6', '2', '8', '6')",1.0000000000000002
"('6', '2', '9', '6')",0.9999999999999999
"('6', '2', '1', '7')",0.15914000000000042
"('6', '2', '2', '7')",1.0
"('6', '2', '3', '7')",1.0
"('6', '2', '4', '7')",1.0
"('6', '2', '5', '7')",1.0
"('6', '2', '6', '7')",1.0
"('6', '2', '7', '7')",1.0
"('6', '2', '8', '7')",1.0
"('6', '2', '9', '7')",1.0
"('6', '2', '1', '8')",0.16603000000000012
"('6', '2', '2', '8')",1.0
"('6', '2', '3', '8')",1.0
"('6', '2', '4', '8')",1.0
"('6', '2', '5', '8')",1.0
"('6', '2', '6', '8')",1.0
"('6', '2', '7', '8')",1.0
"('6', '2', '8', '8')",1.0
"('6', '2', '9', '8')",1.0
"('6', '3', '1', '0')",0.11977000000000028
"('6', '3', '2', '0')",0.5820129999999988
"('6', '3', '3', '0')",0.9443960000000013
"('6', '3', '4', '0')",0.9994367999999982
"('6', '3', '5', '0')",1.0
"('6', '3', '6', '0')",1.0
"('6', '3', '7', '0')",1.0000000000000002
"('6', '3', '8', '0')",1.0000000000000002
"('6', '3', '9', '0')",1.0000000000000002
"('6', '3', '1', '1')",0.1399100000000001
"('6', '3', '2', '1')",0.6458342500000015
"('6', '3', '3', '1')",0.9629602875000001
"('6', '3', '4', '1')",0.9996203418750023
"('6', '3', '5', '1')",1.0
"('6', '3', '6', '1')",0.9999999999999999
"('6', '3', '7', '1')",1.0
"('6', '3', '8', '1')",1.0
"('6', '3', '9', '1')",1.0
"('6', '3', '1', '2')",0.1506499999999998
"('6', '3', '2', '2')",0.707677999999997
"('6', '3', '3', '2')",0.9767125000000025
"('6', '3', '4', '2')",0.999829900000002
"('6', '3', '5', '2')",1.0
"('6', '3', '6', '2')",1.0000000000000004
"('6', '3', '7', '2')",1.0000000000000002
"('6', '3', '8', '2')",1.0000000000000004
"('6', '3', '9', '2')",1.0000000000000002
"('6', '3', '1', '3')",0.1713400000000001
"('6', '3', '2', '3')",0.7676149999999996
"('6', '3', '3', '3')",0.9863291249999985
"('6', '3', '4', '3')",0.9999156250000008
"('6', '3', '5', '3')",1.0
"('6', '3', '6', '3')",1.0
"('6', '3', '7', '3')",1.0
"('6', '3', '8', '3')",1.0
"('6', '3', '9', '3')",1.0
"('6', '3', '1', '4')",0.1876500000000002
"('6', '3', '2', '4')",0.8233620000000009
"('6', '3', '3', '4')",0.9928843999999994
"('6', '3', '4', '4')",0.9999662400000019
"('6', '3', '5', '4')",1.0000000000000002
"('6', '3', '6', '4')",1.0
"('6', '3', '7', '4')",1.0
"('6', '3', '8', '4')",1.0000000000000002
"('6', '3', '9', '4')",1.0000000000000004
"('6', '3', '1', '5')",0.20116000000000026
"('6', '3', '2', '5')",0.8777732499999984
"('6', '3', '3', '5')",0.9970056625000002
"('6', '3', '4', '5')",0.9999877993749974
"('6', '3', '5', '5')",0.9999999999999999
"('6', '3', '6', '5')",1.0
"('6', '3', '7', '5')",1.0
"('6', '3', '8', '5')",1.0
"('6', '3', '9', '5')",0.9999999999999999
"('6', '3', '1', '6')",0.22290000000000013
"('6', '3', '2', '6')",0.9534105000000007
"('6', '3', '3', '6')",0.9997448125000011
"('6', '3', '4', '6')",0.9999998518749994
"('6', '3', '5', '6')",1.0000000000000002
"('6', '3', '6', '6')",0.9999999999999999
"('6', '3', '7', '6')",1.0
"('6', '3', '8', '6')",1.0
"('6', '3', '9', '6')",1.0000000000000002
"('6', '3', '1', '7')",0.24088000000000034
"('6', '3', '2', '7')",1.0
"('6', '3', '3', '7')",1.0
"('6', '3', '4', '7')",1.0
"('6', '3', '5', '7')",1.0
"('6', '3', '6', '7')",1.0
"('6', '3', '7', '7')",1.0
"('6', '3', '8', '7')",1.0
"('6', '3', '9', '7')",1.0
"('6', '3', '1', '8')",0.24161999999999967
"('6', '3', '2', '8')",1.0
"('6', '3', '3', '8')",1.0
"('6', '3', '4', '8')",1.0
"('6', '3', '5', '8')",1.0
"('6', '3', '6', '8')",1.0
"('6', '3', '7', '8')",1.0
"('6', '3', '8', '8')",1.0
"('6', '3', '9', '8')",1.0
"('6', '4', '1', '0')",0.17015999999999942
"('6', '4', '2', '0')",0.7152590000000014
"('6', '4', '3', '0')",0.9859552000000008
"('6', '4', '4', '0')",1.0
"('6', '4', '5', '0')",1.0000000000000004
"('6', '4', '6', '0')",1.0000000000000002
"('6', '4', '7', '0')",1.0
"('6', '4', '8', '0')",1.0000000000000002
"('6', '4', '9', '0')",1.0
"('6', '4', '1', '1')",0.19065999999999947
"('6', '4', '2', '1')",0.7677930000000007
"('6', '4', '3', '1')",0.9910115624999991
"('6', '4', '4', '1')",1.0
"('6', '4', '5', '1')",0.9999999999999999
"('6', '4', '6', '1')",0.9999999999999999
"('6', '4', '7', '1')",1.0
"('6', '4', '8', '1')",1.0
"('6', '4', '9', '1')",1.0
"('6', '4', '1', '2')",0.20971000000000034
"('6', '4', '2', '2')",0.8154899999999995
"('6', '4', '3', '2')",0.9942409000000025
"('6', '4', '4', '2')",1.0000000000000002
"('6', '4', '5', '2')",1.0000000000000002
"('6', '4', '6', '2')",1.0000000000000002
"('6', '4', '7', '2')",1.0
"('6', '4', '8', '2')",1.0
"('6', '4', '9', '2')",1.0
"('6', '4', '1', '3')",0.22906500000000046
"('6', '4', '2', '3')",0.8562632499999975
"('6', '4', '3', '3')",0.996746875000004
"('6', '4', '4', '3')",1.0
"('6', '4', '5', '3')",0.9999999999999999
"('6', '4', '6', '3')",1.0
"('6', '4', '7', '3')",1.0
"('6', '4', '8', '3')",1.0
"('6', '4', '9', '3')",1.0
"('6', '4', '1', '4')",0.24842000000000028
"('6', '4', '2', '4')",0.8941449999999945
"('6', '4', '3', '4')",0.9984348000000003
"('6', '4', '4', '4')",1.0
"('6', '4', '5', '4')",1.0
"('6', '4', '6', '4')",1.0000000000000002
"('6', '4', '7', '4')",1.0000000000000002
"('6', '4', '8', '4')",1.0
"('6', '4', '9', '4')",1.0000000000000002
"('6', '4', '1', '5')",0.2709949999999997
"('6', '4', '2', '5')",0.9290449999999987
"('6', '4', '3', '5')",0.9994175874999985
"('6', '4', '4', '5')",0.9999999999999999
"('6', '4', '5', '5')",0.9999999999999998
"('6', '4', '6', '5')",0.9999999999999999
"('6', '4', '7', '5')",0.9999999999999999
"('6', '4', '8', '5')",0.9999999999999999
"('6', '4', '9', '5')",0.9999999999999998
"('6', '4', '1', '6')",0.30498500000000045
"('6', '4', '2', '6')",0.9757750000000004
"('6', '4', '3', '6')",0.9999685875000007
"('6', '4', '4', '6')",1.0
"('6', '4', '5', '6')",1.0
"('6', '4', '6', '6')",1.0
"('6', '4', '7', '6')",1.0
"('6', '4', '8', '6')",1.0
"('6', '4', '9', '6')",1.0
"('6', '4', '1', '7')",0.3161600000000001
"('6', '4', '2', '7')",1.0
"('6', '4', '3', '7')",1.0
"('6', '4', '4', '7')",1.0
"('6', '4', '5', '7')",1.0
"('6', '4', '6', '7')",1.0
"('6', '4', '7', '7')",1.0
"('6', '4', '8', '7')",1.0
"('6', '4', '9', '7')",1.0
"('6', '4', '1', '8')",0.31362000000000034
"('6', '4', '2', '8')",1.0
"('6', '4', '3', '8')",1.0
"('6', '4', '4', '8')",1.0
"('6', '4', '5', '8')",1.0
"('6', '4', '6', '8')",1.0
"('6', '4', '7', '8')",1.0
"('6', '4', '8', '8')",1.0
"('6', '4', '9', '8')",1.0
"('6', '5', '1', '0')",0.22235999999999925
"('6', '5', '2', '0')",0.831
"('6', '5', '3', '0')",0.9990272000000028
"('6', '5', '4', '0')",1.0000000000000004
"('6', '5', '5', '0')",1.0
"('6', '5', '6', '0')",1.0
"('6', '5', '7', '0')",1.0000000000000004
"('6', '5', '8', '0')",1.0000000000000004
"('6', '5', '9', '0')",1.0000000000000002
"('6', '5', '1', '1')",0.24767499999999978
"('6', '5', '2', '1')",0.8660397500000052
"('6', '5', '3', '1')",0.9993139999999993
"('6', '5', '4', '1')",0.9999999999999999
"('6', '5', '5', '1')",1.0
"('6', '5', '6', '1')",1.0
"('6', '5', '7', '1')",1.0
"('6', '5', '8', '1')",1.0
"('6', '5', '9', '1')",1.0
"('6', '5', '1', '2')",0.2726099999999992
"('6', '5', '2', '2')",0.899726000000002
"('6', '5', '3', '2')",0.9996085000000009
"('6', '5', '4', '2')",1.0000000000000002
"('6', '5', '5', '2')",1.0
"('6', '5', '6', '2')",1.0000000000000002
"('6', '5', '7', '2')",1.0
"('6', '5', '8', '2')",1.0
"('6', '5', '9', '2')",1.0
"('6', '5', '1', '3')",0.29353499999999966
"('6', '5', '2', '3')",0.9271950000000007
"('6', '5', '3', '3')",0.9997265624999988
"('6', '5', '4', '3')",1.0
"('6', '5', '5', '3')",1.0
"('6', '5', '6', '3')",0.9999999999999999
"('6', '5', '7', '3')",1.0
"('6', '5', '8', '3')",1.0
"('6', '5', '9', '3')",1.0
"('6', '5', '1', '4')",0.3168600000000025
"('6', '5', '2', '4')",0.949885
"('6', '5', '3', '4')",0.9998824000000003
"('6', '5', '4', '4')",1.0
"('6', '5', '5', '4')",1.0
"('6', '5', '6', '4')",1.0
"('6', '5', '7', '4')",1.0000000000000002
"('6', '5', '8', '4')",1.0
"('6', '5', '9', '4')",1.0000000000000002
"('6', '5', '1', '5')",0.34352000000000116
"('6', '5', '2', '5')",0.9682682500000022
"('6', '5', '3', '5')",0.9999459999999986
"('6', '5', '4', '5')",1.0
"('6', '5', '5', '5')",1.0
"('6', '5', '6', '5')",0.9999999999999999
"('6', '5', '7', '5')",0.9999999999999998
"('6', '5', '8', '5')",0.9999999999999999
"('6', '5', '9', '5')",0.9999999999999999
"('6', '5', '1', '6')",0.3794499999999996
"('6', '5', '2', '6')",0.991341999999999
"('6', '5', '3', '6')",0.9999981375000041
"('6', '5', '4', '6')",1.0
"('6', '5', '5', '6')",1.0
"('6', '5', '6', '6')",0.9999999999999998
"('6', '5', '7', '6')",1.0
"('6', '5', '8', '6')",1.0
"('6', '5', '9', '6')",1.0
"('6', '5', '1', '7')",0.39409999999999795
"('6', '5', '2', '7')",1.0
"('6', '5', '3', '7')",1.0
"('6', '5', '4', '7')",1.0
"('6', '5', '5', '7')",1.0
"('6', '5', '6', '7')",1.0
"('6', '5', '7', '7')",1.0
"('6', '5', '8', '7')",1.0
"('6', '5', '9', '7')",1.0
"('6', '5', '1', '8')",0.39876999999999924
"('6', '5', '2', '8')",1.0
"('6', '5', '3', '8')",1.0
"('6', '5', '4', '8')",1.0
"('6', '5', '5', '8')",1.0
"('6', '5', '6', '8')",1.0
"('6', '5', '7', '8')",1.0
"('6', '5', '8', '8')",1.0
"('6', '5', '9', '8')",1.0
"('7', '0', '1', '0')",0.0
"('7', '0', '2', '0')",0.05000000000000001
"('7', '0', '3', '0')",0.3690000000000001
"('7', '0', '4', '0')",0.7600000000000002
"('7', '0', '5', '0')",0.9513600000000003
"('7', '0', '6', '0')",0.9959040000000003
"('7', '0', '7', '0')",1.0000000000000004
"('7', '0', '8', '0')",1.0000000000000004
"('7', '0', '9', '0')",1.0000000000000004
"('7', '0', '1', '1')",0.0
"('7', '0', '2', '1')",0.0975
"('7', '0', '3', '1')",0.5057499999999999
"('7', '0', '4', '1')",0.8533062499999997
"('7', '0', '5', '1')",0.9759899999999997
"('7', '0', '6', '1')",0.9981617343749998
"('7', '0', '7', '1')",0.9999999999999998
"('7', '0', '8', '1')",0.9999999999999998
"('7', '0', '9', '1')",0.9999999999999998
"('7', '0', '1', '2')",0.0
"('7', '0', '2', '2')",0.16
"('7', '0', '3', '2')",0.6320000000000001
"('7', '0', '4', '2')",0.9163000000000002
"('7', '0', '5', '2')",0.9894700000000003
"('7', '0', '6', '2')",0.9992710000000002
"('7', '0', '7', '2')",1.0000000000000002
"('7', '0', '8', '2')",1.0000000000000002
"('7', '0', '9', '2')",1.0000000000000002
"('7', '0', '1', '3')",0.0
"('7', '0', '2', '3')",0.2375
"('7', '0', '3', '3')",0.7447499999999998
"('7', '0', '4', '3')",0.9564062499999999
"('7', '0', '5', '3')",0.9960937499999999
"('7', '0', '6', '3')",0.9997558593749999
"('7', '0', '7', '3')",0.9999999999999999
"('7', '0', '8', '3')",0.9999999999999999
"('7', '0', '9', '3')",0.9999999999999999
"('7', '0', '1', '4')",0.0
"('7', '0', '2', '4')",0.32999999999999996
"('7', '0', '3', '4')",0.8410000000000002
"('7', '0', '4', '4')",0.9800000000000002
"('7', '0', '5', '4')",0.9988800000000001
"('7', '0', '6', '4')",0.9999360000000002
"('7', '0', '7', '4')",1.0000000000000002
"('7', '0', '8', '4')",1.0000000000000002
"('7', '0', '9', '4')",1.0000000000000002
"('7', '0', '1', '5')",0.0
"('7', '0', '2', '5')",0.4375
"('7', '0', '3', '5')",0.91775
"('7', '0', '4', '5')",0.99240625
"('7', '0', '5', '5')",0.9997975000000001
"('7', '0', '6', '5')",0.999988609375
"('7', '0', '7', '5')",1.0
"('7', '0', '8', '5')",1.0
"('7', '0', '9', '5')",1.0
"('7', '0', '1', '6')",0.0
"('7', '0', '2', '6')",0.6075
"('7', '0', '3', '6')",0.9855
"('7', '0', '4', '6')",0.9997062500000001
"('7', '0', '5', '6')",0.999998125
"('7', '0', '6', '6')",0.9999999843749999
"('7', '0', '7', '6')",0.9999999999999999
"('7', '0', '8', '6')",0.9999999999999999
"('7', '0', '9', '6')",0.9999999999999999
"('7', '0', '1', '7')",0.0
"('7', '0', '2', '7')",0.84
"('7', '0', '3', '7')",1.0
"('7', '0', '4', '7')",1.0
"('7', '0', '5', '7')",1.0
"('7', '0', '6', '7')",1.0
"('7', '0', '7', '7')",1.0
"('7', '0', '8', '7')",1.0
"('7', '0', '9', '7')",1.0
"('7', '0', '1', '8')",0.0
"('7', '0', '2', '8')",0.9900000000000001
"('7', '0', '3', '8')",1.0
"('7', '0', '4', '8')",1.0
"('7', '0', '5', '8')",1.0
"('7', '0', '6', '8')",1.0
"('7', '0', '7', '8')",1.0
"('7', '0', '8', '8')",1.0
"('7', '0', '9', '8')",1.0
"('7', '1', '1', '0')",0.01386999999999994
"('7', '1', '2', '0')",0.15840599999999969
"('7', '1', '3', '0')",0.5389194999999996
"('7', '1', '4', '0')",0.872609280000001
"('7', '1', '5', '0')",0.9847836159999998
"('7', '1', '6', '0')",0.9997222912000011
"('7', '1', '7', '0')",1.0
"('7', '1', '8', '0')",1.0000000000000002
"('7', '1', '9', '0')",1.0000000000000002
"('7', '1', '1', '1')",0.017129999999999975
"('7', '1', '2', '1')",0.2096859999999997
"('7', '1', '3', '1')",0.6466617375000003
"('7', '1', '4', '1')",0.922879114375001
"('7', '1', '5', '1')",0.9924607849687495
"('7', '1', '6', '1')",0.999871321406249
"('7', '1', '7', '1')",1.0
"('7', '1', '8', '1')",1.0
"('7', '1', '9', '1')",1.0
"('7', '1', '1', '2')",0.024100000000000003
"('7', '1', '2', '2')",0.27613200000000065
"('7', '1', '3', '2')",0.7427041999999998
"('7', '1', '4', '2')",0.9571038399999986
"('7', '1', '5', '2')",0.9966466810000016
"('7', '1', '6', '2')",0.9999507924999981
"('7', '1', '7', '2')",1.0
"('7', '1', '8', '2')",1.0
"('7', '1', '9', '2')",1.0
"('7', '1', '1', '3')",0.030290000000000074
"('7', '1', '2', '3')",0.3536624999999998
"('7', '1', '3', '3')",0.8251488625000032
"('7', '1', '4', '3')",0.9783882812500015
"('7', '1', '5', '3')",0.9987427148437499
"('7', '1', '6', '3')",0.99998366699219
"('7', '1', '7', '3')",1.0
"('7', '1', '8', '3')",0.9999999999999999
"('7', '1', '9', '3')",0.9999999999999999
"('7', '1', '1', '4')",0.03226999999999999
"('7', '1', '2', '4')",0.44093599999999983
"('7', '1', '3', '4')",0.8928783999999991
"('7', '1', '4', '4')",0.9904898000000046
"('7', '1', '5', '4')",0.9996177759999972
"('7', '1', '6', '4')",0.9999955584000028
"('7', '1', '7', '4')",1.0000000000000004
"('7', '1', '8', '4')",1.0000000000000004
"('7', '1', '9', '4')",1.0000000000000004
"('7', '1', '1', '5')",0.03922000000000011
"('7', '1', '2', '5')",0.540994750000003
"('7', '1', '3', '5')",0.9448292375000023
"('7', '1', '4', '5')",0.9965621631249998
"('7', '1', '5', '5')",0.9999248927499991
"('7', '1', '6', '5')",0.9999992345499987
"('7', '1', '7', '5')",1.0
"('7', '1', '8', '5')",1.0
"('7', '1', '9', '5')",1.0000000000000002
"('7', '1', '1', '6')",0.04608000000000001
"('7', '1', '2', '6')",0.6909457500000036
"('7', '1', '3', '6')",0.9908494874999972
"('7', '1', '4', '6')",0.9998723556250004
"('7', '1', '5', '6')",0.9999994467500007
"('7', '1', '6', '6')",0.999999998985939
"('7', '1', '7', '6')",0.9999999999999998
"('7', '1', '8', '6')",0.9999999999999999
"('7', '1', '9', '6')",0.9999999999999999
"('7', '1', '1', '7')",0.05374000000000006
"('7', '1', '2', '7')",0.8816960000000001
"('7', '1', '3', '7')",1.0
"('7', '1', '4', '7')",1.0
"('7', '1', '5', '7')",1.0
"('7', '1', '6', '7')",1.0
"('7', '1', '7', '7')",1.0
"('7', '1', '8', '7')",1.0
"('7', '1', '9', '7')",1.0
"('7', '1', '1', '8')",0.06294999999999991
"('7', '1', '2', '8')",0.9927090000000002
"('7', '1', '3', '8')",1.0
"('7', '1', '4', '8')",1.0
"('7', '1', '5', '8')",1.0
"('7', '1', '6', '8')",1.0
"('7', '1', '7', '8')",1.0
"('7', '1', '8', '8')",1.0
"('7', '1', '9', '8')",1.0
"('7', '2', '1', '0')",0.029850000000000005
"('7', '2', '2', '0')",0.26789800000000025
"('7', '2', '3', '0')",0.6877022000000014
"('7', '2', '4', '0')",0.9446035199999983
"('7', '2', '5', '0')",0.9976263680000002
"('7', '2', '6', '0')",1.0000000000000002
"('7', '2', '7', '0')",1.0000000000000002
"('7', '2', '8', '0')",1.0000000000000002
"('7', '2', '9', '0')",1.0000000000000002
"('7', '2', '1', '1')",0.04044500000000007
"('7', '2', '2', '1')",0.3241634999999983
"('7', '2', '3', '1')",0.7675852249999996
"('7', '2', '4', '1')",0.9673385906249988
"('7', '2', '5', '1')",0.9988184078750001
"('7', '2', '6', '1')",1.0
"('7', '2', '7', '1')",1.0
"('7', '2', '8', '1')",1.0
"('7', '2', '9', '1')",1.0
"('7', '2', '1', '2')",0.05139999999999994
"('7', '2', '2', '2')",0.39190700000000017
"('7', '2', '3', '2')",0.8349489000000012
"('7', '2', '4', '2')",0.9820016199999965
"('7', '2', '5', '2')",0.999458190999999
"('7', '2', '6', '2')",1.0
"('7', '2', '7', '2')",1.0
"('7', '2', '8', '2')",1.0
"('7', '2', '9', '2')",1.0000000000000002
"('7', '2', '1', '3')",0.06197499999999988
"('7', '2', '2', '3')",0.46642725000000024
"('7', '2', '3', '3')",0.8905180124999991
"('7', '2', '4', '3')",0.9913035312499991
"('7', '2', '5', '3')",0.9997874023437507
"('7', '2', '6', '3')",1.0
"('7', '2', '7', '3')",1.0000000000000004
"('7', '2', '8', '3')",1.0
"('7', '2', '9', '3')",1.0000000000000002
"('7', '2', '1', '4')",0.07022999999999988
"('7', '2', '2', '4')",0.5466499999999993
"('7', '2', '3', '4')",0.9346608999999988
"('7', '2', '4', '4')",0.9962801200000022
"('7', '2', '5', '4')",0.9999365760000017
"('7', '2', '6', '4')",1.0000000000000004
"('7', '2', '7', '4')",1.0000000000000004
"('7', '2', '8', '4')",1.0000000000000002
"('7', '2', '9', '4')",1.0000000000000002
"('7', '2', '1', '5')",0.08185999999999985
"('7', '2', '2', '5')",0.6377852499999997
"('7', '2', '3', '5')",0.9667835625000024
"('7', '2', '4', '5')",0.9987222137500018
"('7', '2', '5', '5')",0.9999862122812504
"('7', '2', '6', '5')",1.0000000000000002
"('7', '2', '7', '5')",1.0
"('7', '2', '8', '5')",1.0
"('7', '2', '9', '5')",1.0000000000000002
"('7', '2', '1', '6')",0.09135500000000006
"('7', '2', '2', '6')",0.771142249999999
"('7', '2', '3', '6')",0.9948559375000036
"('7', '2', '4', '6')",0.9999575287500008
"('7', '2', '5', '6')",0.9999999148437502
"('7', '2', '6', '6')",1.0
"('7', '2', '7', '6')",1.0000000000000002
"('7', '2', '8', '6')",1.0
"('7', '2', '9', '6')",1.0
"('7', '2', '1', '7')",0.10887999999999994
"('7', '2', '2', '7')",0.9188160000000014
"('7', '2', '3', '7')",1.0
"('7', '2', '4', '7')",1.0
"('7', '2', '5', '7')",1.0
"('7', '2', '6', '7')",1.0
"('7', '2', '7', '7')",1.0
"('7', '2', '8', '7')",1.0
"('7', '2', '9', '7')",1.0
"('7', '2', '1', '8')",0.12318000000000001
"('7', '2', '2', '8')",0.9949439999999992
"('7', '2', '3', '8')",1.0
"('7', '2', '4', '8')",1.0
"('7', '2', '5', '8')",1.0
"('7', '2', '6', '8')",1.0
"('7', '2', '7', '8')",1.0
"('7', '2', '8', '8')",1.0
"('7', '2', '9', '8')",1.0
"('7', '3', '1', '0')",0.04743999999999998
"('7', '3', '2', '0')",0.3840140000000016
"('7', '3', '3', '0')",0.8115444000000014
"('7', '3', '4', '0')",0.9830951999999996
"('7', '3', '5', '0')",0.9998351360000011
"('7', '3', '6', '0')",1.0000000000000004
"('7', '3', '7', '0')",1.0
"('7', '3', '8', '0')",1.0000000000000002
"('7', '3', '9', '0')",1.0000000000000002
"('7', '3', '1', '1')",0.0647199999999998
"('7', '3', '2', '1')",0.4471554999999986
"('7', '3', '3', '1')",0.8639740374999998
"('7', '3', '4', '1')",0.9902807274999986
"('7', '3', '5', '1')",0.9999233180625039
"('7', '3', '6', '1')",1.0
"('7', '3', '7', '1')",1.0
"('7', '3', '8', '1')",1.0
"('7', '3', '9', '1')",1.0
"('7', '3', '1', '2')",0.08076999999999944
"('7', '3', '2', '2')",0.5079070000000024
"('7', '3', '3', '2')",0.9072118999999984
"('7', '3', '4', '2')",0.9947975500000027
"('7', '3', '5', '2')",0.9999718120000011
"('7', '3', '6', '2')",1.0
"('7', '3', '7', '2')",1.0000000000000004
"('7', '3', '8', '2')",1.0000000000000002
"('7', '3', '9', '2')",1.0000000000000002
"('7', '3', '1', '3')",0.09370499999999982
"('7', '3', '2', '3')",0.5760374999999978
"('7', '3', '3', '3')",0.9393552125000006
"('7', '3', '4', '3')",0.9974648906249981
"('7', '3', '5', '3')",0.9999878906249987
"('7', '3', '6', '3')",1.0
"('7', '3', '7', '3')",1.0
"('7', '3', '8', '3')",1.0
"('7', '3', '9', '3')",1.0000000000000002
"('7', '3', '1', '4')",0.10941000000000004
"('7', '3', '2', '4')",0.6465130000000006
"('7', '3', '3', '4')",0.9650172999999985
"('7', '3', '4', '4')",0.9989959200000019
"('7', '3', '5', '4')",0.9999951360000018
"('7', '3', '6', '4')",1.0000000000000004
"('7', '3', '7', '4')",1.0000000000000002
"('7', '3', '8', '4')",1.0
"('7', '3', '9', '4')",1.0000000000000004
"('7', '3', '1', '5')",0.12907999999999933
"('7', '3', '2', '5')",0.7214117499999996
"('7', '3', '3', '5')",0.982447637499997
"('7', '3', '4', '5')",0.9996786549999966
"('7', '3', '5', '5')",0.9999990811562512
"('7', '3', '6', '5')",1.0
"('7', '3', '7', '5')",1.0000000000000004
"('7', '3', '8', '5')",1.0000000000000002
"('7', '3', '9', '5')",1.0000000000000002
"('7', '3', '1', '6')",0.14661500000000033
"('7', '3', '2', '6')",0.8351352499999993
"('7', '3', '3', '6')",0.9975168249999984
"('7', '3', '4', '6')",0.9999906306250014
"('7', '3', '5', '6')",0.9999999956874999
"('7', '3', '6', '6')",1.0
"('7', '3', '7', '6')",1.0000000000000002
"('7', '3', '8', '6')",1.0
"('7', '3', '9', '6')",1.0
"('7', '3', '1', '7')",0.1730199999999994
"('7', '3', '2', '7')",0.9476480000000005
"('7', '3', '3', '7')",1.0
"('7', '3', '4', '7')",1.0
"('7', '3', '5', '7')",1.0
"('7', '3', '6', '7')",1.0
"('7', '3', '7', '7')",1.0
"('7', '3', '8', '7')",1.0
"('7', '3', '9', '7')",1.0
"('7', '3', '1', '8')",0.19095999999999996
"('7', '3', '2', '8')",0.9968359999999953
"('7', '3', '3', '8')",1.0
"('7', '3', '4', '8')",1.0
"('7', '3', '5', '8')",1.0
"('7', '3', '6', '8')",1.0
"('7', '3', '7', '8')",1.0
"('7', '3', '8', '8')",1.0
"('7', '3', '9', '8')",1.0
"('7', '4', '1', '0')",0.06825999999999977
"('7', '4', '2', '0')",0.5063010000000007
"('7', '4', '3', '0')",0.9039575000000015
"('7', '4', '4', '0')",0.9971168000000009
"('7', '4', '5', '0')",1.0
"('7', '4', '6', '0')",1.0000000000000004
"('7', '4', '7', '0')",1.0000000000000002
"('7', '4', '8', '0')",1.0000000000000002
"('7', '4', '9', '0')",1.0000000000000004
"('7', '4', '1', '1')",0.09317000000000021
"('7', '4', '2', '1')",0.5629620000000032
"('7', '4', '3', '1')",0.9331076749999991
"('7', '4', '4', '1')",0.9983435243750005
"('7', '4', '5', '1')",1.0
"('7', '4', '6', '1')",1.0
"('7', '4', '7', '1')",1.0
"('7', '4', '8', '1')",1.0
"('7', '4', '9', '1')",1.0
"('7', '4', '1', '2')",0.11172000000000008
"('7', '4', '2', '2')",0.6211970000000001
"('7', '4', '3', '2')",0.9557964999999997
"('7', '4', '4', '2')",0.9990795699999995
"('7', '4', '5', '2')",1.0000000000000004
"('7', '4', '6', '2')",1.0000000000000004
"('7', '4', '7', '2')",1.0000000000000002
"('7', '4', '8', '2')",1.0
"('7', '4', '9', '2')",1.0
"('7', '4', '1', '3')",0.13441999999999918
"('7', '4', '2', '3')",0.680268500000001
"('7', '4', '3', '3')",0.9728444749999986
"('7', '4', '4', '3')",0.9995725781249969
"('7', '4', '5', '3')",1.0
"('7', '4', '6', '3')",1.0
"('7', '4', '7', '3')",1.0
"('7', '4', '8', '3')",1.0
"('7', '4', '9', '3')",1.0
"('7', '4', '1', '4')",0.1579100000000003
"('7', '4', '2', '4')",0.737804
"('7', '4', '3', '4')",0.9844220999999972
"('7', '4', '4', '4')",0.9998471199999992
"('7', '4', '5', '4')",1.0000000000000002
"('7', '4', '6', '4')",1.0000000000000004
"('7', '4', '7', '4')",1.0000000000000004
"('7', '4', '8', '4')",1.0000000000000004
"('7', '4', '9', '4')",1.0000000000000002
"('7', '4', '1', '5')",0.17779499999999968
"('7', '4', '2', '5')",0.8011867500000045
"('7', '4', '3', '5')",0.9926403249999997
"('7', '4', '4', '5')",0.9999548087499978
"('7', '4', '5', '5')",1.0
"('7', '4', '6', '5')",1.0
"('7', '4', '7', '5')",0.9999999999999999
"('7', '4', '8', '5')",1.0
"('7', '4', '9', '5')",1.0
"('7', '4', '1', '6')",0.19948500000000013
"('7', '4', '2', '6')",0.8934762500000006
"('7', '4', '3', '6')",0.9991401750000001
"('7', '4', '4', '6')",0.9999992281249978
"('7', '4', '5', '6')",1.0
"('7', '4', '6', '6')",1.0000000000000002
"('7', '4', '7', '6')",1.0000000000000004
"('7', '4', '8', '6')",1.0
"('7', '4', '9', '6')",1.0000000000000002
"('7', '4', '1', '7')",0.23512000000000038
"('7', '4', '2', '7')",0.9724159999999996
"('7', '4', '3', '7')",1.0
"('7', '4', '4', '7')",1.0
"('7', '4', '5', '7')",1.0
"('7', '4', '6', '7')",1.0
"('7', '4', '7', '7')",1.0
"('7', '4', '8', '7')",1.0
"('7', '4', '9', '7')",1.0
"('7', '4', '1', '8')",0.2595199999999998
"('7', '4', '2', '8')",0.9983159999999984
"('7', '4', '3', '8')",1.0
"('7', '4', '4', '8')",1.0
"('7', '4', '5', '8')",1.0
"('7', '4', '6', '8')",1.0
"('7', '4', '7', '8')",1.0
"('7', '4', '8', '8')",1.0
"('7', '4', '9', '8')",1.0
"('7', '5', '1', '0')",0.09623999999999985
"('7', '5', '2', '0')",0.6276999999999984
"('7', '5', '3', '0')",0.9624775999999987
"('7', '5', '4', '0')",0.9998259199999988
"('7', '5', '5', '0')",1.0000000000000002
"('7', '5', '6', '0')",1.0
"('7', '5', '7', '0')",1.0000000000000002
"('7', '5', '8', '0')",1.0000000000000002
"('7', '5', '9', '0')",1.0
"('7', '5', '1', '1')",0.12360000000000013
"('7', '5', '2', '1')",0.6795915000000026
"('7', '5', '3', '1')",0.9747058500000013
"('7', '5', '4', '1')",0.9999009587500012
"('7', '5', '5', '1')",1.0
"('7', '5', '6', '1')",1.0
"('7', '5', '7', '1')",1.0
"('7', '5', '8', '1')",0.9999999999999999
"('7', '5', '9', '1')",0.9999999999999999
"('7', '5', '1', '2')",0.14944999999999986
"('7', '5', '2', '2')",0.7280480000000006
"('7', '5', '3', '2')",0.9846571000000016
"('7', '5', '4', '2')",0.9999497799999992
"('7', '5', '5', '2')",1.0
"('7', '5', '6', '2')",1.0
"('7', '5', '7', '2')",1.0000000000000002
"('7', '5', '8', '2')",1.0000000000000004
"('7', '5', '9', '2')",1.0000000000000002
"('7', '5', '1', '3')",0.1764900000000004
"('7', '5', '2', '3')",0.7730539999999991
"('7', '5', '3', '3')",0.9909471249999989
"('7', '5', '4', '3')",0.9999710937499998
"('7', '5', '5', '3')",0.9999999999999999
"('7', '5', '6', '3')",1.0
"('7', '5', '7', '3')",1.0
"('7', '5', '8', '3')",1.0
"('7', '5', '9', '3')",1.0
"('7', '5', '1', '4')",0.2013099999999991
"('7', '5', '2', '4')",0.8230719999999968
"('7', '5', '3', '4')",0.9951659999999986
"('7', '5', '4', '4')",0.9999891199999962
"('7', '5', '5', '4')",1.0000000000000002
"('7', '5', '6', '4')",1.0
"('7', '5', '7', '4')",1.0000000000000002
"('7', '5', '8', '4')",1.0000000000000004
"('7', '5', '9', '4')",1.0000000000000002
"('7', '5', '1', '5')",0.23171499999999887
"('7', '5', '2', '5')",0.8721889999999972
"('7', '5', '3', '5')",0.9979007125000003
"('7', '5', '4', '5')",0.9999969624999979
"('7', '5', '5', '5')",0.9999999999999999
"('7', '5', '6', '5')",1.0
"('7', '5', '7', '5')",0.9999999999999999
"('7', '5', '8', '5')",0.9999999999999999
"('7', '5', '9', '5')",1.0
"('7', '5', '1', '6')",0.2627649999999987
"('7', '5', '2', '6')",0.9388220000000022
"('7', '5', '3', '6')",0.9998217749999998
"('7', '5', '4', '6')",0.9999999643749974
"('7', '5', '5', '6')",1.0000000000000004
"('7', '5', '6', '6')",1.0000000000000002
"('7', '5', '7', '6')",1.0
"('7', '5', '8', '6')",1.0
"('7', '5', '9', '6')",1.0
"('7', '5', '1', '7')",0.29864000000000085
"('7', '5', '2', '7')",0.9890880000000027
"('7', '5', '3', '7')",1.0
"('7', '5', '4', '7')",1.0
"('7', '5', '5', '7')",1.0
"('7', '5', '6', '7')",1.0
"('7', '5', '7', '7')",1.0
"('7', '5', '8', '7')",1.0
"('7', '5', '9', '7')",1.0
"('7', '5', '1', '8')",0.33604000000000017
"('7', '5', '2', '8')",0.9993249999999995
"('7', '5', '3', '8')",1.0
"('7', '5', '4', '8')",1.0
"('7', '5', '5', '8')",1.0
"('7', '5', '6', '8')",1.0
"('7', '5', '7', '8')",1.0
"('7', '5', '8', '8')",1.0
"('7', '5', '9', '8')",1.0
"('7', '6', '1', '0')",0.12714999999999985
"('7', '6', '2', '0')",0.7424959999999993
"('7', '6', '3', '0')",0.9920144000000024
"('7', '6', '4', '0')",1.0
"('7', '6', '5', '0')",1.0000000000000002
"('7', '6', '6', '0')",1.0000000000000002
"('7', '6', '7', '0')",1.0000000000000002
"('7', '6', '8', '0')",1.0000000000000004
"('7', '6', '9', '0')",1.0
"('7', '6', '1', '1')",0.160815
"('7', '6', '2', '1')",0.7818437500000002
"('7', '6', '3', '1')",0.9947031000000014
"('7', '6', '4', '1')",0.9999999999999999
"('7', '6', '5', '1')",1.0
"('7', '6', '6', '1')",1.0
"('7', '6', '7', '1')",1.0
"('7', '6', '8', '1')",0.9999999999999998
"('7', '6', '9', '1')",1.0
"('7', '6', '1', '2')",0.1941399999999999
"('7', '6', '2', '2')",0.8201789999999973
"('7', '6', '3', '2')",0.9966294999999975
"('7', '6', '4', '2')",1.0
"('7', '6', '5', '2')",1.0000000000000002
"('7', '6', '6', '2')",1.0
"('7', '6', '7', '2')",1.0
"('7', '6', '8', '2')",1.0
"('7', '6', '9', '2')",1.0000000000000002
"('7', '6', '1', '3')",0.22415499999999966
"('7', '6', '2', '3')",0.8626974999999977
"('7', '6', '3', '3')",0.9981121874999994
"('7', '6', '4', '3')",1.0
"('7', '6', '5', '3')",1.0
"('7', '6', '6', '3')",1.0
"('7', '6', '7', '3')",1.0
"('7', '6', '8', '3')",1.0
"('7', '6', '9', '3')",1.0
"('7', '6', '1', '4')",0.2543199999999995
"('7', '6', '2', '4')",0.8949220000000014
"('7', '6', '3', '4')",0.9990400000000019
"('7', '6', '4', '4')",1.0
"('7', '6', '5', '4')",1.0
"('7', '6', '6', '4')",1.0
"('7', '6', '7', '4')",1.0000000000000004
"('7', '6', '8', '4')",1.0000000000000002
"('7', '6', '9', '4')",1.0000000000000004
"('7', '6', '1', '5')",0.2877550000000009
"('7', '6', '2', '5')",0.9265862499999992
"('7', '6', '3', '5')",0.9996274000000008
"('7', '6', '4', '5')",0.9999999999999999
"('7', '6', '5', '5')",1.0
"('7', '6', '6', '5')",1.0
"('7', '6', '7', '5')",1.0
"('7', '6', '8', '5')",1.0
"('7', '6', '9', '5')",1.0
"('7', '6', '1', '6')",0.33230499999999974
"('7', '6', '2', '6')",0.9728037499999985
"('7', '6', '3', '6')",0.9999834624999975
"('7', '6', '4', '6')",1.0000000000000002
"('7', '6', '5', '6')",1.0000000000000002
"('7', '6', '6', '6')",1.0000000000000002
"('7', '6', '7', '6')",1.0
"('7', '6', '8', '6')",1.0
"('7', '6', '9', '6')",0.9999999999999999
"('7', '6', '1', '7')",0.37720000000000037
"('7', '6', '2', '7')",1.0
"('7', '6', '3', '7')",1.0
"('7', '6', '4', '7')",1.0
"('7', '6', '5', '7')",1.0
"('7', '6', '6', '7')",1.0
"('7', '6', '7', '7')",1.0
"('7', '6', '8', '7')",1.0
"('7', '6', '9', '7')",1.0
"('7', '6', '1', '8')",0.38882999999999973
"('7', '6', '2', '8')",1.0
"('7', '6', '3', '8')",1.0
"('7', '6', '4', '8')",1.0
"('7', '6', '5', '8')",1.0
"('7', '6', '6', '8')",1.0
"('7', '6', '7', '8')",1.0
"('7', '6', '8', '8')",1.0
"('7', '6', '9', '8')",1.0
"('8', '0', '1', '0')",0.0
"('8', '0', '2', '0')",0.010000000000000002
"('8', '0', '3', '0')",0.19500000000000006
"('8', '0', '4', '0')",0.5760000000000001
"('8', '0', '5', '0')",0.8681600000000002
"('8', '0', '6', '0')",0.9774720000000001
"('8', '0', '7', '0')",0.9983616000000002
"('8', '0', '8', '0')",1.0000000000000002
"('8', '0', '9', '0')",1.0000000000000002
"('8', '0', '1', '1')",0.0
"('8', '0', '2', '1')",0.0225
"('8', '0', '3', '1')",0.31449999999999995
"('8', '0', '4', '1')",0.71383125
"('8', '0', '5', '1')",0.9304353125000001
"('8', '0', '6', '1')",0.9902834531250003
"('8', '0', '7', '1')",0.9993566070312503
"('8', '0', '8', '1')",1.0000000000000004
"('8', '0', '9', '1')",1.0000000000000004
"('8', '0', '1', '2')",0.0
"('8', '0', '2', '2')",0.04000000000000001
"('8', '0', '3', '2')",0.44300000000000006
"('8', '0', '4', '2')",0.8203000000000003
"('8', '0', '5', '2')",0.9665200000000004
"('8', '0', '6', '2')",0.9963550000000003
"('8', '0', '7', '2')",0.9997813000000002
"('8', '0', '8', '2')",1.0000000000000002
"('8', '0', '9', '2')",1.0000000000000002
"('8', '0', '1', '3')",0.0
"('8', '0', '2', '3')",0.0625
"('8', '0', '3', '3')",0.573
"('8', '0', '4', '3')",0.89803125
"('8', '0', '5', '3')",0.9857421874999999
"('8', '0', '6', '3')",0.9988769531249999
"('8', '0', '7', '3')",0.99993896484375
"('8', '0', '8', '3')",1.0
"('8', '0', '9', '3')",1.0
"('8', '0', '1', '4')",0.0
"('8', '0', '2', '4')",0.09
"('8', '0', '3', '4')",0.6970000000000001
"('8', '0', '4', '4')",0.9504000000000001
"('8', '0', '5', '4')",0.99488
"('8', '0', '6', '4')",0.999744
"('8', '0', '7', '4')",0.9999871999999999
"('8', '0', '8', '4')",0.9999999999999998
"('8', '0', '9', '4')",0.9999999999999998
"('8', '0', '1', '5')",0.0
"('8', '0', '2', '5')",0.12249999999999998
"('8', '0', '3', '5')",0.8075
"('8', '0', '4', '5')",0.98153125
"('8', '0', '5', '5')",0.9985740624999999
"('8', '0', '6', '5')",0.9999658281249998
"('8', '0', '7', '5')",0.9999982914062499
"('8', '0', '8', '5')",0.9999999999999999
"('8', '0', '9', '5')",0.9999999999999999
"('8', '0', '1', '6')",0.0
"('8', '0', '2', '6')",0.2025
"('8', '0', '3', '6')",0.9450000000000001
"('8', '0', '4', '6')",0.9987812500000003
"('8', '0', '5', '6')",0.9999809375000003
"('8', '0', '6', '6')",0.9999998906250004
"('8', '0', '7', '6')",0.9999999992187506
"('8', '0', '8', '6')",1.0000000000000007
"('8', '0', '9', '6')",1.0000000000000007
"('8', '0', '1', '7')",0.0
"('8', '0', '2', '7')",0.36
"('8', '0', '3', '7')",1.0
"('8', '0', '4', '7')",1.0
"('8', '0', '5', '7')",1.0
"('8', '0', '6', '7')",1.0
"('8', '0', '7', '7')",1.0
"('8', '0', '8', '7')",1.0
"('8', '0', '9', '7')",1.0
"('8', '0', '1', '8')",0.0
"('8', '0', '2', '8')",0.81
"('8', '0', '3', '8')",1.0
"('8', '0', '4', '8')",1.0
"('8', '0', '5', '8')",1.0
"('8', '0', '6', '8')",1.0
"('8', '0', '7', '8')",1.0
"('8', '0', '8', '8')",1.0
"('8', '0', '9', '8')",1.0
"('8', '1', '1', '0')",0.005809999999999975
"('8', '1', '2', '0')",0.07319000000000013
"('8', '1', '3', '0')",0.3493123000000001
"('8', '1', '4', '0')",0.7283230000000033
"('8', '1', '5', '0')",0.9392231680000035
"('8', '1', '6', '0')",0.9939976192000017
"('8', '1', '7', '0')",0.9999069388800005
"('8', '1', '8', '0')",1.0000000000000004
"('8', '1', '9', '0')",1.0
"('8', '1', '1', '1')",0.008040000000000016
"('8', '1', '2', '1')",0.10275699999999967
"('8', '1', '3', '1')",0.4606607500000009
"('8', '1', '4', '1')",0.8218318874999985
"('8', '1', '5', '1')",0.9684589526562493
"('8', '1', '6', '1')",0.9973726457250006
"('8', '1', '7', '1')",0.999962490189922
"('8', '1', '8', '1')",1.0
"('8', '1', '9', '1')",1.0
"('8', '1', '1', '2')",0.011440000000000025
"('8', '1', '2', '2')",0.13410400000000022
"('8', '1', '3', '2')",0.5720301999999974
"('8', '1', '4', '2')",0.8904990400000024
"('8', '1', '5', '2')",0.9851257540000037
"('8', '1', '6', '2')",0.9989994231999988
"('8', '1', '7', '2')",0.9999886276000018
"('8', '1', '8', '2')",0.9999999999999999
"('8', '1', '9', '2')",1.0
"('8', '1', '1', '3')",0.014524999999999948
"('8', '1', '2', '3')",0.16718800000000034
"('8', '1', '3', '3')",0.6782163124999974
"('8', '1', '4', '3')",0.9387873593749978
"('8', '1', '5', '3')",0.9937753867187485
"('8', '1', '6', '3')",0.9996809375000018
"('8', '1', '7', '3')",0.999996508789063
"('8', '1', '8', '3')",1.0
"('8', '1', '9', '3')",0.9999999999999999
"('8', '1', '1', '4')",0.016739999999999956
"('8', '1', '2', '4')",0.20992200000000014
"('8', '1', '3', '4')",0.7771982000000024
"('8', '1', '4', '4')",0.970831499999999
"('8', '1', '5', '4')",0.9978630960000041
"('8', '1', '6', '4')",0.9999244928000035
"('8', '1', '7', '4')",0.9999992768000006
"('8', '1', '8', '4')",1.0000000000000002
"('8', '1', '9', '4')",1.0
"('8', '1', '1', '5')",0.020789999999999986
"('8', '1', '2', '5')",0.25330700000000106
"('8', '1', '3', '5')",0.862740162499998
"('8', '1', '4', '5')",0.9892098268750028
"('8', '1', '5', '5')",0.9994421276874996
"('8', '1', '6', '5')",0.9999889689390608
"('8', '1', '7', '5')",0.9999999070524971
"('8', '1', '8', '5')",1.0000000000000002
"('8', '1', '9', '5')",1.0000000000000004
"('8', '1', '1', '6')",0.026820000000000052
"('8', '1', '2', '6')",0.3444789999999988
"('8', '1', '3', '6')",0.9627138999999993
"('8', '1', '4', '6')",0.9993383987500006
"('8', '1', '5', '6')",0.9999928278750004
"('8', '1', '6', '6')",0.9999999724640614
"('8', '1', '7', '6')",0.9999999999555459
"('8', '1', '8', '6')",1.0
"('8', '1', '9', '6')",1.0000000000000002
"('8', '1', '1', '7')",0.03546000000000012
"('8', '1', '2', '7')",0.4938320000000006
"('8', '1', '3', '7')",1.0
"('8', '1', '4', '7')",1.0
"('8', '1', '5', '7')",1.0
"('8', '1', '6', '7')",1.0
"('8', '1', '7', '7')",1.0
"('8', '1', '8', '7')",1.0
"('8', '1', '9', '7')",1.0
"('8', '1', '1', '8')",0.051480000000000234
"('8', '1', '2', '8')",0.852887000000002
"('8', '1', '3', '8')",1.0
"('8', '1', '4', '8')",1.0
"('8', '1', '5', '8')",1.0
"('8', '1', '6', '8')",1.0
"('8', '1', '7', '8')",1.0
"('8', '1', '8', '8')",1.0
"('8', '1', '9', '8')",1.0
"('8', '2', '1', '0')",0.012590000000000053
"('8', '2', '2', '0')",0.149107
"('8', '2', '3', '0')",0.4987371999999995
"('8', '2', '4', '0')",0.8428719199999987
"('8', '2', '5', '0')",0.977896192
"('8', '2', '6', '0')",0.9991837696
"('8', '2', '7', '0')",1.0000000000000002
"('8', '2', '8', '0')",1.0000000000000002
"('8', '2', '9', '0')",1.0000000000000002
"('8', '2', '1', '1')",0.017365000000000064
"('8', '2', '2', '1')",0.18742375000000058
"('8', '2', '3', '1')",0.5934524750000026
"('8', '2', '4', '1')",0.8993825687500028
"('8', '2', '5', '1')",0.988764906375
"('8', '2', '6', '1')",0.9996343689671868
"('8', '2', '7', '1')",1.0
"('8', '2', '8', '1')",1.0
"('8', '2', '9', '1')",1.0
"('8', '2', '1', '2')",0.023909999999999928
"('8', '2', '2', '2')",0.23116099999999945
"('8', '2', '3', '2')",0.687551700000002
"('8', '2', '4', '2')",0.9393952599999977
"('8', '2', '5', '2')",0.9946822959999997
"('8', '2', '6', '2')",0.9998614900000012
"('8', '2', '7', '2')",1.0
"('8', '2', '8', '2')",1.0000000000000002
"('8', '2', '9', '2')",1.0
"('8', '2', '1', '3')",0.0314
"('8', '2', '2', '3')",0.2744360000000012
"('8', '2', '3', '3')",0.769855050000001
"('8', '2', '4', '3')",0.9674319624999993
"('8', '2', '5', '3')",0.9978702304687537
"('8', '2', '6', '3')",0.9999555126953146
"('8', '2', '7', '3')",1.0
"('8', '2', '8', '3')",1.0
"('8', '2', '9', '3')",1.0
"('8', '2', '1', '4')",0.03384999999999997
"('8', '2', '2', '4')",0.3281029999999994
"('8', '2', '3', '4')",0.8449056000000001
"('8', '2', '4', '4')",0.984709099999999
"('8', '2', '5', '4')",0.9992947039999982
"('8', '2', '6', '4')",0.9999886847999973
"('8', '2', '7', '4')",1.0000000000000002
"('8', '2', '8', '4')",1.0
"('8', '2', '9', '4')",1.0000000000000002
"('8', '2', '1', '5')",0.042209999999999984
"('8', '2', '2', '5')",0.3796655000000007
"('8', '2', '3', '5')",0.9065432125000017
"('8', '2', '4', '5')",0.9944135799999988
"('8', '2', '5', '5')",0.9998284124687496
"('8', '2', '6', '5')",0.999998201420312
"('8', '2', '7', '5')",1.0000000000000002
"('8', '2', '8', '5')",1.0
"('8', '2', '9', '5')",1.0
"('8', '2', '1', '6')",0.05056000000000004
"('8', '2', '2', '6')",0.4720262499999993
"('8', '2', '3', '6')",0.9764095500000006
"('8', '2', '4', '6')",0.99968632125
"('8', '2', '5', '6')",0.9999979513437539
"('8', '2', '6', '6')",0.9999999965625006
"('8', '2', '7', '6')",1.0
"('8', '2', '8', '6')",1.0
"('8', '2', '9', '6')",1.0
"('8', '2', '1', '7')",0.06553999999999982
"('8', '2', '2', '7')",0.6118800000000006
"('8', '2', '3', '7')",1.0
"('8', '2', '4', '7')",1.0
"('8', '2', '5', '7')",1.0
"('8', '2', '6', '7')",1.0
"('8', '2', '7', '7')",1.0
"('8', '2', '8', '7')",1.0
"('8', '2', '9', '7')",1.0
"('8', '2', '1', '8')",0.10694999999999984
"('8', '2', '2', '8')",0.8896609999999999
"('8', '2', '3', '8')",1.0
"('8', '2', '4', '8')",1.0
"('8', '2', '5', '8')",1.0
"('8', '2', '6', '8')",1.0
"('8', '2', '7', '8')",1.0
"('8', '2', '8', '8')",1.0
"('8', '2', '9', '8')",1.0
"('8', '3', '1', '0')",0.02255000000000002
"('8', '3', '2', '0')",0.23088499999999987
"('8', '3', '3', '0')",0.6352605999999994
"('8', '3', '4', '0')",0.9229209999999997
"('8', '3', '5', '0')",0.9945982720000008
"('8', '3', '6', '0')",0.9999614976000016
"('8', '3', '7', '0')",1.0000000000000002
"('8', '3', '8', '0')",1.0
"('8', '3', '9', '0')",1.0000000000000002
"('8', '3', '1', '1')",0.02988499999999994
"('8', '3', '2', '1')",0.27776675000000023
"('8', '3', '3', '1')",0.7145370750000021
"('8', '3', '4', '1')",0.9509695368749974
"('8', '3', '5', '1')",0.9972809961249998
"('8', '3', '6', '1')",0.9999834556093735
"('8', '3', '7', '1')",0.9999999999999999
"('8', '3', '8', '1')",1.0000000000000002
"('8', '3', '9', '1')",1.0000000000000002
"('8', '3', '1', '2')",0.03811999999999989
"('8', '3', '2', '2')",0.3322730000000011
"('8', '3', '3', '2')",0.7858436000000006
"('8', '3', '4', '2')",0.9718311100000001
"('8', '3', '5', '2')",0.9987611859999991
"('8', '3', '6', '2')",0.9999932202999977
"('8', '3', '7', '2')",1.0
"('8', '3', '8', '2')",1.0000000000000004
"('8', '3', '9', '2')",1.0
"('8', '3', '1', '3')",0.04943999999999994
"('8', '3', '2', '3')",0.3817510000000006
"('8', '3', '3', '3')",0.8465734875000004
"('8', '3', '4', '3')",0.9853158124999996
"('8', '3', '5', '3')",0.9995048437499967
"('8', '3', '6', '3')",0.9999980957031265
"('8', '3', '7', '3')",1.0
"('8', '3', '8', '3')",1.0000000000000004
"('8', '3', '9', '3')",1.0000000000000002
"('8', '3', '1', '4')",0.054230000000000014
"('8', '3', '2', '4')",0.4371649999999994
"('8', '3', '3', '4')",0.899903799999999
"('8', '3', '4', '4')",0.9932589399999977
"('8', '3', '5', '4')",0.9998379280000016
"('8', '3', '6', '4')",0.9999994751999994
"('8', '3', '7', '4')",1.0000000000000002
"('8', '3', '8', '4')",1.0000000000000002
"('8', '3', '9', '4')",1.0000000000000004
"('8', '3', '1', '5')",0.06576000000000042
"('8', '3', '2', '5')",0.49558125000000103
"('8', '3', '3', '5')",0.9416310625000033
"('8', '3', '4', '5')",0.9976094650000014
"('8', '3', '5', '5')",0.9999623417500008
"('8', '3', '6', '5')",0.999999916848436
"('8', '3', '7', '5')",1.0
"('8', '3', '8', '5')",1.0
"('8', '3', '9', '5')",1.0000000000000002
"('8', '3', '1', '6')",0.08295500000000007
"('8', '3', '2', '6')",0.5904294999999995
"('8', '3', '3', '6')",0.9865546749999997
"('8', '3', '4', '6')",0.9998780606250017
"('8', '3', '5', '6')",0.9999996402812511
"('8', '3', '6', '6')",0.9999999998546882
"('8', '3', '7', '6')",1.0000000000000002
"('8', '3', '8', '6')",1.0000000000000002
"('8', '3', '9', '6')",1.0
"('8', '3', '1', '7')",0.10282000000000026
"('8', '3', '2', '7')",0.7121040000000021
"('8', '3', '3', '7')",1.0
"('8', '3', '4', '7')",1.0
"('8', '3', '5', '7')",1.0
"('8', '3', '6', '7')",1.0
"('8', '3', '7', '7')",1.0
"('8', '3', '8', '7')",1.0
"('8', '3', '9', '7')",1.0
"('8', '3', '1', '8')",0.15251000000000073
"('8', '3', '2', '8')",0.9222929999999996
"('8', '3', '3', '8')",1.0
"('8', '3', '4', '8')",1.0
"('8', '3', '5', '8')",1.0
"('8', '3', '6', '8')",1.0
"('8', '3', '7', '8')",1.0
"('8', '3', '8', '8')",1.0
"('8', '3', '9', '8')",1.0
"('8', '4', '1', '0')",0.030799999999999994
"('8', '4', '2', '0')",0.3249049999999997
"('8', '4', '3', '0')",0.7577714000000028
"('8', '4', '4', '0')",0.9693369200000047
"('8', '4', '5', '0')",0.9992878079999987
"('8', '4', '6', '0')",1.0000000000000002
"('8', '4', '7', '0')",1.0000000000000002
"('8', '4', '8', '0')",1.0000000000000002
"('8', '4', '9', '0')",1.0
"('8', '4', '1', '1')",0.04260999999999998
"('8', '4', '2', '1')",0.378668500000001
"('8', '4', '3', '1')",0.8169355750000037
"('8', '4', '4', '1')",0.9815981068750015
"('8', '4', '5', '1')",0.9996635598749964
"('8', '4', '6', '1')",1.0
"('8', '4', '7', '1')",1.0
"('8', '4', '8', '1')",0.9999999999999999
"('8', '4', '9', '1')",1.0
"('8', '4', '1', '2')",0.05290000000000002
"('8', '4', '2', '2')",0.4316049999999992
"('8', '4', '3', '2')",0.8642590999999986
"('8', '4', '4', '2')",0.9896597500000013
"('8', '4', '5', '2')",0.9998368660000034
"('8', '4', '6', '2')",1.0000000000000002
"('8', '4', '7', '2')",1.0
"('8', '4', '8', '2')",1.0
"('8', '4', '9', '2')",1.0000000000000002
"('8', '4', '1', '3')",0.06683000000000003
"('8', '4', '2', '3')",0.48650275000000026
"('8', '4', '3', '3')",0.9062444250000015
"('8', '4', '4', '3')",0.9946443250000001
"('8', '4', '5', '3')",0.9999397460937507
"('8', '4', '6', '3')",1.0
"('8', '4', '7', '3')",1.0
"('8', '4', '8', '3')",1.0
"('8', '4', '9', '3')",1.0
"('8', '4', '1', '4')",0.07723999999999995
"('8', '4', '2', '4')",0.5438839999999988
"('8', '4', '3', '4')",0.9411440000000004
"('8', '4', '4', '4')",0.997726019999998
"('8', '4', '5', '4')",0.9999808480000022
"('8', '4', '6', '4')",1.0000000000000004
"('8', '4', '7', '4')",1.0000000000000004
"('8', '4', '8', '4')",1.0000000000000002
"('8', '4', '9', '4')",1.0000000000000004
"('8', '4', '1', '5')",0.08770999999999998
"('8', '4', '2', '5')",0.6040689999999979
"('8', '4', '3', '5')",0.9667684125
"('8', '4', '4', '5')",0.9991957656249998
"('8', '4', '5', '5')",0.999996155031252
"('8', '4', '6', '5')",1.0
"('8', '4', '7', '5')",1.0
"('8', '4', '8', '5')",1.0000000000000002
"('8', '4', '9', '5')",1.0
"('8', '4', '1', '6')",0.1137849999999997
"('8', '4', '2', '6')",0.6973864999999999
"('8', '4', '3', '6')",0.993278775000003
"('8', '4', '4', '6')",0.9999670493750016
"('8', '4', '5', '6')",0.9999999748437514
"('8', '4', '6', '6')",1.0000000000000004
"('8', '4', '7', '6')",1.0000000000000002
"('8', '4', '8', '6')",1.0000000000000002
"('8', '4', '9', '6')",1.0000000000000002
"('8', '4', '1', '7')",0.1505
"('8', '4', '2', '7')",0.8025919999999984
"('8', '4', '3', '7')",1.0
"('8', '4', '4', '7')",1.0
"('8', '4', '5', '7')",1.0
"('8', '4', '6', '7')",1.0
"('8', '4', '7', '7')",1.0
"('8', '4', '8', '7')",1.0
"('8', '4', '9', '7')",1.0
"('8', '4', '1', '8')",0.2075999999999994
"('8', '4', '2', '8')",0.9490329999999997
"('8', '4', '3', '8')",1.0
"('8', '4', '4', '8')",1.0
"('8', '4', '5', '8')",1.0
"('8', '4', '6', '8')",1.0
"('8', '4', '7', '8')",1.0
"('8', '4', '8', '8')",1.0
"('8', '4', '9', '8')",1.0
"('8', '5', '1', '0')",0.04175999999999999
"('8', '5', '2', '0')",0.42442299999999866
"('8', '5', '3', '0')",0.8560034000000006
"('8', '5', '4', '0')",0.9915801599999994
"('8', '5', '5', '0')",0.9999692799999962
"('8', '5', '6', '0')",1.0000000000000004
"('8', '5', '7', '0')",1.0000000000000002
"('8', '5', '8', '0')",1.0
"('8', '5', '9', '0')",1.0000000000000004
"('8', '5', '1', '1')",0.05830499999999983
"('8', '5', '2', '1')",0.4783002499999998
"('8', '5', '3', '1')",0.8938237624999994
"('8', '5', '4', '1')",0.9951728874999979
"('8', '5', '5', '1')",0.9999789912500028
"('8', '5', '6', '1')",1.0
"('8', '5', '7', '1')",0.9999999999999999
"('8', '5', '8', '1')",0.9999999999999999
"('8', '5', '9', '1')",1.0
"('8', '5', '1', '2')",0.07401999999999974
"('8', '5', '2', '2')",0.5336710000000002
"('8', '5', '3', '2')",0.9261908000000013
"('8', '5', '4', '2')",0.9973858600000016
"('8', '5', '5', '2')",0.999992223999999
"('8', '5', '6', '2')",1.0000000000000002
"('8', '5', '7', '2')",1.0
"('8', '5', '8', '2')",1.0000000000000002
"('8', '5', '9', '2')",1.0
"('8', '5', '1', '3')",0.0887250000000002
"('8', '5', '2', '3')",0.5924755000000006
"('8', '5', '3', '3')",0.9513639375000009
"('8', '5', '4', '3')",0.9987257500000021
"('8', '5', '5', '3')",0.9999966796875
"('8', '5', '6', '3')",1.0
"('8', '5', '7', '3')",1.0000000000000002
"('8', '5', '8', '3')",1.0
"('8', '5', '9', '3')",1.0
"('8', '5', '1', '4')",0.10410000000000015
"('8', '5', '2', '4')",0.6439910000000028
"('8', '5', '3', '4')",0.9705507000000022
"('8', '5', '4', '4')",0.999480079999998
"('8', '5', '5', '4')",0.9999989120000026
"('8', '5', '6', '4')",1.0000000000000002
"('8', '5', '7', '4')",1.0000000000000002
"('8', '5', '8', '4')",1.0000000000000004
"('8', '5', '9', '4')",1.0000000000000004
"('8', '5', '1', '5')",0.11757999999999982
"('8', '5', '2', '5')",0.7055357500000042
"('8', '5', '3', '5')",0.9839765375000027
"('8', '5', '4', '5')",0.9998379999999987
"('8', '5', '5', '5')",0.9999998177499981
"('8', '5', '6', '5')",1.0
"('8', '5', '7', '5')",1.0
"('8', '5', '8', '5')",1.0000000000000004
"('8', '5', '9', '5')",1.0
"('8', '5', '1', '6')",0.1442699999999998
"('8', '5', '2', '6')",0.7898977499999991
"('8', '5', '3', '6')",0.9972934125000004
"('8', '5', '4', '6')",0.9999952156249997
"('8', '5', '5', '6')",0.9999999988125032
"('8', '5', '6', '6')",1.0
"('8', '5', '7', '6')",1.0
"('8', '5', '8', '6')",1.0
"('8', '5', '9', '6')",0.9999999999999999
"('8', '5', '1', '7')",0.18579999999999963
"('8', '5', '2', '7')",0.8755599999999997
"('8', '5', '3', '7')",1.0
"('8', '5', '4', '7')",1.0
"('8', '5', '5', '7')",1.0
"('8', '5', '6', '7')",1.0
"('8', '5', '7', '7')",1.0
"('8', '5', '8', '7')",1.0
"('8', '5', '9', '7')",1.0
"('8', '5', '1', '8')",0.2528800000000003
"('8', '5', '2', '8')",0.9718800000000012
"('8', '5', '3', '8')",1.0
"('8', '5', '4', '8')",1.0
"('8', '5', '5', '8')",1.0
"('8', '5', '6', '8')",1.0
"('8', '5', '7', '8')",1.0
"('8', '5', '8', '8')",1.0
"('8', '5', '9', '8')",1.0
"('8', '6', '1', '0')",0.056750000000000016
"('8', '6', '2', '0')",0.5342380000000001
"('8', '6', '3', '0')",0.9301439000000006
"('8', '6', '4', '0')",0.9987558399999996
"('8', '6', '5', '0')",1.0
"('8', '6', '6', '0')",1.0000000000000002
"('8', '6', '7', '0')",1.0000000000000002
"('8', '6', '8', '0')",1.0000000000000002
"('8', '6', '9', '0')",1.0000000000000002
"('8', '6', '1', '1')",0.07536499999999981
"('8', '6', '2', '1')",0.5843115000000025
"('8', '6', '3', '1')",0.9492089500000003
"('8', '6', '4', '1')",0.999323646875001
"('8', '6', '5', '1')",0.9999999999999999
"('8', '6', '6', '1')",1.0
"('8', '6', '7', '1')",1.0
"('8', '6', '8', '1')",0.9999999999999999
"('8', '6', '9', '1')",1.0
"('8', '6', '1', '2')",0.0923999999999997
"('8', '6', '2', '2')",0.634776
"('8', '6', '3', '2')",0.9665788999999992
"('8', '6', '4', '2')",0.9996414400000002
"('8', '6', '5', '2')",1.0
"('8', '6', '6', '2')",1.0
"('8', '6', '7', '2')",1.0000000000000004
"('8', '6', '8', '2')",1.0000000000000002
"('8', '6', '9', '2')",1.0
"('8', '6', '1', '3')",0.11134000000000026
"('8', '6', '2', '3')",0.6860350000000012
"('8', '6', '3', '3')",0.978921237499998
"('8', '6', '4', '3')",0.9998306250000009
"('8', '6', '5', '3')",1.0
"('8', '6', '6', '3')",1.0000000000000002
"('8', '6', '7', '3')",0.9999999999999999
"('8', '6', '8', '3')",1.0
"('8', '6', '9', '3')",1.0
"('8', '6', '1', '4')",0.12839000000000034
"('8', '6', '2', '4')",0.7423249999999979
"('8', '6', '3', '4')",0.9880051999999994
"('8', '6', '4', '4')",0.9999304800000018
"('8', '6', '5', '4')",1.0000000000000002
"('8', '6', '6', '4')",1.0000000000000002
"('8', '6', '7', '4')",1.0000000000000002
"('8', '6', '8', '4')",1.0000000000000002
"('8', '6', '9', '4')",1.0000000000000004
"('8', '6', '1', '5')",0.14663999999999874
"('8', '6', '2', '5')",0.7885062499999987
"('8', '6', '3', '5')",0.9943398749999987
"('8', '6', '4', '5')",0.9999823825000002
"('8', '6', '5', '5')",1.0
"('8', '6', '6', '5')",1.0000000000000002
"('8', '6', '7', '5')",1.0
"('8', '6', '8', '5')",1.0
"('8', '6', '9', '5')",1.0
"('8', '6', '1', '6')",0.18567500000000065
"('8', '6', '2', '6')",0.8634847499999967
"('8', '6', '3', '6')",0.999315412499998
"('8', '6', '4', '6')",0.9999996793750024
"('8', '6', '5', '6')",1.0000000000000004
"('8', '6', '6', '6')",1.0000000000000004
"('8', '6', '7', '6')",1.0000000000000002
"('8', '6', '8', '6')",1.0
"('8', '6', '9', '6')",1.0000000000000004
"('8', '6', '1', '7')",0.22944000000000006
"('8', '6', '2', '7')",0.935608000000003
"('8', '6', '3', '7')",1.0
"('8', '6', '4', '7')",1.0
"('8', '6', '5', '7')",1.0
"('8', '6', '6', '7')",1.0
"('8', '6', '7', '7')",1.0
"('8', '6', '8', '7')",1.0
"('8', '6', '9', '7')",1.0
"('8', '6', '1', '8')",0.311820000000001
"('8', '6', '2', '8')",0.9872310000000013
"('8', '6', '3', '8')",1.0
"('8', '6', '4', '8')",1.0
"('8', '6', '5', '8')",1.0
"('8', '6', '6', '8')",1.0
"('8', '6', '7', '8')",1.0
"('8', '6', '8', '8')",1.0
"('8', '6', '9', '8')",1.0
"('8', '7', '1', '0')",0.07285000000000012
"('8', '7', '2', '0')",0.6393220000000004
"('8', '7', '3', '0')",0.9725424000000014
"('8', '7', '4', '0')",0.999956479999999
"('8', '7', '5', '0')",1.0
"('8', '7', '6', '0')",1.0000000000000002
"('8', '7', '7', '0')",1.0000000000000002
"('8', '7', '8', '0')",1.0
"('8', '7', '9', '0')",1.0000000000000002
"('8', '7', '1', '1')",0.09575499999999969
"('8', '7', '2', '1')",0.6865267500000022
"('8', '7', '3', '1')",0.982665637500001
"('8', '7', '4', '1')",0.9999744893750031
"('8', '7', '5', '1')",1.0
"('8', '7', '6', '1')",0.9999999999999999
"('8', '7', '7', '1')",1.0
"('8', '7', '8', '1')",0.9999999999999999
"('8', '7', '9', '1')",1.0
"('8', '7', '1', '2')",0.1170099999999995
"('8', '7', '2', '2')",0.730381999999998
"('8', '7', '3', '2')",0.9887955999999989
"('8', '7', '4', '2')",0.9999838000000019
"('8', '7', '5', '2')",1.0000000000000002
"('8', '7', '6', '2')",1.0
"('8', '7', '7', '2')",1.0000000000000002
"('8', '7', '8', '2')",1.0000000000000002
"('8', '7', '9', '2')",1.0
"('8', '7', '1', '3')",0.13959999999999975
"('8', '7', '2', '3')",0.7793320000000007
"('8', '7', '3', '3')",0.9936338750000003
"('8', '7', '4', '3')",0.9999953124999988
"('8', '7', '5', '3')",1.0
"('8', '7', '6', '3')",0.9999999999999999
"('8', '7', '7', '3')",1.0
"('8', '7', '8', '3')",1.0
"('8', '7', '9', '3')",1.0
"('8', '7', '1', '4')",0.15981999999999968
"('8', '7', '2', '4')",0.8222510000000006
"('8', '7', '3', '4')",0.9967415999999976
"('8', '7', '4', '4')",0.999997439999998
"('8', '7', '5', '4')",1.0000000000000002
"('8', '7', '6', '4')",1.0000000000000002
"('8', '7', '7', '4')",1.0000000000000004
"('8', '7', '8', '4')",1.0000000000000002
"('8', '7', '9', '4')",1.0
"('8', '7', '1', '5')",0.17634499999999975
"('8', '7', '2', '5')",0.862582749999997
"('8', '7', '3', '5')",0.9986578374999993
"('8', '7', '4', '5')",0.9999989368749972
"('8', '7', '5', '5')",1.0
"('8', '7', '6', '5')",0.9999999999999999
"('8', '7', '7', '5')",1.0
"('8', '7', '8', '5')",1.0
"('8', '7', '9', '5')",1.0
"('8', '7', '1', '6')",0.21841499999999972
"('8', '7', '2', '6')",0.928557499999998
"('8', '7', '3', '6')",0.9998873375000011
"('8', '7', '4', '6')",0.9999999937499983
"('8', '7', '5', '6')",1.0
"('8', '7', '6', '6')",1.0
"('8', '7', '7', '6')",1.0
"('8', '7', '8', '6')",1.0
"('8', '7', '9', '6')",1.0000000000000002
"('8', '7', '1', '7')",0.2744400000000012
"('8', '7', '2', '7')",0.9795520000000016
"('8', '7', '3', '7')",1.0
"('8', '7', '4', '7')",1.0
"('8', '7', '5', '7')",1.0
"('8', '7', '6', '7')",1.0
"('8', '7', '7', '7')",1.0
"('8', '7', '8', '7')",1.0
"('8', '7', '9', '7')",1.0
"('8', '7', '1', '8')",0.3639799999999998
"('8', '7', '2', '8')",0.9986459999999997
"('8', '7', '3', '8')",1.0
"('8', '7', '4', '8')",1.0
"('8', '7', '5', '8')",1.0
"('8', '7', '6', '8')",1.0
"('8', '7', '7', '8')",1.0
"('8', '7', '8', '8')",1.0
"('8', '7', '9', '8')",1.0
"('9', '0', '1', '0')",0.0
"('9', '0', '2', '0')",0.0
"('9', '0', '3', '0')",0.08400000000000003
"('9', '0', '4', '0')",0.38550000000000006
"('9', '0', '5', '0')",0.7353600000000002
"('9', '0', '6', '0')",0.9306240000000002
"('9', '0', '7', '0')",0.9897600000000003
"('9', '0', '8', '0')",0.9993446400000003
"('9', '0', '9', '0')",1.0000000000000002
"('9', '0', '1', '1')",0.0
"('9', '0', '2', '1')",0.0
"('9', '0', '3', '1')",0.16074999999999998
"('9', '0', '4', '1')",0.5432374999999999
"('9', '0', '5', '1')",0.8464462500000001
"('9', '0', '6', '1')",0.9683368125000003
"('9', '0', '7', '1')",0.9961396421875002
"('9', '0', '8', '1')",0.9997748124609378
"('9', '0', '9', '1')",1.0000000000000002
"('9', '0', '1', '2')",0.0
"('9', '0', '2', '2')",0.0
"('9', '0', '3', '2')",0.257
"('9', '0', '4', '2')",0.6837
"('9', '0', '5', '2')",0.9188200000000001
"('9', '0', '6', '2')",0.9871210000000001
"('9', '0', '7', '2')",0.9987607000000001
"('9', '0', '8', '2')",0.9999343900000002
"('9', '0', '9', '2')",1.0000000000000002
"('9', '0', '1', '3')",0.0
"('9', '0', '2', '3')",0.0
"('9', '0', '3', '3')",0.36974999999999997
"('9', '0', '4', '3')",0.7998375
"('9', '0', '5', '3')",0.9623437499999999
"('9', '0', '6', '3')",0.9955078125
"('9', '0', '7', '3')",0.9996826171875
"('9', '0', '8', '3')",0.9999847412109373
"('9', '0', '9', '3')",0.9999999999999998
"('9', '0', '1', '4')",0.0
"('9', '0', '2', '4')",0.0
"('9', '0', '3', '4')",0.49600000000000005
"('9', '0', '4', '4')",0.8879000000000001
"('9', '0', '5', '4')",0.98568
"('9', '0', '6', '4')",0.998736
"('9', '0', '7', '4')",0.9999424
"('9', '0', '8', '4')",0.9999974399999999
"('9', '0', '9', '4')",0.9999999999999999
"('9', '0', '1', '5')",0.0
"('9', '0', '2', '5')",0.0
"('9', '0', '3', '5')",0.63275
"('9', '0', '4', '5')",0.9474374999999999
"('9', '0', '5', '5')",0.99614125
"('9', '0', '6', '5')",0.9997418124999999
"('9', '0', '7', '5')",0.9999943046875002
"('9', '0', '8', '5')",0.9999997437109377
"('9', '0', '9', '5')",1.0000000000000002
"('9', '0', '1', '6')",0.0
"('9', '0', '2', '6')",0.0
"('9', '0', '3', '6')",0.8505000000000001
"('9', '0', '4', '6')",0.9943875000000003
"('9', '0', '5', '6')",0.9999075000000003
"('9', '0', '6', '6')",0.9999988125000006
"('9', '0', '7', '6')",0.9999999937500007
"('9', '0', '8', '6')",0.999999999960938
"('9', '0', '9', '6')",1.0000000000000004
"('9', '0', '1', '7')",0.0
"('9', '0', '2', '7')",0.0
"('9', '0', '3', '7')",1.0
"('9', '0', '4', '7')",1.0
"('9', '0', '5', '7')",1.0
"('9', '0', '6', '7')",1.0
"('9', '0', '7', '7')",1.0
"('9', '0', '8', '7')",1.0
"('9', '0', '9', '7')",1.0
"('9', '0', '1', '8')",0.0
"('9', '0', '2', '8')",0.0
"('9', '0', '3', '8')",1.0
"('9', '0', '4', '8')",1.0
"('9', '0', '5', '8')",1.0
"('9', '0', '6', '8')",1.0
"('9', '0', '7', '8')",1.0
"('9', '0', '8', '8')",1.0
"('9', '0', '9', '8')",1.0
"('9', '1', '1', '0')",0.0
"('9', '1', '2', '0')",0.036005999999999976
"('9', '1', '3', '0')",0.2049486999999992
"('9', '1', '4', '0')",0.5532906000000005
"('9', '1', '5', '0')",0.8486361280000025
"('9', '1', '6', '0')",0.9717301248000021
"('9', '1', '7', '0')",0.9975957299199987
"('9', '1', '8', '0')",0.9999652003839973
"('9', '1', '9', '0')",1.0000000000000002
"('9', '1', '1', '1')",0.0
"('9', '1', '2', '1')",0.04904949999999992
"('9', '1', '3', '1')",0.29314827499999924
"('9', '1', '4', '1')",0.6785925825000017
"('9', '1', '5', '1')",0.9145822567500019
"('9', '1', '6', '1')",0.9873269630171909
"('9', '1', '7', '1')",0.9990907019085962
"('9', '1', '8', '1')",0.9999887631418003
"('9', '1', '9', '1')",1.0000000000000002
"('9', '1', '1', '2')",0.0
"('9', '1', '2', '2')",0.06482999999999997
"('9', '1', '3', '2')",0.38887989999999856
"('9', '1', '4', '2')",0.7825670299999988
"('9', '1', '5', '2')",0.9558315279999986
"('9', '1', '6', '2')",0.994912138900002
"('9', '1', '7', '2')",0.9996983252200025
"('9', '1', '8', '2')",0.999996332401002
"('9', '1', '9', '2')",1.0
"('9', '1', '1', '3')",0.0
"('9', '1', '2', '3')",0.07874425000000018
"('9', '1', '3', '3')",0.49506530000000004
"('9', '1', '4', '3')",0.8656763618749961
"('9', '1', '5', '3')",0.9798701734374979
"('9', '1', '6', '3')",0.9982780605468764
"('9', '1', '7', '3')",0.9999219653320304
"('9', '1', '8', '3')",0.9999991897583005
"('9', '1', '9', '3')",0.9999999999999998
"('9', '1', '1', '4')",0.0
"('9', '1', '2', '4')",0.09338799999999976
"('9', '1', '3', '4')",0.6058758999999997
"('9', '1', '4', '4')",0.9265953499999969
"('9', '1', '5', '4')",0.9924485680000001
"('9', '1', '6', '4')",0.9995339807999988
"('9', '1', '7', '4')",0.9999852755200009
"('9', '1', '8', '4')",0.9999998727680032
"('9', '1', '9', '4')",1.0000000000000002
"('9', '1', '1', '5')",0.0
"('9', '1', '2', '5')",0.10702474999999982
"('9', '1', '3', '5')",0.7203697999999982
"('9', '1', '4', '5')",0.9667383993749996
"('9', '1', '5', '5')",0.9979797337187517
"('9', '1', '6', '5')",0.9999100949359407
"('9', '1', '7', '5')",0.9999983627115631
"('9', '1', '8', '5')",0.9999999868011131
"('9', '1', '9', '5')",1.0000000000000002
"('9', '1', '1', '6')",0.0
"('9', '1', '2', '6')",0.13196249999999982
"('9', '1', '3', '6')",0.8907593374999982
"('9', '1', '4', '6')",0.9966557987500009
"('9', '1', '5', '6')",0.9999559139687512
"('9', '1', '6', '6')",0.9999996080203095
"('9', '1', '7', '6')",0.9999999986182834
"('9', '1', '8', '6')",0.9999999999980643
"('9', '1', '9', '6')",0.9999999999999999
"('9', '1', '1', '7')",0.0
"('9', '1', '2', '7')",0.1501999999999998
"('9', '1', '3', '7')",1.0
"('9', '1', '4', '7')",1.0
"('9', '1', '5', '7')",1.0
"('9', '1', '6', '7')",1.0
"('9', '1', '7', '7')",1.0
"('9', '1', '8', '7')",1.0
"('9', '1', '9', '7')",1.0
"('9', '1', '1', '8')",0.0
"('9', '1', '2', '8')",0.18733700000000003
"('9', '1', '3', '8')",1.0
"('9', '1', '4', '8')",1.0
"('9', '1', '5', '8')",1.0
"('9', '1', '6', '8')",1.0
"('9', '1', '7', '8')",1.0
"('9', '1', '8', '8')",1.0
"('9', '1', '9', '8')",1.0
"('9', '2', '1', '0')",0.000989999999999998
"('9', '2', '2', '0')",0.0798200000000003
"('9', '2', '3', '0')",0.32854179999999894
"('9', '2', '4', '0')",0.697655829999996
"('9', '2', '5', '0')",0.9245386880000026
"('9', '2', '6', '0')",0.991260313600002
"('9', '2', '7', '0')",0.9997217587200012
"('9', '2', '8', '0')",1.0
"('9', '2', '9', '0')",1.0000000000000004
"('9', '2', '1', '1')",0.0014849999999999996
"('9', '2', '2', '1')",0.10769499999999983
"('9', '2', '3', '1')",0.42122189999999904
"('9', '2', '4', '1')",0.7889005393749992
"('9', '2', '5', '1')",0.9586077461250002
"('9', '2', '6', '1')",0.9961030456953138
"('9', '2', '7', '1')",0.9998926636701536
"('9', '2', '8', '1')",1.0000000000000002
"('9', '2', '9', '1')",1.0000000000000002
"('9', '2', '1', '2')",0.0015500000000000034
"('9', '2', '2', '2')",0.13199400000000022
"('9', '2', '3', '2')",0.5111478999999977
"('9', '2', '4', '2')",0.8607302599999994
"('9', '2', '5', '2')",0.9792593020000016
"('9', '2', '6', '2')",0.9984675772000002
"('9', '2', '7', '2')",0.9999642279700004
"('9', '2', '8', '2')",1.0
"('9', '2', '9', '2')",0.9999999999999999
"('9', '2', '1', '3')",0.0018749999999999962
"('9', '2', '2', '3')",0.16023799999999958
"('9', '2', '3', '3')",0.6071811749999998
"('9', '2', '4', '3')",0.9159324406250017
"('9', '2', '5', '3')",0.9906611867187509
"('9', '2', '6', '3')",0.9994777490234373
"('9', '2', '7', '3')",0.9999906042480484
"('9', '2', '8', '3')",1.0
"('9', '2', '9', '3')",0.9999999999999997
"('9', '2', '1', '4')",0.00231000000000002
"('9', '2', '2', '4')",0.1839590000000002
"('9', '2', '3', '4')",0.7027087000000004
"('9', '2', '4', '4')",0.9553944700000014
"('9', '2', '5', '4')",0.9966138760000005
"('9', '2', '6', '4')",0.9998653088000019
"('9', '2', '7', '4')",0.9999981580799998
"('9', '2', '8', '4')",1.0000000000000002
"('9', '2', '9', '4')",1.0000000000000002
"('9', '2', '1', '5')",0.002879999999999997
"('9', '2', '2', '5')",0.21344649999999954
"('9', '2', '3', '5')",0.7940235750000002
"('9', '2', '4', '5')",0.9804460700000022
"('9', '2', '5', '5')",0.9990986013437537
"('9', '2', '6', '5')",0.9999759448984389
"('9', '2', '7', '5')",0.9999997922919538
"('9', '2', '8', '5')",1.0
"('9', '2', '9', '5')",1.0000000000000002
"('9', '2', '1', '6')",0.002609999999999995
"('9', '2', '2', '6')",0.25396349999999995
"('9', '2', '3', '6')",0.9244221250000005
"('9', '2', '4', '6')",0.9981905118750016
"('9', '2', '5', '6')",0.99998195865625
"('9', '2', '6', '6')",0.9999999031671892
"('9', '2', '7', '6')",0.9999999998542187
"('9', '2', '8', '6')",1.0000000000000002
"('9', '2', '9', '6')",1.0
"('9', '2', '1', '7')",0.0032200000000000037
"('9', '2', '2', '7')",0.29387199999999997
"('9', '2', '3', '7')",1.0
"('9', '2', '4', '7')",1.0
"('9', '2', '5', '7')",1.0
"('9', '2', '6', '7')",1.0
"('9', '2', '7', '7')",1.0
"('9', '2', '8', '7')",1.0
"('9', '2', '9', '7')",1.0
"('9', '2', '1', '8')",0.004150000000000014
"('9', '2', '2', '8')",0.35680899999999893
"('9', '2', '3', '8')",1.0
"('9', '2', '4', '8')",1.0
"('9', '2', '5', '8')",1.0
"('9', '2', '6', '8')",1.0
"('9', '2', '7', '8')",1.0
"('9', '2', '8', '8')",1.0
"('9', '2', '9', '8')",1.0
"('9', '3', '1', '0')",0.003090000000000005
"('9', '3', '2', '0')",0.13318400000000039
"('9', '3', '3', '0')",0.46052519999999864
"('9', '3', '4', '0')",0.8106359499999979
"('9', '3', '5', '0')",0.9686971359999961
"('9', '3', '6', '0')",0.9981879040000006
"('9', '3', '7', '0')",0.9999898419200007
"('9', '3', '8', '0')",1.0000000000000004
"('9', '3', '9', '0')",1.0000000000000002
"('9', '3', '1', '1')",0.004229999999999998
"('9', '3', '2', '1')",0.1715359999999998
"('9', '3', '3', '1')",0.5467552374999999
"('9', '3', '4', '1')",0.8729035387500029
"('9', '3', '5', '1')",0.9830858354687522
"('9', '3', '6', '1')",0.9992184594937483
"('9', '3', '7', '1')",0.999995882284999
"('9', '3', '8', '1')",1.0
"('9', '3', '9', '1')",1.0000000000000004
"('9', '3', '1', '2')",0.004909999999999997
"('9', '3', '2', '2')",0.20613199999999998
"('9', '3', '3', '2')",0.6280767000000003
"('9', '3', '4', '2')",0.9193828599999997
"('9', '3', '5', '2')",0.9917074359999999
"('9', '3', '6', '2')",0.9997085862999991
"('9', '3', '7', '2')",0.9999980754400004
"('9', '3', '8', '2')",1.0
"('9', '3', '9', '2')",1.0000000000000002
"('9', '3', '1', '3')",0.005474999999999977
"('9', '3', '2', '3')",0.2455709999999999
"('9', '3', '3', '3')",0.7085977499999994
"('9', '3', '4', '3')",0.952002899375002
"('9', '3', '5', '3')",0.9964021984375011
"('9', '3', '6', '3')",0.999901020507813
"('9', '3', '7', '3')",0.9999995666503904
"('9', '3', '8', '3')",0.9999999999999999
"('9', '3', '9', '3')",0.9999999999999999
"('9', '3', '1', '4')",0.00708000000000002
"('9', '3', '2', '4')",0.2778449999999994
"('9', '3', '3', '4')",0.7848413999999965
"('9', '3', '4', '4')",0.9756596300000017
"('9', '3', '5', '4')",0.9987187999999987
"('9', '3', '6', '4')",0.9999742335999965
"('9', '3', '7', '4')",0.9999999001600001
"('9', '3', '8', '4')",1.0000000000000004
"('9', '3', '9', '4')",1.0000000000000002
"('9', '3', '1', '5')",0.008334999999999954
"('9', '3', '2', '5')",0.31304375000000106
"('9', '3', '3', '5')",0.8566692124999996
"('9', '3', '4', '5')",0.9896911581249989
"('9', '3', '5', '5')",0.9996642445937531
"('9', '3', '6', '5')",0.9999956495406239
"('9', '3', '7', '5')",0.9999999892358545
"('9', '3', '8', '5')",0.9999999999999999
"('9', '3', '9', '5')",1.0
"('9', '3', '1', '6')",0.008415000000000011
"('9', '3', '2', '6')",0.3735527500000006
"('9', '3', '3', '6')",0.9496706749999988
"('9', '3', '4', '6')",0.9991328024999994
"('9', '3', '5', '6')",0.9999942404999995
"('9', '3', '6', '6')",0.9999999857796893
"('9', '3', '7', '6')",0.9999999999944357
"('9', '3', '8', '6')",1.0000000000000004
"('9', '3', '9', '6')",1.0000000000000002
"('9', '3', '1', '7')",0.011779999999999988
"('9', '3', '2', '7')",0.42358799999999824
"('9', '3', '3', '7')",1.0
"('9', '3', '4', '7')",1.0
"('9', '3', '5', '7')",1.0
"('9', '3', '6', '7')",1.0
"('9', '3', '7', '7')",1.0
"('9', '3', '8', '7')",1.0
"('9', '3', '9', '7')",1.0
"('9', '3', '1', '8')",0.013250000000000014
"('9', '3', '2', '8')",0.5072599999999982
"('9', '3', '3', '8')",1.0
"('9', '3', '4', '8')",1.0
"('9', '3', '5', '8')",1.0
"('9', '3', '6', '8')",1.0
"('9', '3', '7', '8')",1.0
"('9', '3', '8', '8')",1.0
"('9', '3', '9', '8')",1.0
"('9', '4', '1', '0')",0.006659999999999987
"('9', '4', '2', '0')",0.1952260000000004
"('9', '4', '3', '0')",0.5862052999999995
"('9', '4', '4', '0')",0.895125650000001
"('9', '4', '5', '0')",0.9897763999999999
"('9', '4', '6', '0')",0.9997883392000022
"('9', '4', '7', '0')",1.0
"('9', '4', '8', '0')",1.0000000000000004
"('9', '4', '9', '0')",1.0000000000000002
"('9', '4', '1', '1')",0.008029999999999968
"('9', '4', '2', '1')",0.24091925000000008
"('9', '4', '3', '1')",0.6577824875000013
"('9', '4', '4', '1')",0.9311810437499994
"('9', '4', '5', '1')",0.9947161324687503
"('9', '4', '6', '1')",0.9999148095187533
"('9', '4', '7', '1')",1.0
"('9', '4', '8', '1')",1.0
"('9', '4', '9', '1')",0.9999999999999998
"('9', '4', '1', '2')",0.010000000000000037
"('9', '4', '2', '2')",0.28585999999999967
"('9', '4', '3', '2')",0.7285085000000007
"('9', '4', '4', '2')",0.9579701700000014
"('9', '4', '5', '2')",0.9975198520000043
"('9', '4', '6', '2')",0.9999688960000008
"('9', '4', '7', '2')",1.0000000000000002
"('9', '4', '8', '2')",1.0
"('9', '4', '9', '2')",1.0
"('9', '4', '1', '3')",0.012809999999999981
"('9', '4', '2', '3')",0.32958849999999923
"('9', '4', '3', '3')",0.7952444374999991
"('9', '4', '4', '3')",0.9761785837499981
"('9', '4', '5', '3')",0.998973982812497
"('9', '4', '6', '3')",0.9999895117187484
"('9', '4', '7', '3')",1.0
"('9', '4', '8', '3')",1.0
"('9', '4', '9', '3')",1.0000000000000002
"('9', '4', '1', '4')",0.01543000000000002
"('9', '4', '2', '4')",0.3753060000000012
"('9', '4', '3', '4')",0.8546937999999988
"('9', '4', '4', '4')",0.9882481999999997
"('9', '4', '5', '4')",0.9996477360000029
"('9', '4', '6', '4')",0.9999976959999977
"('9', '4', '7', '4')",1.0000000000000004
"('9', '4', '8', '4')",1.0000000000000007
"('9', '4', '9', '4')",1.0000000000000004
"('9', '4', '1', '5')",0.01679999999999998
"('9', '4', '2', '5')",0.41775674999999945
"('9', '4', '3', '5')",0.9054533374999989
"('9', '4', '4', '5')",0.9952829362499999
"('9', '4', '5', '5')",0.9999113215937503
"('9', '4', '6', '5')",0.999999575129688
"('9', '4', '7', '5')",1.0
"('9', '4', '8', '5')",1.0000000000000002
"('9', '4', '9', '5')",1.0
"('9', '4', '1', '6')",0.019214999999999993
"('9', '4', '2', '6')",0.48160625000000157
"('9', '4', '3', '6')",0.9694493124999991
"('9', '4', '4', '6')",0.9996485937499996
"('9', '4', '5', '6')",0.9999987496562496
"('9', '4', '6', '6')",0.9999999991015635
"('9', '4', '7', '6')",1.0000000000000002
"('9', '4', '8', '6')",1.0000000000000004
"('9', '4', '9', '6')",1.0000000000000004
"('9', '4', '1', '7')",0.022760000000000016
"('9', '4', '2', '7')",0.5396319999999957
"('9', '4', '3', '7')",1.0
"('9', '4', '4', '7')",1.0
"('9', '4', '5', '7')",1.0
"('9', '4', '6', '7')",1.0
"('9', '4', '7', '7')",1.0
"('9', '4', '8', '7')",1.0
"('9', '4', '9', '7')",1.0
"('9', '4', '1', '8')",0.025150000000000047
"('9', '4', '2', '8')",0.6325489999999974
"('9', '4', '3', '8')",1.0
"('9', '4', '4', '8')",1.0
"('9', '4', '5', '8')",1.0
"('9', '4', '6', '8')",1.0
"('9', '4', '7', '8')",1.0
"('9', '4', '8', '8')",1.0
"('9', '4', '9', '8')",1.0
"('9', '5', '1', '0')",0.009929999999999974
"('9', '5', '2', '0')",0.266285000000001
"('9', '5', '3', '0')",0.6990442000000017
"('9', '5', '4', '0')",0.9512433100000006
"('9', '5', '5', '0')",0.9978303999999979
"('9', '5', '6', '0')",0.9999918080000015
"('9', '5', '7', '0')",1.0000000000000004
"('9', '5', '8', '0')",1.0000000000000002
"('9', '5', '9', '0')",1.0000000000000002
"('9', '5', '1', '1')",0.013769999999999982
"('9', '5', '2', '1')",0.31934575
"('9', '5', '3', '1')",0.7601200874999998
"('9', '5', '4', '1')",0.9686614856249985
"('9', '5', '5', '1')",0.99896474025
"('9', '5', '6', '1')",0.99999687494844
"('9', '5', '7', '1')",1.0
"('9', '5', '8', '1')",0.9999999999999999
"('9', '5', '9', '1')",1.0
"('9', '5', '1', '2')",0.017099999999999962
"('9', '5', '2', '2')",0.37295599999999995
"('9', '5', '3', '2')",0.8144281999999998
"('9', '5', '4', '2')",0.9820528400000005
"('9', '5', '5', '2')",0.9994818159999997
"('9', '5', '6', '2')",0.9999988335999984
"('9', '5', '7', '2')",1.0000000000000004
"('9', '5', '8', '2')",1.0
"('9', '5', '9', '2')",1.0000000000000004
"('9', '5', '1', '3')",0.020765
"('9', '5', '2', '3')",0.42018475000000094
"('9', '5', '3', '3')",0.8653773249999993
"('9', '5', '4', '3')",0.9899835312499987
"('9', '5', '5', '3')",0.9998140898437502
"('9', '5', '6', '3')",0.9999996093750002
"('9', '5', '7', '3')",1.0000000000000002
"('9', '5', '8', '3')",1.0
"('9', '5', '9', '3')",1.0000000000000002
"('9', '5', '1', '4')",0.02398999999999994
"('9', '5', '2', '4')",0.46754000000000034
"('9', '5', '3', '4')",0.9074404000000007
"('9', '5', '4', '4')",0.9953536999999947
"('9', '5', '5', '4')",0.9999356159999998
"('9', '5', '6', '4')",0.9999998591999986
"('9', '5', '7', '4')",1.0000000000000004
"('9', '5', '8', '4')",1.0000000000000004
"('9', '5', '9', '4')",1.0000000000000004
"('9', '5', '1', '5')",0.028315000000000094
"('9', '5', '2', '5')",0.5134772500000022
"('9', '5', '3', '5')",0.9434372999999974
"('9', '5', '4', '5')",0.9982229175000017
"('9', '5', '5', '5')",0.9999857220625007
"('9', '5', '6', '5')",0.9999999783578114
"('9', '5', '7', '5')",1.0
"('9', '5', '8', '5')",1.0000000000000002
"('9', '5', '9', '5')",1.0
"('9', '5', '1', '6')",0.03393500000000001
"('9', '5', '2', '6')",0.5830982500000009
"('9', '5', '3', '6')",0.9838709375000028
"('9', '5', '4', '6')",0.999891178125
"('9', '5', '5', '6')",0.9999998457812491
"('9', '5', '6', '6')",0.9999999999687462
"('9', '5', '7', '6')",1.0
"('9', '5', '8', '6')",1.0
"('9', '5', '9', '6')",1.0
"('9', '5', '1', '7')",0.0361799999999997
"('9', '5', '2', '7')",0.6547080000000013
"('9', '5', '3', '7')",1.0
"('9', '5', '4', '7')",1.0
"('9', '5', '5', '7')",1.0
"('9', '5', '6', '7')",1.0
"('9', '5', '7', '7')",1.0
"('9', '5', '8', '7')",1.0
"('9', '5', '9', '7')",1.0
"('9', '5', '1', '8')",0.04317000000000001
"('9', '5', '2', '8')",0.7520219999999993
"('9', '5', '3', '8')",1.0
"('9', '5', '4', '8')",1.0
"('9', '5', '5', '8')",1.0
"('9', '5', '6', '8')",1.0
"('9', '5', '7', '8')",1.0
"('9', '5', '8', '8')",1.0
"('9', '5', '9', '8')",1.0
"('9', '6', '1', '0')",0.01628000000000008
"('9', '6', '2', '0')",0.34503800000000306
"('9', '6', '3', '0')",0.8025904
"('9', '6', '4', '0')",0.9818195199999985
"('9', '6', '5', '0')",0.9997887999999996
"('9', '6', '6', '0')",1.0000000000000004
"('9', '6', '7', '0')",1.0
"('9', '6', '8', '0')",1.0000000000000002
"('9', '6', '9', '0')",1.0000000000000002
"('9', '6', '1', '1')",0.02090000000000003
"('9', '6', '2', '1')",0.4030922500000004
"('9', '6', '3', '1')",0.847162412500003
"('9', '6', '4', '1')",0.9890131893750033
"('9', '6', '5', '1')",0.9998822759687479
"('9', '6', '6', '1')",1.0
"('9', '6', '7', '1')",1.0
"('9', '6', '8', '1')",1.0
"('9', '6', '9', '1')",1.0
"('9', '6', '1', '2')",0.02436999999999992
"('9', '6', '2', '2')",0.45762999999999904
"('9', '6', '3', '2')",0.8862858000000007
"('9', '6', '4', '2')",0.9939021399999983
"('9', '6', '5', '2')",0.9999454869999995
"('9', '6', '6', '2')",1.0000000000000002
"('9', '6', '7', '2')",1.0000000000000002
"('9', '6', '8', '2')",1.0000000000000002
"('9', '6', '9', '2')",1.0000000000000002
"('9', '6', '1', '3')",0.03275000000000006
"('9', '6', '2', '3')",0.5118632499999981
"('9', '6', '3', '3')",0.9199166000000001
"('9', '6', '4', '3')",0.9967999749999995
"('9', '6', '5', '3')",0.9999788085937495
"('9', '6', '6', '3')",1.0000000000000004
"('9', '6', '7', '3')",1.0
"('9', '6', '8', '3')",1.0000000000000002
"('9', '6', '9', '3')",1.0000000000000002
"('9', '6', '1', '4')",0.03717999999999998
"('9', '6', '2', '4')",0.5646030000000012
"('9', '6', '3', '4')",0.9471687000000004
"('9', '6', '4', '4')",0.9986156599999986
"('9', '6', '5', '4')",0.9999929759999998
"('9', '6', '6', '4')",1.0000000000000004
"('9', '6', '7', '4')",1.0000000000000004
"('9', '6', '8', '4')",1.0000000000000002
"('9', '6', '9', '4')",1.0000000000000004
"('9', '6', '1', '5')",0.04088500000000005
"('9', '6', '2', '5')",0.6080867499999991
"('9', '6', '3', '5')",0.9698549624999979
"('9', '6', '4', '5')",0.9995292024999988
"('9', '6', '5', '5')",0.9999984255624957
"('9', '6', '6', '5')",1.0000000000000002
"('9', '6', '7', '5')",1.0000000000000002
"('9', '6', '8', '5')",1.0000000000000002
"('9', '6', '9', '5')",1.0
"('9', '6', '1', '6')",0.05120999999999989
"('9', '6', '2', '6')",0.6822940000000014
"('9', '6', '3', '6')",0.9926881250000006
"('9', '6', '4', '6')",0.9999800687500033
"('9', '6', '5', '6')",0.999999990062501
"('9', '6', '6', '6')",1.0000000000000004
"('9', '6', '7', '6')",1.0
"('9', '6', '8', '6')",1.0000000000000004
"('9', '6', '9', '6')",1.0
"('9', '6', '1', '7')",0.057419999999999964
"('9', '6', '2', '7')",0.7525119999999988
"('9', '6', '3', '7')",1.0
"('9', '6', '4', '7')",1.0
"('9', '6', '5', '7')",1.0
"('9', '6', '6', '7')",1.0
"('9', '6', '7', '7')",1.0
"('9', '6', '8', '7')",1.0
"('9', '6', '9', '7')",1.0
"('9', '6', '1', '8')",0.061760000000000245
"('9', '6', '2', '8')",0.8368290000000014
"('9', '6', '3', '8')",1.0
"('9', '6', '4', '8')",1.0
"('9', '6', '5', '8')",1.0
"('9', '6', '6', '8')",1.0
"('9', '6', '7', '8')",1.0
"('9', '6', '8', '8')",1.0
"('9', '6', '9', '8')",1.0
"('9', '7', '1', '0')",0.022870000000000067
"('9', '7', '2', '0')",0.43062599999999934
"('9', '7', '3', '0')",0.8823312000000013
"('9', '7', '4', '0')",0.9955211200000011
"('9', '7', '5', '0')",0.9999928320000014
"('9', '7', '6', '0')",1.0000000000000004
"('9', '7', '7', '0')",1.0
"('9', '7', '8', '0')",1.0000000000000002
"('9', '7', '9', '0')",1.0000000000000004
"('9', '7', '1', '1')",0.030044999999999863
"('9', '7', '2', '1')",0.49458600000000125
"('9', '7', '3', '1')",0.9152507750000024
"('9', '7', '4', '1')",0.9973700781249989
"('9', '7', '5', '1')",0.9999968486874992
"('9', '7', '6', '1')",1.0
"('9', '7', '7', '1')",1.0
"('9', '7', '8', '1')",1.0
"('9', '7', '9', '1')",1.0
"('9', '7', '1', '2')",0.03667000000000006
"('9', '7', '2', '2')",0.5504019999999963
"('9', '7', '3', '2')",0.9396173999999975
"('9', '7', '4', '2')",0.9985344399999989
"('9', '7', '5', '2')",0.9999980560000028
"('9', '7', '6', '2')",1.0000000000000002
"('9', '7', '7', '2')",1.0
"('9', '7', '8', '2')",1.0
"('9', '7', '9', '2')",1.0
"('9', '7', '1', '3')",0.04347000000000005
"('9', '7', '2', '3')",0.6044707500000017
"('9', '7', '3', '3')",0.9590710500000005
"('9', '7', '4', '3')",0.9993573906249972
"('9', '7', '5', '3')",0.9999994140624964
"('9', '7', '6', '3')",1.0
"('9', '7', '7', '3')",1.0
"('9', '7', '8', '3')",1.0
"('9', '7', '9', '3')",1.0
"('9', '7', '1', '4')",0.05390999999999989
"('9', '7', '2', '4')",0.6509139999999987
"('9', '7', '3', '4')",0.9748646
"('9', '7', '4', '4')",0.9997344399999981
"('9', '7', '5', '4')",0.9999996799999981
"('9', '7', '6', '4')",1.0000000000000004
"('9', '7', '7', '4')",1.0000000000000004
"('9', '7', '8', '4')",1.0000000000000004
"('9', '7', '9', '4')",1.0000000000000004
"('9', '7', '1', '5')",0.061090000000000026
"('9', '7', '2', '5')",0.6972709999999991
"('9', '7', '3', '5')",0.9864084625000039
"('9', '7', '4', '5')",0.9999207437500004
"('9', '7', '5', '5')",0.9999999772187492
"('9', '7', '6', '5')",1.0000000000000002
"('9', '7', '7', '5')",1.0000000000000002
"('9', '7', '8', '5')",1.0
"('9', '7', '9', '5')",1.0
"('9', '7', '1', '6')",0.06905500000000013
"('9', '7', '2', '6')",0.7678267499999992
"('9', '7', '3', '6')",0.9975808499999983
"('9', '7', '4', '6')",0.9999976231250007
"('9', '7', '5', '6')",0.9999999998124993
"('9', '7', '6', '6')",1.0000000000000002
"('9', '7', '7', '6')",1.0000000000000002
"('9', '7', '8', '6')",1.0000000000000002
"('9', '7', '9', '6')",1.0
"('9', '7', '1', '7')",0.08224000000000004
"('9', '7', '2', '7')",0.8342800000000016
"('9', '7', '3', '7')",1.0
"('9', '7', '4', '7')",1.0
"('9', '7', '5', '7')",1.0
"('9', '7', '6', '7')",1.0
"('9', '7', '7', '7')",1.0
"('9', '7', '8', '7')",1.0
"('9', '7', '9', '7')",1.0
"('9', '7', '1', '8')",0.08448000000000018
"('9', '7', '2', '8')",0.916803
"('9', '7', '3', '8')",1.0
"('9', '7', '4', '8')",1.0
"('9', '7', '5', '8')",1.0
"('9', '7', '6', '8')",1.0
"('9', '7', '7', '8')",1.0
"('9', '7', '8', '8')",1.0
"('9', '7', '9', '8')",1.0
"('10', '0', '1', '0')",0.0
"('10', '0', '2', '0')",0.0
"('10', '0', '3', '0')",0.028000000000000004
"('10', '0', '4', '0')",0.22470000000000004
"('10', '0', '5', '0')",0.56876
"('10', '0', '6', '0')",0.84384
"('10', '0', '7', '0')",0.9646720000000002
"('10', '0', '8', '0')",0.9954124800000003
"('10', '0', '9', '0')",0.9997378560000002
"('10', '0', '1', '1')",0.0
"('10', '0', '2', '1')",0.0
"('10', '0', '3', '1')",0.06525
"('10', '0', '4', '1')",0.3674874999999999
"('10', '0', '5', '1')",0.7232353124999998
"('10', '0', '6', '1')",0.9220746875000001
"('10', '0', '7', '1')",0.98602918125
"('10', '0', '8', '1')",0.9984880265234375
"('10', '0', '9', '1')",0.9999211843613279
"('10', '0', '1', '2')",0.0
"('10', '0', '2', '2')",0.0
"('10', '0', '3', '2')",0.12200000000000001
"('10', '0', '4', '2')",0.5157
"('10', '0', '5', '2')",0.8381200000000001
"('10', '0', '6', '2')",0.9653050000000001
"('10', '0', '7', '2')",0.9951886000000001
"('10', '0', '8', '2')",0.9995844700000002
"('10', '0', '9', '2')",0.9999803170000003
"('10', '0', '1', '3')",0.0
"('10', '0', '2', '3')",0.0
"('10', '0', '3', '3')",0.20124999999999998
"('10', '0', '4', '3')",0.6574875
"('10', '0', '5', '3')",0.9160859374999999
"('10', '0', '6', '3')",0.9868359374999999
"('10', '0', '7', '3')",0.9986230468749999
"('10', '0', '8', '3')",0.9999114990234372
"('10', '0', '9', '3')",0.999996185302734
"('10', '0', '1', '4')",0.0
"('10', '0', '2', '4')",0.0
"('10', '0', '3', '4')",0.306
"('10', '0', '4', '4')",0.7831000000000001
"('10', '0', '5', '4')",0.9631800000000003
"('10', '0', '6', '4')",0.9960800000000003
"('10', '0', '7', '4')",0.9996960000000004
"('10', '0', '8', '4')",0.9999872000000003
"('10', '0', '9', '4')",0.9999994880000004
"('10', '0', '1', '5')",0.0
"('10', '0', '2', '5')",0.0
"('10', '0', '3', '5')",0.43925
"('10', '0', '4', '5')",0.8848874999999999
"('10', '0', '5', '5')",0.9873615624999998
"('10', '0', '6', '5')",0.9992321874999999
"('10', '0', '7', '5')",0.9999544375000001
"('10', '0', '8', '5')",0.9999990602734377
"('10', '0', '9', '5')",0.9999999615566407
"('10', '0', '1', '6')",0.0
"('10', '0', '2', '6')",0.0
"('10', '0', '3', '6')",0.6682500000000001
"('10', '0', '4', '6')",0.9813375000000003
"('10', '0', '5', '6')",0.9995121875
"('10', '0', '6', '6')",0.9999934375
"('10', '0', '7', '6')",0.999999928125
"('10', '0', '8', '6')",0.9999999996484374
"('10', '0', '9', '6')",0.9999999999980467
"('10', '0', '1', '7')",0.0
"('10', '0', '2', '7')",0.0
"('10', '0', '3', '7')",0.936
"('10', '0', '4', '7')",1.0
"('10', '0', '5', '7')",1.0
"('10', '0', '6', '7')",1.0
"('10', '0', '7', '7')",1.0
"('10', '0', '8', '7')",1.0
"('10', '0', '9', '7')",1.0
"('10', '0', '1', '8')",0.0
"('10', '0', '2', '8')",0.0
"('10', '0', '3', '8')",0.9990000000000001
"('10', '0', '4', '8')",1.0
"('10', '0', '5', '8')",1.0
"('10', '0', '6', '8')",1.0
"('10', '0', '7', '8')",1.0
"('10', '0', '8', '8')",1.0
"('10', '0', '9', '8')",1.0
"('10', '1', '1', '0')",0.0
"('10', '1', '2', '0')",0.017935999999999962
"('10', '1', '3', '0')",0.1118146000000001
"('10', '1', '4', '0')",0.3843999599999999
"('10', '1', '5', '0')",0.717769164000002
"('10', '1', '6', '0')",0.9199583743999976
"('10', '1', '7', '0')",0.9870690099200028
"('10', '1', '8', '0')",0.9990382755839984
"('10', '1', '9', '0')",0.9999878365184014
"('10', '1', '1', '1')",0.0
"('10', '1', '2', '1')",0.02553974999999999
"('10', '1', '3', '1')",0.16724266250000028
"('10', '1', '4', '1')",0.5146550431249992
"('10', '1', '5', '1')",0.8247743186875004
"('10', '1', '6', '1')",0.960997780843749
"('10', '1', '7', '1')",0.994935091062735
"('10', '1', '8', '1')",0.999676518100137
"('10', '1', '9', '1')",0.9999964848225158
"('10', '1', '1', '2')",0.0
"('10', '1', '2', '2')",0.034489
"('10', '1', '3', '2')",0.23884870000000033
"('10', '1', '4', '2')",0.6382974300000043
"('10', '1', '5', '2')",0.8999023509999983
"('10', '1', '6', '2')",0.9831121911999993
"('10', '1', '7', '2')",0.9982939674699995
"('10', '1', '8', '2')",0.9999100902430021
"('10', '1', '9', '2')",0.9999991969336013
"('10', '1', '1', '3')",0.0
"('10', '1', '2', '3')",0.04653150000000017
"('10', '1', '3', '3')",0.3241533875000008
"('10', '1', '4', '3')",0.7518587624999972
"('10', '1', '5', '3')",0.9493463003125017
"('10', '1', '6', '3')",0.9936922132812496
"('10', '1', '7', '3')",0.9995219443359397
"('10', '1', '8', '3')",0.999980116271976
"('10', '1', '9', '3')",0.9999998374938955
"('10', '1', '1', '4')",0.0
"('10', '1', '2', '4')",0.0539669999999999
"('10', '1', '3', '4')",0.4276996000000006
"('10', '1', '4', '4')",0.8467726199999991
"('10', '1', '5', '4')",0.9783374100000006
"('10', '1', '6', '4')",0.9981504119999997
"('10', '1', '7', '4')",0.999897720000001
"('10', '1', '8', '4')",0.9999970842880028
"('10', '1', '9', '4')",0.9999999771136028
"('10', '1', '1', '5')",0.0
"('10', '1', '2', '5')",0.06810924999999982
"('10', '1', '3', '5')",0.5476104249999972
"('10', '1', '4', '5')",0.9206288943750005
"('10', '1', '5', '5')",0.9928456389999999
"('10', '1', '6', '5')",0.9996358145499973
"('10', '1', '7', '5')",0.9999857143147651
"('10', '1', '8', '5')",0.9999997573113409
"('10', '1', '9', '5')",0.9999999982123838
"('10', '1', '1', '6')",0.0
"('10', '1', '2', '6')",0.08927774999999975
"('10', '1', '3', '6')",0.7442288124999986
"('10', '1', '4', '6')",0.9878327262500011
"('10', '1', '5', '6')",0.9997411275312497
"('10', '1', '6', '6')",0.9999971826781231
"('10', '1', '7', '6')",0.9999999788035125
"('10', '1', '8', '6')",0.9999999999311031
"('10', '1', '9', '6')",0.9999999999997711
"('10', '1', '1', '7')",0.0
"('10', '1', '2', '7')",0.10127200000000013
"('10', '1', '3', '7')",0.9544319999999993
"('10', '1', '4', '7')",1.0
"('10', '1', '5', '7')",1.0
"('10', '1', '6', '7')",1.0
"('10', '1', '7', '7')",1.0
"('10', '1', '8', '7')",1.0
"('10', '1', '9', '7')",1.0
"('10', '1', '1', '8')",0.0
"('10', '1', '2', '8')",0.10984000000000008
"('10', '1', '3', '8')",0.9992867000000005
"('10', '1', '4', '8')",1.0
"('10', '1', '5', '8')",1.0
"('10', '1', '6', '8')",1.0
"('10', '1', '7', '8')",1.0
"('10', '1', '8', '8')",1.0
"('10', '1', '9', '8')",1.0
"('10', '2', '1', '0')",0.00028999999999999957
"('10', '2', '2', '0')",0.041641999999999964
"('10', '2', '3', '0')",0.20466310000000038
"('10', '2', '4', '0')",0.5332030399999975
"('10', '2', '5', '0')",0.8288511159999982
"('10', '2', '6', '0')",0.9644369023999991
"('10', '2', '7', '0')",0.9964477644800012
"('10', '2', '8', '0')",0.9999018598400006
"('10', '2', '9', '0')",1.0000000000000002
"('10', '2', '1', '1')",0.0007850000000000027
"('10', '2', '2', '1')",0.05939175000000002
"('10', '2', '3', '1')",0.27514536250000177
"('10', '2', '4', '1')",0.6434763081249982
"('10', '2', '5', '1')",0.8974183110000025
"('10', '2', '6', '1')",0.9831124636000006
"('10', '2', '7', '1')",0.9986272462574975
"('10', '2', '8', '1')",0.999966414887034
"('10', '2', '9', '1')",1.0000000000000002
"('10', '2', '1', '2')",0.0007199999999999999
"('10', '2', '2', '2')",0.07682700000000008
"('10', '2', '3', '2')",0.3553808999999993
"('10', '2', '4', '2')",0.7413565500000003
"('10', '2', '5', '2')",0.9427827519999982
"('10', '2', '6', '2')",0.9928488960999973
"('10', '2', '7', '2')",0.99954103375
"('10', '2', '8', '2')",0.9999913744720001
"('10', '2', '9', '2')",0.9999999999999999
"('10', '2', '1', '3')",0.0011550000000000017
"('10', '2', '2', '3')",0.09825350000000004
"('10', '2', '3', '3')",0.4392469874999999
"('10', '2', '4', '3')",0.8279398881250024
"('10', '2', '5', '3')",0.9720655932812494
"('10', '2', '6', '3')",0.9973947546875044
"('10', '2', '7', '3')",0.9998728234863277
"('10', '2', '8', '3')",0.9999977932739216
"('10', '2', '9', '3')",1.0
"('10', '2', '1', '4')",0.0007900000000000009
"('10', '2', '2', '4')",0.1177889999999999
"('10', '2', '3', '4')",0.5374124000000013
"('10', '2', '4', '4')",0.8969287999999992
"('10', '2', '5', '4')",0.9882747159999997
"('10', '2', '6', '4')",0.999251303200003
"('10', '2', '7', '4')",0.999974127679998
"('10', '2', '8', '4')",0.9999996706560031
"('10', '2', '9', '4')",1.0
"('10', '2', '1', '5')",0.0013849999999999984
"('10', '2', '2', '5')",0.1410422499999994
"('10', '2', '3', '5')",0.6436228624999986
"('10', '2', '4', '5')",0.9479851012500017
"('10', '2', '5', '5')",0.9962893773437513
"('10', '2', '6', '5')",0.9998551684562477
"('10', '2', '7', '5')",0.9999965805533598
"('10', '2', '8', '5')",0.9999999733203053
"('10', '2', '9', '5')",1.0
"('10', '2', '1', '6')",0.0015750000000000002
"('10', '2', '2', '6')",0.17552774999999957
"('10', '2', '3', '6')",0.8108050000000038
"('10', '2', '4', '6')",0.9925456781250014
"('10', '2', '5', '6')",0.999875660593749
"('10', '2', '6', '6')",0.9999990082484396
"('10', '2', '7', '6')",0.9999999954482015
"('10', '2', '8', '6')",0.9999999999936097
"('10', '2', '9', '6')",1.0000000000000002
"('10', '2', '1', '7')",0.0021399999999999987
"('10', '2', '2', '7')",0.20542800000000006
"('10', '2', '3', '7')",0.9688704000000002
"('10', '2', '4', '7')",1.0
"('10', '2', '5', '7')",1.0
"('10', '2', '6', '7')",1.0
"('10', '2', '7', '7')",1.0
"('10', '2', '8', '7')",1.0
"('10', '2', '9', '7')",1.0
"('10', '2', '1', '8')",0.0022400000000000063
"('10', '2', '2', '8')",0.21940400000000015
"('10', '2', '3', '8')",0.999514400000001
"('10', '2', '4', '8')",1.0
"('10', '2', '5', '8')",1.0
"('10', '2', '6', '8')",1.0
"('10', '2', '7', '8')",1.0
"('10', '2', '8', '8')",1.0
"('10', '2', '9', '8')",1.0
"('10', '3', '1', '0')",0.0010799999999999985
"('10', '3', '2', '0')",0.07346099999999971
"('10', '3', '3', '0')",0.3086085000000008
"('10', '3', '4', '0')",0.664591309999998
"('10', '3', '5', '0')",0.907653796000002
"('10', '3', '6', '0')",0.9869699328000009
"('10', '3', '7', '0')",0.9993930547200022
"('10', '3', '8', '0')",0.9999973130240036
"('10', '3', '9', '0')",1.0
"('10', '3', '1', '1')",0.0019349999999999934
"('10', '3', '2', '1')",0.10043674999999987
"('10', '3', '3', '1')",0.3854375999999997
"('10', '3', '4', '1')",0.7517356362500013
"('10', '3', '5', '1')",0.9459745807812479
"('10', '3', '6', '1')",0.9940966237843748
"('10', '3', '7', '1')",0.9997547714264856
"('10', '3', '8', '1')",0.9999987839872903
"('10', '3', '9', '1')",1.0
"('10', '3', '1', '2')",0.002829999999999999
"('10', '3', '2', '2')",0.12605399999999936
"('10', '3', '3', '2')",0.46529099999999923
"('10', '3', '4', '2')",0.8268155700000025
"('10', '3', '5', '2')",0.9709607620000039
"('10', '3', '6', '2')",0.9975410344000016
"('10', '3', '7', '2')",0.9999213579100014
"('10', '3', '8', '2')",0.9999996391449975
"('10', '3', '9', '2')",0.9999999999999999
"('10', '3', '1', '3')",0.003325000000000003
"('10', '3', '2', '3')",0.1561900000000001
"('10', '3', '3', '3')",0.5498237499999992
"('10', '3', '4', '3')",0.8883028462499992
"('10', '3', '5', '3')",0.985925281562503
"('10', '3', '6', '3')",0.9991419179687532
"('10', '3', '7', '3')",0.9999781850585944
"('10', '3', '8', '3')",0.9999999069213861
"('10', '3', '9', '3')",0.9999999999999998
"('10', '3', '1', '4')",0.0035000000000000074
"('10', '3', '2', '4')",0.18620899999999985
"('10', '3', '3', '4')",0.6382781999999989
"('10', '3', '4', '4')",0.9350941900000033
"('10', '3', '5', '4')",0.994470038
"('10', '3', '6', '4')",0.9997610103999993
"('10', '3', '7', '4')",0.9999957785599984
"('10', '3', '8', '4')",0.9999999869439983
"('10', '3', '9', '4')",1.0000000000000004
"('10', '3', '1', '5')",0.004289999999999993
"('10', '3', '2', '5')",0.21335050000000028
"('10', '3', '3', '5')",0.728601112500001
"('10', '3', '4', '5')",0.9684847931250001
"('10', '3', '5', '5')",0.9983004132812524
"('10', '3', '6', '5')",0.9999543856937488
"('10', '3', '7', '5')",0.9999994800179672
"('10', '3', '8', '5')",0.9999999986416661
"('10', '3', '9', '5')",1.0000000000000002
"('10', '3', '1', '6')",0.004949999999999998
"('10', '3', '2', '6')",0.2673827500000011
"('10', '3', '3', '6')",0.8636587500000003
"('10', '3', '4', '6')",0.9957954249999991
"('10', '3', '5', '6')",0.9999480503437481
"('10', '3', '6', '6')",0.9999997212999984
"('10', '3', '7', '6')",0.9999999993844575
"('10', '3', '8', '6')",0.9999999999996804
"('10', '3', '9', '6')",1.0000000000000004
"('10', '3', '1', '7')",0.005260000000000005
"('10', '3', '2', '7')",0.3034840000000001
"('10', '3', '3', '7')",0.9802111999999966
"('10', '3', '4', '7')",1.0
"('10', '3', '5', '7')",1.0
"('10', '3', '6', '7')",0.9999999999999999
"('10', '3', '7', '7')",1.0
"('10', '3', '8', '7')",1.0
"('10', '3', '9', '7')",1.0
"('10', '3', '1', '8')",0.006640000000000009
"('10', '3', '2', '8')",0.32509800000000033
"('10', '3', '3', '8')",0.9996892000000002
"('10', '3', '4', '8')",1.0
"('10', '3', '5', '8')",1.0
"('10', '3', '6', '8')",1.0
"('10', '3', '7', '8')",1.0
"('10', '3', '8', '8')",1.0
"('10', '3', '9', '8')",1.0
"('10', '4', '1', '0')",0.002970000000000009
"('10', '4', '2', '0')",0.11398300000000026
"('10', '4', '3', '0')",0.41637409999999986
"('10', '4', '4', '0')",0.7767223399999984
"('10', '4', '5', '0')",0.9561815680000013
"('10', '4', '6', '0')",0.9966816960000018
"('10', '4', '7', '0')",0.9999320883200028
"('10', '4', '8', '0')",1.0000000000000002
"('10', '4', '9', '0')",1.0
"('10', '4', '1', '1')",0.004359999999999996
"('10', '4', '2', '1')",0.14873774999999975
"('10', '4', '3', '1')",0.4953771750000009
"('10', '4', '4', '1')",0.8388447993750021
"('10', '4', '5', '1')",0.9751588878124992
"('10', '4', '6', '1')",0.9984462936062501
"('10', '4', '7', '1')",0.9999791632591409
"('10', '4', '8', '1')",1.0
"('10', '4', '9', '1')",1.0
"('10', '4', '1', '2')",0.004840000000000032
"('10', '4', '2', '2')",0.1791419999999996
"('10', '4', '3', '2')",0.5724409999999998
"('10', '4', '4', '2')",0.8917365900000016
"('10', '4', '5', '2')",0.9873168849999979
"('10', '4', '6', '2')",0.9993887145999999
"('10', '4', '7', '2')",0.9999931619800003
"('10', '4', '8', '2')",1.0
"('10', '4', '9', '2')",1.0
"('10', '4', '1', '3')",0.006835000000000001
"('10', '4', '2', '3')",0.22245425000000074
"('10', '4', '3', '3')",0.6505313000000019
"('10', '4', '4', '3')",0.9325437893749988
"('10', '4', '5', '3')",0.9940386879687503
"('10', '4', '6', '3')",0.9997893017578113
"('10', '4', '7', '3')",0.999998165283204
"('10', '4', '8', '3')",1.0000000000000002
"('10', '4', '9', '3')",1.0
"('10', '4', '1', '4')",0.006490000000000016
"('10', '4', '2', '4')",0.2612230000000007
"('10', '4', '3', '4')",0.7264799000000006
"('10', '4', '4', '4')",0.9623870799999976
"('10', '4', '5', '4')",0.9976996299999954
"('10', '4', '6', '4')",0.9999466152000029
"('10', '4', '7', '4')",0.9999996531200039
"('10', '4', '8', '4')",1.0
"('10', '4', '9', '4')",1.0000000000000004
"('10', '4', '1', '5')",0.007489999999999999
"('10', '4', '2', '5')",0.29685299999999937
"('10', '4', '3', '5')",0.800544550000001
"('10', '4', '4', '5')",0.9822111593749993
"('10', '4', '5', '5')",0.9993302119375017
"('10', '4', '6', '5')",0.999989227042188
"('10', '4', '7', '5')",0.9999999556904666
"('10', '4', '8', '5')",0.9999999999999999
"('10', '4', '9', '5')",1.0000000000000002
"('10', '4', '1', '6')",0.009655000000000004
"('10', '4', '2', '6')",0.3548989999999994
"('10', '4', '3', '6')",0.9073873250000017
"('10', '4', '4', '6')",0.9978732768749979
"('10', '4', '5', '6')",0.9999820420625009
"('10', '4', '6', '6')",0.9999999472312507
"('10', '4', '7', '6')",0.9999999999670224
"('10', '4', '8', '6')",1.0000000000000002
"('10', '4', '9', '6')",1.0
"('10', '4', '1', '7')",0.01082
"('10', '4', '2', '7')",0.40767199999999937
"('10', '4', '3', '7')",0.9885055999999983
"('10', '4', '4', '7')",1.0
"('10', '4', '5', '7')",1.0
"('10', '4', '6', '7')",1.0
"('10', '4', '7', '7')",1.0
"('10', '4', '8', '7')",1.0
"('10', '4', '9', '7')",1.0
"('10', '4', '1', '8')",0.013109999999999958
"('10', '4', '2', '8')",0.4210640000000005
"('10', '4', '3', '8')",0.999812
"('10', '4', '4', '8')",1.0
"('10', '4', '5', '8')",1.0
"('10', '4', '6', '8')",1.0
"('10', '4', '7', '8')",1.0
"('10', '4', '8', '8')",1.0
"('10', '4', '9', '8')",1.0
"('10', '5', '1', '0')",0.005389999999999995
"('10', '5', '2', '0')",0.1606780000000002
"('10', '5', '3', '0')",0.5253011999999999
"('10', '5', '4', '0')",0.8632122900000014
"('10', '5', '5', '0')",0.982967932
"('10', '5', '6', '0')",0.999394022400001
"('10', '5', '7', '0')",0.9999980339200042
"('10', '5', '8', '0')",1.0000000000000002
"('10', '5', '9', '0')",1.0
"('10', '5', '1', '1')",0.006725000000000016
"('10', '5', '2', '1')",0.20326975000000008
"('10', '5', '3', '1')",0.6043033499999999
"('10', '5', '4', '1')",0.9058803412500018
"('10', '5', '5', '1')",0.9908262399062493
"('10', '5', '6', '1')",0.9997454377265614
"('10', '5', '7', '1')",0.9999990349105456
"('10', '5', '8', '1')",1.0
"('10', '5', '9', '1')",0.9999999999999999
"('10', '5', '1', '2')",0.009089999999999989
"('10', '5', '2', '2')",0.24341200000000007
"('10', '5', '3', '2')",0.6712726999999968
"('10', '5', '4', '2')",0.9393521500000012
"('10', '5', '5', '2')",0.9953331970000039
"('10', '5', '6', '2')",0.9998939142999996
"('10', '5', '7', '2')",0.9999996719499997
"('10', '5', '8', '2')",1.0000000000000002
"('10', '5', '9', '2')",1.0
"('10', '5', '1', '3')",0.010254999999999985
"('10', '5', '2', '3')",0.2915172499999993
"('10', '5', '3', '3')",0.7387136749999988
"('10', '5', '4', '3')",0.9626671675000003
"('10', '5', '5', '3')",0.9980053392187473
"('10', '5', '6', '3')",0.9999665771484383
"('10', '5', '7', '3')",0.9999999389648451
"('10', '5', '8', '3')",0.9999999999999999
"('10', '5', '9', '3')",0.9999999999999999
"('10', '5', '1', '4')",0.012550000000000016
"('10', '5', '2', '4')",0.33248000000000055
"('10', '5', '3', '4')",0.8040591999999999
"('10', '5', '4', '4')",0.9803867100000014
"('10', '5', '5', '4')",0.999249731999998
"('10', '5', '6', '4')",0.9999914815999986
"('10', '5', '7', '4')",0.9999999897600018
"('10', '5', '8', '4')",1.0000000000000004
"('10', '5', '9', '4')",1.0000000000000004
"('10', '5', '1', '5')",0.014744999999999972
"('10', '5', '2', '5')",0.37216250000000045
"('10', '5', '3', '5')",0.8613011875000017
"('10', '5', '4', '5')",0.9913643887500002
"('10', '5', '5', '5')",0.999799911812499
"('10', '5', '6', '5')",0.9999985832593741
"('10', '5', '7', '5')",0.999999997437112
"('10', '5', '8', '5')",1.0
"('10', '5', '9', '5')",1.0000000000000002
"('10', '5', '1', '6')",0.016499999999999994
"('10', '5', '2', '6')",0.4408952499999999
"('10', '5', '3', '6')",0.9411488125000018
"('10', '5', '4', '6')",0.9990735406250033
"('10', '5', '5', '6')",0.9999957360937473
"('10', '5', '6', '6')",0.9999999951250016
"('10', '5', '7', '6')",0.9999999999994676
"('10', '5', '8', '6')",1.0
"('10', '5', '9', '6')",0.9999999999999999
"('10', '5', '1', '7')",0.016600000000000004
"('10', '5', '2', '7')",0.49424400000000024
"('10', '5', '3', '7')",0.9938751999999986
"('10', '5', '4', '7')",1.0
"('10', '5', '5', '7')",1.0
"('10', '5', '6', '7')",1.0
"('10', '5', '7', '7')",1.0
"('10', '5', '8', '7')",1.0
"('10', '5', '9', '7')",1.0
"('10', '5', '1', '8')",0.021550000000000007
"('10', '5', '2', '8')",0.5091510000000016
"('10', '5', '3', '8')",0.999900899999999
"('10', '5', '4', '8')",1.0
"('10', '5', '5', '8')",1.0
"('10', '5', '6', '8')",1.0
"('10', '5', '7', '8')",1.0
"('10', '5', '8', '8')",1.0
"('10', '5', '9', '8')",1.0
"('10', '6', '1', '0')",0.008349999999999979
"('10', '6', '2', '0')",0.21337900000000107
"('10', '6', '3', '0')",0.635536400000002
"('10', '6', '4', '0')",0.9278156400000006
"('10', '6', '5', '0')",0.9950929919999976
"('10', '6', '6', '0')",0.9999475712000028
"('10', '6', '7', '0')",1.0000000000000004
"('10', '6', '8', '0')",1.0000000000000004
"('10', '6', '9', '0')",1.0000000000000002
"('10', '6', '1', '1')",0.011135000000000034
"('10', '6', '2', '1')",0.2629837500000008
"('10', '6', '3', '1')",0.7010189750000002
"('10', '6', '4', '1')",0.9517094912499977
"('10', '6', '5', '1')",0.99754007290625
"('10', '6', '6', '1')",0.9999737128015594
"('10', '6', '7', '1')",1.0
"('10', '6', '8', '1')",1.0
"('10', '6', '9', '1')",1.0
"('10', '6', '1', '2')",0.015209999999999998
"('10', '6', '2', '2')",0.3154940000000003
"('10', '6', '3', '2')",0.7623982000000002
"('10', '6', '4', '2')",0.9698096099999991
"('10', '6', '5', '2')",0.99876016
"('10', '6', '6', '2')",0.9999900369999996
"('10', '6', '7', '2')",1.0
"('10', '6', '8', '2')",1.0000000000000002
"('10', '6', '9', '2')",1.0000000000000002
"('10', '6', '1', '3')",0.016264999999999984
"('10', '6', '2', '3')",0.3613722500000006
"('10', '6', '3', '3')",0.8159166999999987
"('10', '6', '4', '3')",0.9827086375000034
"('10', '6', '5', '3')",0.9994828476562477
"('10', '6', '6', '3')",0.9999973046874993
"('10', '6', '7', '3')",1.0
"('10', '6', '8', '3')",1.0
"('10', '6', '9', '3')",1.0000000000000002
"('10', '6', '1', '4')",0.018599999999999943
"('10', '6', '2', '4')",0.41348399999999946
"('10', '6', '3', '4')",0.865910200000002
"('10', '6', '4', '4')",0.9909791400000001
"('10', '6', '5', '4')",0.9998302040000002
"('10', '6', '6', '4')",0.9999992287999995
"('10', '6', '7', '4')",1.0000000000000004
"('10', '6', '8', '4')",1.0000000000000002
"('10', '6', '9', '4')",1.0000000000000002
"('10', '6', '1', '5')",0.021825000000000067
"('10', '6', '2', '5')",0.4529545000000005
"('10', '6', '3', '5')",0.9096220999999949
"('10', '6', '4', '5')",0.9963232381249985
"('10', '6', '5', '5')",0.9999560085625016
"('10', '6', '6', '5')",0.9999999126718762
"('10', '6', '7', '5')",1.0
"('10', '6', '8', '5')",1.0000000000000002
"('10', '6', '9', '5')",1.0
"('10', '6', '1', '6')",0.024274999999999984
"('10', '6', '2', '6')",0.531549250000001
"('10', '6', '3', '6')",0.9658254000000009
"('10', '6', '4', '6')",0.9996801868749984
"('10', '6', '5', '6')",0.9999993611562501
"('10', '6', '6', '6')",0.9999999997624988
"('10', '6', '7', '6')",1.0000000000000002
"('10', '6', '8', '6')",1.0000000000000002
"('10', '6', '9', '6')",1.0
"('10', '6', '1', '7')",0.028879999999999965
"('10', '6', '2', '7')",0.5839880000000012
"('10', '6', '3', '7')",0.9976512000000014
"('10', '6', '4', '7')",1.0
"('10', '6', '5', '7')",1.0
"('10', '6', '6', '7')",1.0
"('10', '6', '7', '7')",1.0
"('10', '6', '8', '7')",1.0
"('10', '6', '9', '7')",1.0
"('10', '6', '1', '8')",0.031169999999999847
"('10', '6', '2', '8')",0.6067900000000007
"('10', '6', '3', '8')",0.9999599000000003
"('10', '6', '4', '8')",1.0
"('10', '6', '5', '8')",1.0
"('10', '6', '6', '8')",1.0
"('10', '6', '7', '8')",1.0
"('10', '6', '8', '8')",1.0
"('10', '6', '9', '8')",1.0
"('10', '7', '1', '0')",0.012420000000000007
"('10', '7', '2', '0')",0.2803400000000005
"('10', '7', '3', '0')",0.7385505999999997
"('10', '7', '4', '0')",0.9680690799999965
"('10', '7', '5', '0')",0.9991758720000006
"('10', '7', '6', '0')",0.9999987711999986
"('10', '7', '7', '0')",1.0000000000000002
"('10', '7', '8', '0')",1.0
"('10', '7', '9', '0')",1.0000000000000004
"('10', '7', '1', '1')",0.016119999999999985
"('10', '7', '2', '1')",0.3339362500000011
"('10', '7', '3', '1')",0.7930964249999959
"('10', '7', '4', '1')",0.9795558693749982
"('10', '7', '5', '1')",0.9995512595312518
"('10', '7', '6', '1')",0.9999996323468774
"('10', '7', '7', '1')",1.0
"('10', '7', '8', '1')",1.0
"('10', '7', '9', '1')",0.9999999999999999
"('10', '7', '1', '2')",0.020140000000000054
"('10', '7', '2', '2')",0.3873419999999994
"('10', '7', '3', '2')",0.8375514999999969
"('10', '7', '4', '2')",0.9878947300000016
"('10', '7', '5', '2')",0.9997843240000034
"('10', '7', '6', '2')",0.9999995625999984
"('10', '7', '7', '2')",1.0
"('10', '7', '8', '2')",1.0000000000000004
"('10', '7', '9', '2')",1.0
"('10', '7', '1', '3')",0.02322999999999993
"('10', '7', '2', '3')",0.43969674999999925
"('10', '7', '3', '3')",0.8806080624999993
"('10', '7', '4', '3')",0.9932510624999971
"('10', '7', '5', '3')",0.9999264921875028
"('10', '7', '6', '3')",0.9999998046875018
"('10', '7', '7', '3')",1.0000000000000002
"('10', '7', '8', '3')",1.0
"('10', '7', '9', '3')",1.0000000000000002
"('10', '7', '1', '4')",0.028360000000000034
"('10', '7', '2', '4')",0.490748
"('10', '7', '3', '4')",0.9157436999999996
"('10', '7', '4', '4')",0.9968074499999999
"('10', '7', '5', '4')",0.9999734879999971
"('10', '7', '6', '4')",0.9999999680000003
"('10', '7', '7', '4')",1.0000000000000004
"('10', '7', '8', '4')",1.0000000000000004
"('10', '7', '9', '4')",1.0000000000000004
"('10', '7', '1', '5')",0.03280499999999982
"('10', '7', '2', '5')",0.5401530000000005
"('10', '7', '3', '5')",0.9468365750000003
"('10', '7', '4', '5')",0.9988139968750008
"('10', '7', '5', '5')",0.9999935689374989
"('10', '7', '6', '5')",0.9999999977218755
"('10', '7', '7', '5')",1.0000000000000002
"('10', '7', '8', '5')",1.0
"('10', '7', '9', '5')",1.0000000000000002
"('10', '7', '1', '6')",0.03767499999999994
"('10', '7', '2', '6')",0.6162067500000018
"('10', '7', '3', '6')",0.9828685125000003
"('10', '7', '4', '6')",0.9999224193750007
"('10', '7', '5', '6')",0.999999935562503
"('10', '7', '6', '6')",0.9999999999952927
"('10', '7', '7', '6')",1.0000000000000004
"('10', '7', '8', '6')",1.0000000000000002
"('10', '7', '9', '6')",1.0
"('10', '7', '1', '7')",0.042099999999999894
"('10', '7', '2', '7')",0.6662520000000003
"('10', '7', '3', '7')",0.9991679999999995
"('10', '7', '4', '7')",1.0
"('10', '7', '5', '7')",1.0
"('10', '7', '6', '7')",1.0
"('10', '7', '7', '7')",1.0
"('10', '7', '8', '7')",1.0
"('10', '7', '9', '7')",1.0
"('10', '7', '1', '8')",0.04424000000000001
"('10', '7', '2', '8')",0.698724000000004
"('10', '7', '3', '8')",0.9999886000000006
"('10', '7', '4', '8')",1.0
"('10', '7', '5', '8')",1.0
"('10', '7', '6', '8')",1.0
"('10', '7', '7', '8')",1.0
"('10', '7', '8', '8')",1.0
"('10', '7', '9', '8')",1.0
"('11', '0', '1', '0')",0.0
"('11', '0', '2', '0')",0.0
"('11', '0', '3', '0')",0.007000000000000002
"('11', '0', '4', '0')",0.11230000000000002
"('11', '0', '5', '0')",0.39673
"('11', '0', '6', '0')",0.7168800000000001
"('11', '0', '7', '0')",0.9118080000000003
"('11', '0', '8', '0')",0.9824691200000003
"('11', '0', '9', '0')",0.9979683840000002
"('11', '0', '1', '1')",0.0
"('11', '0', '2', '1')",0.0
"('11', '0', '3', '1')",0.02025
"('11', '0', '4', '1')",0.21751250000000003
"('11', '0', '5', '1')",0.57088375
"('11', '0', '6', '1')",0.8437512500000001
"('11', '0', '7', '1')",0.9621054671875
"('11', '0', '8', '1')",0.9939842757421875
"('11', '0', '9', '1')",0.9994145123984375
"('11', '0', '1', '2')",0.0
"('11', '0', '2', '2')",0.0
"('11', '0', '3', '2')",0.044000000000000004
"('11', '0', '4', '2')",0.3473000000000001
"('11', '0', '5', '2')",0.7208000000000002
"('11', '0', '6', '2')",0.9230500000000004
"('11', '0', '7', '2')",0.9857764000000003
"('11', '0', '8', '2')",0.9982431100000004
"('11', '0', '9', '2')",0.9998622190000006
"('11', '0', '1', '3')",0.0
"('11', '0', '2', '3')",0.0
"('11', '0', '3', '3')",0.08124999999999999
"('11', '0', '4', '3')",0.49251249999999985
"('11', '0', '5', '3')",0.8377599999999998
"('11', '0', '6', '3')",0.9674062499999996
"('11', '0', '7', '3')",0.9955810546874997
"('11', '0', '8', '3')",0.9995867919921869
"('11', '0', '9', '3')",0.9999755859374994
"('11', '0', '1', '4')",0.0
"('11', '0', '2', '4')",0.0
"('11', '0', '3', '4')",0.13499999999999998
"('11', '0', '4', '4')",0.6419
"('11', '0', '5', '4')",0.9195700000000002
"('11', '0', '6', '4')",0.9888200000000001
"('11', '0', '7', '4')",0.9989680000000003
"('11', '0', '8', '4')",0.9999283200000002
"('11', '0', '9', '4')",0.9999971840000004
"('11', '0', '1', '5')",0.0
"('11', '0', '2', '5')",0.0
"('11', '0', '3', '5')",0.20825
"('11', '0', '4', '5')",0.7821124999999999
"('11', '0', '5', '5')",0.9691362499999998
"('11', '0', '6', '5')",0.9971987499999999
"('11', '0', '7', '5')",0.9998525546875
"('11', '0', '8', '5')",0.9999921119921874
"('11', '0', '9', '5')",0.9999998462265625
"('11', '0', '1', '6')",0.0
"('11', '0', '2', '6')",0.0
"('11', '0', '3', '6')",0.36450000000000005
"('11', '0', '4', '6')",0.9446625000000002
"('11', '0', '5', '6')",0.998105625
"('11', '0', '6', '6')",0.9999615624999999
"('11', '0', '7', '6')",0.9999995562499997
"('11', '0', '8', '6')",0.999999995742187
"('11', '0', '9', '6')",0.9999999999804682
"('11', '0', '1', '7')",0.0
"('11', '0', '2', '7')",0.0
"('11', '0', '3', '7')",0.6479999999999999
"('11', '0', '4', '7')",1.0
"('11', '0', '5', '7')",1.0
"('11', '0', '6', '7')",1.0
"('11', '0', '7', '7')",1.0
"('11', '0', '8', '7')",1.0
"('11', '0', '9', '7')",1.0
"('11', '0', '1', '8')",0.0
"('11', '0', '2', '8')",0.0
"('11', '0', '3', '8')",0.9720000000000002
"('11', '0', '4', '8')",1.0000000000000002
"('11', '0', '5', '8')",1.0000000000000002
"('11', '0', '6', '8')",1.0000000000000002
"('11', '0', '7', '8')",1.0000000000000002
"('11', '0', '8', '8')",1.0000000000000002
"('11', '0', '9', '8')",1.0000000000000002
"('11', '1', '1', '0')",0.0
"('11', '1', '2', '0')",0.007664000000000014
"('11', '1', '3', '0')",0.05692560000000012
"('11', '1', '4', '0')",0.24299663000000027
"('11', '1', '5', '0')",0.5621295940000007
"('11', '1', '6', '0')",0.8310250399999997
"('11', '1', '7', '0')",0.9590012364799997
"('11', '1', '8', '0')",0.9941453414400022
"('11', '1', '9', '0')",0.9996216868864006
"('11', '1', '1', '1')",0.0
"('11', '1', '2', '1')",0.012517749999999994
"('11', '1', '3', '1')",0.09047264999999988
"('11', '1', '4', '1')",0.3564821918749995
"('11', '1', '5', '1')",0.698803575874998
"('11', '1', '6', '1')",0.9093338427859399
"('11', '1', '7', '1')",0.982665211992423
"('11', '1', '8', '1')",0.9980330599173485
"('11', '1', '9', '1')",0.999889419407067
"('11', '1', '1', '2')",0.0
"('11', '1', '2', '2')",0.018767000000000013
"('11', '1', '3', '2')",0.13397540000000013
"('11', '1', '4', '2')",0.4804871500000005
"('11', '1', '5', '2')",0.8110253120000028
"('11', '1', '6', '2')",0.9567095923000014
"('11', '1', '7', '2')",0.9936578182600009
"('11', '1', '8', '2')",0.9994326892840021
"('11', '1', '9', '2')",0.9999726603129977
"('11', '1', '1', '3')",0.0
"('11', '1', '2', '3')",0.025277999999999995
"('11', '1', '3', '3')",0.1869748000000001
"('11', '1', '4', '3')",0.608468706875002
"('11', '1', '5', '3')",0.8930653860937441
"('11', '1', '6', '3')",0.9820762926953114
"('11', '1', '7', '3')",0.9980770773925796
"('11', '1', '8', '3')",0.9998697128295893
"('11', '1', '9', '3')",0.9999950617218041
"('11', '1', '1', '4')",0.0
"('11', '1', '2', '4')",0.03473300000000006
"('11', '1', '3', '4')",0.2513304
"('11', '1', '4', '4')",0.7294557300000005
"('11', '1', '5', '4')",0.9483730530000004
"('11', '1', '6', '4')",0.9940022379999991
"('11', '1', '7', '4')",0.999556740640002
"('11', '1', '8', '4')",0.9999781089280031
"('11', '1', '9', '4')",0.9999994132992003
"('11', '1', '1', '5')",0.0
"('11', '1', '2', '5')",0.04325349999999998
"('11', '1', '3', '5')",0.3353193624999995
"('11', '1', '4', '5')",0.8403634231250003
"('11', '1', '5', '5')",0.9806036924375019
"('11', '1', '6', '5')",0.9985603103874992
"('11', '1', '7', '5')",0.999936241096799
"('11', '1', '8', '5')",0.9999977521085662
"('11', '1', '9', '5')",0.9999999635518513
"('11', '1', '1', '6')",0.0
"('11', '1', '2', '6')",0.05736374999999997
"('11', '1', '3', '6')",0.49345514999999956
"('11', '1', '4', '6')",0.9615520962500039
"('11', '1', '5', '6')",0.9988821622187462
"('11', '1', '6', '6')",0.9999814945296889
"('11', '1', '7', '6')",0.9999998294511705
"('11', '1', '8', '6')",0.9999999988563572
"('11', '1', '9', '6')",0.9999999999965766
"('11', '1', '1', '7')",0.0
"('11', '1', '2', '7')",0.07714
"('11', '1', '3', '7')",0.7331967999999994
"('11', '1', '4', '7')",1.0
"('11', '1', '5', '7')",1.0
"('11', '1', '6', '7')",1.0
"('11', '1', '7', '7')",1.0
"('11', '1', '8', '7')",1.0
"('11', '1', '9', '7')",1.0
"('11', '1', '1', '8')",0.0
"('11', '1', '2', '8')",0.09398000000000002
"('11', '1', '3', '8')",0.9791812999999996
"('11', '1', '4', '8')",1.0000000000000002
"('11', '1', '5', '8')",1.0
"('11', '1', '6', '8')",1.0
"('11', '1', '7', '8')",1.0
"('11', '1', '8', '8')",1.0
"('11', '1', '9', '8')",1.0000000000000002
"('11', '2', '1', '0')",0.00010999999999999995
"('11', '2', '2', '0')",0.02005499999999998
"('11', '2', '3', '0')",0.12091829999999991
"('11', '2', '4', '0')",0.37637585000000123
"('11', '2', '5', '0')",0.700961223000002
"('11', '2', '6', '0')",0.9083367136000005
"('11', '2', '7', '0')",0.9836057062400018
"('11', '2', '8', '0')",0.9985757839360029
"('11', '2', '9', '0')",0.999965108633602
"('11', '2', '1', '1')",0.00027000000000000044
"('11', '2', '2', '1')",0.03060150000000005
"('11', '2', '3', '1')",0.16822053750000007
"('11', '2', '4', '1')",0.4905007818749993
"('11', '2', '5', '1')",0.8013583585625018
"('11', '2', '6', '1')",0.9521371056375013
"('11', '2', '7', '1')",0.9933661716810918
"('11', '2', '8', '1')",0.9995128894811932
"('11', '2', '9', '1')",0.9999895467944352
"('11', '2', '1', '2')",0.00044000000000000153
"('11', '2', '2', '2')",0.04328400000000019
"('11', '2', '3', '2')",0.22837209999999983
"('11', '2', '4', '2')",0.5986385400000017
"('11', '2', '5', '2')",0.8786959659999993
"('11', '2', '6', '2')",0.9778199733999985
"('11', '2', '7', '2')",0.9976259952999982
"('11', '2', '8', '2')",0.9998616073689981
"('11', '2', '9', '2')",0.9999974845125976
"('11', '2', '1', '3')",0.00035000000000000157
"('11', '2', '2', '3')",0.05730400000000006
"('11', '2', '3', '3')",0.29189066250000006
"('11', '2', '4', '3')",0.7073498299999982
"('11', '2', '5', '3')",0.933177539218754
"('11', '2', '6', '3')",0.9911540351562482
"('11', '2', '7', '3')",0.9992901848632855
"('11', '2', '8', '3')",0.9999689910888664
"('11', '2', '9', '3')",0.9999995498657197
"('11', '2', '1', '4')",0.0006900000000000009
"('11', '2', '2', '4')",0.07376499999999987
"('11', '2', '3', '4')",0.36555729999999975
"('11', '2', '4', '4')",0.8042013400000013
"('11', '2', '5', '4')",0.968882886000002
"('11', '2', '6', '4')",0.9971262376000009
"('11', '2', '7', '4')",0.9998382520000018
"('11', '2', '8', '4')",0.9999948439680024
"('11', '2', '9', '4')",0.9999999459071989
"('11', '2', '1', '5')",0.0005250000000000006
"('11', '2', '2', '5')",0.09516474999999976
"('11', '2', '3', '5')",0.45165133749999914
"('11', '2', '4', '5')",0.8872453031249987
"('11', '2', '5', '5')",0.9886515438124986
"('11', '2', '6', '5')",0.9993316925406242
"('11', '2', '7', '5')",0.9999770480171879
"('11', '2', '8', '5')",0.9999995083977138
"('11', '2', '9', '5')",0.9999999959877954
"('11', '2', '1', '6')",0.0013049999999999989
"('11', '2', '2', '6')",0.12002599999999944
"('11', '2', '3', '6')",0.601095075000003
"('11', '2', '4', '6')",0.9746461950000018
"('11', '2', '5', '6')",0.9993877992812509
"('11', '2', '6', '6')",0.9999920813390573
"('11', '2', '7', '6')",0.9999999454240621
"('11', '2', '8', '6')",0.9999999997730477
"('11', '2', '9', '6')",0.9999999999995333
"('11', '2', '1', '7')",0.001020000000000004
"('11', '2', '2', '7')",0.15466000000000005
"('11', '2', '3', '7')",0.8055999999999984
"('11', '2', '4', '7')",1.0
"('11', '2', '5', '7')",1.0
"('11', '2', '6', '7')",1.0
"('11', '2', '7', '7')",1.0
"('11', '2', '8', '7')",1.0
"('11', '2', '9', '7')",1.0
"('11', '2', '1', '8')",0.00117
"('11', '2', '2', '8')",0.18833900000000017
"('11', '2', '3', '8')",0.9850321
"('11', '2', '4', '8')",1.0000000000000002
"('11', '2', '5', '8')",1.0
"('11', '2', '6', '8')",1.0
"('11', '2', '7', '8')",1.0
"('11', '2', '8', '8')",1.0000000000000002
"('11', '2', '9', '8')",1.0000000000000002
"('11', '3', '1', '0')",0.0004599999999999991
"('11', '3', '2', '0')",0.0380259999999999
"('11', '3', '3', '0')",0.19565660000000007
"('11', '3', '4', '0')",0.5081735200000009
"('11', '3', '5', '0')",0.8083202179999995
"('11', '3', '6', '0')",0.9557359791999986
"('11', '3', '7', '0')",0.9948386713599987
"('11', '3', '8', '0')",0.9997834608639977
"('11', '3', '9', '0')",0.9999989252096003
"('11', '3', '1', '1')",0.0007149999999999988
"('11', '3', '2', '1')",0.055923250000000056
"('11', '3', '3', '1')",0.2588821499999994
"('11', '3', '4', '1')",0.6090882549999999
"('11', '3', '5', '1')",0.8772672872187515
"('11', '3', '6', '1')",0.9780769380218761
"('11', '3', '7', '1')",0.9979478741161715
"('11', '3', '8', '1')",0.9999272028429848
"('11', '3', '9', '1')",0.9999997556715243
"('11', '3', '1', '2')",0.0010299999999999994
"('11', '3', '2', '2')",0.0731219999999999
"('11', '3', '3', '2')",0.32610879999999914
"('11', '3', '4', '2')",0.704636930000001
"('11', '3', '5', '2')",0.9272728049999976
"('11', '3', '6', '2')",0.9900317601999999
"('11', '3', '7', '2')",0.9992755449100008
"('11', '3', '8', '2')",0.9999790711389991
"('11', '3', '9', '2')",0.9999999448875997
"('11', '3', '1', '3')",0.0013449999999999985
"('11', '3', '2', '3')",0.09336149999999994
"('11', '3', '3', '3')",0.39711759999999946
"('11', '3', '4', '3')",0.7901984924999993
"('11', '3', '5', '3')",0.9614087515624994
"('11', '3', '6', '3')",0.9960945778124988
"('11', '3', '7', '3')",0.9997868019042959
"('11', '3', '8', '3')",0.9999953082885736
"('11', '3', '9', '3')",0.9999999862670885
"('11', '3', '1', '4')",0.0015700000000000043
"('11', '3', '2', '4')",0.11914200000000028
"('11', '3', '3', '4')",0.475822
"('11', '3', '4', '4')",0.8642453599999985
"('11', '3', '5', '4')",0.9824718070000025
"('11', '3', '6', '4')",0.9987750707999977
"('11', '3', '7', '4')",0.9999526464000009
"('11', '3', '8', '4')",0.9999992627200008
"('11', '3', '9', '4')",0.9999999983616005
"('11', '3', '1', '5')",0.0016100000000000031
"('11', '3', '2', '5')",0.14691974999999924
"('11', '3', '3', '5')",0.5593721624999989
"('11', '3', '4', '5')",0.9241813456250026
"('11', '3', '5', '5')",0.9937952914374961
"('11', '3', '6', '5')",0.9997282265781265
"('11', '3', '7', '5')",0.999993503249454
"('11', '3', '8', '5')",0.999999933211072
"('11', '3', '9', '5')",0.9999999998769791
"('11', '3', '1', '6')",0.0023400000000000005
"('11', '3', '2', '6')",0.1894955000000004
"('11', '3', '3', '6')",0.6977753875000028
"('11', '3', '4', '6')",0.9840883774999964
"('11', '3', '5', '6')",0.999695512687501
"('11', '3', '6', '6')",0.9999970866624989
"('11', '3', '7', '6')",0.9999999865937496
"('11', '3', '8', '6')",0.9999999999732124
"('11', '3', '9', '6')",0.9999999999999616
"('11', '3', '1', '7')",0.0034000000000000024
"('11', '3', '2', '7')",0.2355479999999987
"('11', '3', '3', '7')",0.863574400000001
"('11', '3', '4', '7')",1.0
"('11', '3', '5', '7')",1.0
"('11', '3', '6', '7')",1.0
"('11', '3', '7', '7')",1.0
"('11', '3', '8', '7')",1.0
"('11', '3', '9', '7')",1.0
"('11', '3', '1', '8')",0.0041399999999999874
"('11', '3', '2', '8')",0.2760819999999997
"('11', '3', '3', '8')",0.9899288000000003
"('11', '3', '4', '8')",1.0
"('11', '3', '5', '8')",1.0
"('11', '3', '6', '8')",1.0
"('11', '3', '7', '8')",1.0000000000000002
"('11', '3', '8', '8')",1.0000000000000002
"('11', '3', '9', '8')",1.0
"('11', '4', '1', '0')",0.0013900000000000002
"('11', '4', '2', '0')",0.062258000000000056
"('11', '4', '3', '0')",0.2805481000000002
"('11', '4', '4', '0')",0.630530219999998
"('11', '4', '5', '0')",0.8875286739999986
"('11', '4', '6', '0')",0.9822944367999983
"('11', '4', '7', '0')",0.998800286720003
"('11', '4', '8', '0')",0.9999830589440011
"('11', '4', '9', '0')",1.0000000000000002
"('11', '4', '1', '1')",0.0019350000000000003
"('11', '4', '2', '1')",0.08359824999999999
"('11', '4', '3', '1')",0.35162302500000014
"('11', '4', '4', '1')",0.7138143643749985
"('11', '4', '5', '1')",0.9316854331562525
"('11', '4', '6', '1')",0.9912173740609392
"('11', '4', '7', '1')",0.9995456734010945
"('11', '4', '8', '1')",0.9999933569675993
"('11', '4', '9', '1')",1.0
"('11', '4', '1', '2')",0.002189999999999991
"('11', '4', '2', '2')",0.10877500000000005
"('11', '4', '3', '2')",0.4231371000000012
"('11', '4', '4', '2')",0.7906819000000015
"('11', '4', '5', '2')",0.9607626309999977
"('11', '4', '6', '2')",0.9961063578999992
"('11', '4', '7', '2')",0.9998404121799984
"('11', '4', '8', '2')",0.9999981563589994
"('11', '4', '9', '2')",0.9999999999999999
"('11', '4', '1', '3')",0.0027600000000000003
"('11', '4', '2', '3')",0.14020600000000027
"('11', '4', '3', '3')",0.49824478750000034
"('11', '4', '4', '3')",0.8569605518750033
"('11', '4', '5', '3')",0.9798234545937489
"('11', '4', '6', '3')",0.9985673297656256
"('11', '4', '7', '3')",0.9999547554199196
"('11', '4', '8', '3')",0.9999996694946269
"('11', '4', '9', '3')",0.9999999999999999
"('11', '4', '1', '4')",0.003410000000000003
"('11', '4', '2', '4')",0.17315500000000073
"('11', '4', '3', '4')",0.5764402000000001
"('11', '4', '4', '4')",0.9102111000000025
"('11', '4', '5', '4')",0.9911511880000031
"('11', '4', '6', '4')",0.9995643304000007
"('11', '4', '7', '4')",0.999990336800003
"('11', '4', '8', '4')",0.9999999457279989
"('11', '4', '9', '4')",1.0
"('11', '4', '1', '5')",0.0039650000000000084
"('11', '4', '2', '5')",0.20484775000000008
"('11', '4', '3', '5')",0.6534329250000009
"('11', '4', '4', '5')",0.9517966237499967
"('11', '4', '5', '5')",0.9969959481562506
"('11', '4', '6', '5')",0.999908669996874
"('11', '4', '7', '5')",0.9999986886669533
"('11', '4', '8', '5')",0.9999999952757388
"('11', '4', '9', '5')",1.0000000000000002
"('11', '4', '1', '6')",0.004905000000000001
"('11', '4', '2', '6')",0.2615422499999995
"('11', '4', '3', '6')",0.7763642000000011
"('11', '4', '4', '6')",0.9908307918750006
"('11', '4', '5', '6')",0.9998661836249981
"('11', '4', '6', '6')",0.9999991510078103
"('11', '4', '7', '6')",0.9999999978077362
"('11', '4', '8', '6')",0.9999999999988414
"('11', '4', '9', '6')",1.0
"('11', '4', '1', '7')",0.006080000000000002
"('11', '4', '2', '7')",0.32253199999999976
"('11', '4', '3', '7')",0.9098944000000007
"('11', '4', '4', '7')",1.0
"('11', '4', '5', '7')",1.0
"('11', '4', '6', '7')",1.0
"('11', '4', '7', '7')",0.9999999999999999
"('11', '4', '8', '7')",1.0
"('11', '4', '9', '7')",1.0
"('11', '4', '1', '8')",0.009970000000000017
"('11', '4', '2', '8')",0.3608450000000013
"('11', '4', '3', '8')",0.9933761999999978
"('11', '4', '4', '8')",1.0000000000000002
"('11', '4', '5', '8')",1.0
"('11', '4', '6', '8')",1.0
"('11', '4', '7', '8')",1.0
"('11', '4', '8', '8')",1.0
"('11', '4', '9', '8')",1.0
"('11', '5', '1', '0')",0.0018799999999999984
"('11', '5', '2', '0')",0.09138700000000004
"('11', '5', '3', '0')",0.3725519000000004
"('11', '5', '4', '0')",0.7366831500000013
"('11', '5', '5', '0')",0.9429287549999985
"('11', '5', '6', '0')",0.9942382895999996
"('11', '5', '7', '0')",0.999811522559999
"('11', '5', '8', '0')",0.999999541248
"('11', '5', '9', '0')",1.0000000000000004
"('11', '5', '1', '1')",0.0028999999999999994
"('11', '5', '2', '1')",0.1223172499999999
"('11', '5', '3', '1')",0.44591834999999985
"('11', '5', '4', '1')",0.8031122856249989
"('11', '5', '5', '1')",0.9655882638749987
"('11', '5', '6', '1')",0.9972723055156255
"('11', '5', '7', '1')",0.9999327549303896
"('11', '5', '8', '1')",0.9999997297749523
"('11', '5', '9', '1')",1.0000000000000002
"('11', '5', '1', '2')",0.003350000000000001
"('11', '5', '2', '2')",0.15354399999999996
"('11', '5', '3', '2')",0.5208316000000018
"('11', '5', '4', '2')",0.8610523700000023
"('11', '5', '5', '2')",0.9809740090000019
"('11', '5', '6', '2')",0.9988466149000019
"('11', '5', '7', '2')",0.9999784143099978
"('11', '5', '8', '2')",0.9999999606340002
"('11', '5', '9', '2')",1.0
"('11', '5', '1', '3')",0.0053700000000000215
"('11', '5', '2', '3')",0.18958325000000004
"('11', '5', '3', '3')",0.5952386875000002
"('11', '5', '4', '3')",0.9090330387500035
"('11', '5', '5', '3')",0.9906899681562463
"('11', '5', '6', '3')",0.9995797194531258
"('11', '5', '7', '3')",0.9999939763183598
"('11', '5', '8', '3')",0.9999999908447238
"('11', '5', '9', '3')",1.0
"('11', '5', '1', '4')",0.005550000000000005
"('11', '5', '2', '4')",0.22423499999999974
"('11', '5', '3', '4')",0.6659508999999983
"('11', '5', '4', '4')",0.9448721600000005
"('11', '5', '5', '4')",0.9960327800000046
"('11', '5', '6', '4')",0.9998792120000008
"('11', '5', '7', '4')",0.999998759680001
"('11', '5', '8', '4')",0.9999999971839983
"('11', '5', '9', '4')",1.0000000000000002
"('11', '5', '1', '5')",0.006195000000000007
"('11', '5', '2', '5')",0.2665685000000003
"('11', '5', '3', '5')",0.7363094000000014
"('11', '5', '4', '5')",0.9716480137500016
"('11', '5', '5', '5')",0.9987253403437519
"('11', '5', '6', '5')",0.9999766357609376
"('11', '5', '7', '5')",0.9999998465113276
"('11', '5', '8', '5')",0.9999999998718564
"('11', '5', '9', '5')",1.0
"('11', '5', '1', '6')",0.008729999999999944
"('11', '5', '2', '6')",0.3300727500000001
"('11', '5', '3', '6')",0.8436305625000003
"('11', '5', '4', '6')",0.9950605831250028
"('11', '5', '5', '6')",0.9999508735937516
"('11', '5', '6', '6')",0.9999998258468784
"('11', '5', '7', '6')",0.9999999998232814
"('11', '5', '8', '6')",0.9999999999998849
"('11', '5', '9', '6')",1.0000000000000002
"('11', '5', '1', '7')",0.011039999999999928
"('11', '5', '2', '7')",0.4042400000000008
"('11', '5', '3', '7')",0.9418080000000026
"('11', '5', '4', '7')",1.0
"('11', '5', '5', '7')",1.0
"('11', '5', '6', '7')",1.0
"('11', '5', '7', '7')",0.9999999999999999
"('11', '5', '8', '7')",1.0
"('11', '5', '9', '7')",1.0
"('11', '5', '1', '8')",0.014980000000000014
"('11', '5', '2', '8')",0.44963500000000023
"('11', '5', '3', '8')",0.9959393999999997
"('11', '5', '4', '8')",1.0
"('11', '5', '5', '8')",1.0
"('11', '5', '6', '8')",1.0
"('11', '5', '7', '8')",1.0
"('11', '5', '8', '8')",1.0000000000000002
"('11', '5', '9', '8')",1.0
"('11', '6', '1', '0')",0.0032100000000000067
"('11', '6', '2', '0')",0.12817999999999977
"('11', '6', '3', '0')",0.46820259999999975
"('11', '6', '4', '0')",0.8265455700000004
"('11', '6', '5', '0')",0.9741075190000026
"('11', '6', '6', '0')",0.9985709312000032
"('11', '6', '7', '0')",0.9999884902400024
"('11', '6', '8', '0')",1.0000000000000002
"('11', '6', '9', '0')",1.0000000000000002
"('11', '6', '1', '1')",0.0045549999999999705
"('11', '6', '2', '1')",0.1651660000000009
"('11', '6', '3', '1')",0.5440169250000019
"('11', '6', '4', '1')",0.8761074868749997
"('11', '6', '5', '1')",0.9852873720624996
"('11', '6', '6', '1')",0.9993847523250011
"('11', '6', '7', '1')",0.9999947609429678
"('11', '6', '8', '1')",0.9999999999999999
"('11', '6', '9', '1')",1.0000000000000002
"('11', '6', '1', '2')",0.00676999999999999
"('11', '6', '2', '2')",0.2039509999999993
"('11', '6', '3', '2')",0.6160170000000008
"('11', '6', '4', '2')",0.9164022599999962
"('11', '6', '5', '2')",0.9922766939999996
"('11', '6', '6', '2')",0.9997402437999979
"('11', '6', '7', '2')",0.9999979150599998
"('11', '6', '8', '2')",1.0
"('11', '6', '9', '2')",1.0
"('11', '6', '1', '3')",0.006730000000000014
"('11', '6', '2', '3')",0.24378124999999948
"('11', '6', '3', '3')",0.6815103000000026
"('11', '6', '4', '3')",0.9459812368749991
"('11', '6', '5', '3')",0.996393405249998
"('11', '6', '6', '3')",0.9999139281250027
"('11', '6', '7', '3')",0.9999995166015629
"('11', '6', '8', '3')",1.0
"('11', '6', '9', '3')",1.0000000000000002
"('11', '6', '1', '4')",0.009270000000000061
"('11', '6', '2', '4')",0.28852600000000017
"('11', '6', '3', '4')",0.7486749999999985
"('11', '6', '4', '4')",0.9689993399999993
"('11', '6', '5', '4')",0.998584366000001
"('11', '6', '6', '4')",0.9999762039999991
"('11', '6', '7', '4')",0.9999998924800004
"('11', '6', '8', '4')",1.0000000000000002
"('11', '6', '9', '4')",1.0
"('11', '6', '1', '5')",0.010294999999999999
"('11', '6', '2', '5')",0.3336827499999988
"('11', '6', '3', '5')",0.8112294875000003
"('11', '6', '4', '5')",0.9847425031250002
"('11', '6', '5', '5')",0.9995666700625031
"('11', '6', '6', '5')",0.9999956422000003
"('11', '6', '7', '5')",0.9999999860464857
"('11', '6', '8', '5')",1.0000000000000002
"('11', '6', '9', '5')",1.0
"('11', '6', '1', '6')",0.012915000000000022
"('11', '6', '2', '6')",0.4103114999999992
"('11', '6', '3', '6')",0.8955313874999988
"('11', '6', '4', '6')",0.9977832718750005
"('11', '6', '5', '6')",0.9999859893437507
"('11', '6', '6', '6')",0.9999999778546849
"('11', '6', '7', '6')",0.9999999999924203
"('11', '6', '8', '6')",1.0
"('11', '6', '9', '6')",1.0000000000000002
"('11', '6', '1', '7')",0.016060000000000036
"('11', '6', '2', '7')",0.476176
"('11', '6', '3', '7')",0.9680992000000018
"('11', '6', '4', '7')",1.0
"('11', '6', '5', '7')",1.0
"('11', '6', '6', '7')",1.0
"('11', '6', '7', '7')",1.0
"('11', '6', '8', '7')",1.0
"('11', '6', '9', '7')",1.0
"('11', '6', '1', '8')",0.025230000000000034
"('11', '6', '2', '8')",0.520074999999998
"('11', '6', '3', '8')",0.9977748000000013
"('11', '6', '4', '8')",1.0
"('11', '6', '5', '8')",1.0
"('11', '6', '6', '8')",1.0
"('11', '6', '7', '8')",1.0
"('11', '6', '8', '8')",1.0
"('11', '6', '9', '8')",1.0
"('11', '7', '1', '0')",0.004829999999999998
"('11', '7', '2', '0')",0.17077699999999935
"('11', '7', '3', '0')",0.5719913999999984
"('11', '7', '4', '0')",0.8975120499999989
"('11', '7', '5', '0')",0.9905391799999992
"('11', '7', '6', '0')",0.9997696256
"('11', '7', '7', '0')",0.9999998361600013
"('11', '7', '8', '0')",1.0000000000000004
"('11', '7', '9', '0')",1.0000000000000002
"('11', '7', '1', '1')",0.007119999999999982
"('11', '7', '2', '1')",0.21424274999999937
"('11', '7', '3', '1')",0.6390137374999992
"('11', '7', '4', '1')",0.9280384750000007
"('11', '7', '5', '1')",0.9949280539687504
"('11', '7', '6', '1')",0.9999020579578144
"('11', '7', '7', '1')",1.0000000000000002
"('11', '7', '8', '1')",1.0
"('11', '7', '9', '1')",1.0
"('11', '7', '1', '2')",0.008400000000000001
"('11', '7', '2', '2')",0.2592139999999989
"('11', '7', '3', '2')",0.7053183999999997
"('11', '7', '4', '2')",0.9534016199999995
"('11', '7', '5', '2')",0.9975556240000001
"('11', '7', '6', '2')",0.9999668304999998
"('11', '7', '7', '2')",0.9999999781299995
"('11', '7', '8', '2')",1.0000000000000002
"('11', '7', '9', '2')",1.0000000000000002
"('11', '7', '1', '3')",0.010785000000000019
"('11', '7', '2', '3')",0.3039474999999995
"('11', '7', '3', '3')",0.7629597875000009
"('11', '7', '4', '3')",0.9717817581250004
"('11', '7', '5', '3')",0.9988863139062505
"('11', '7', '6', '3')",0.9999884765624999
"('11', '7', '7', '3')",0.9999999877929682
"('11', '7', '8', '3')",1.0000000000000002
"('11', '7', '9', '3')",1.0
"('11', '7', '1', '4')",0.013360000000000014
"('11', '7', '2', '4')",0.3571449999999984
"('11', '7', '3', '4')",0.8160686999999988
"('11', '7', '4', '4')",0.9845520499999985
"('11', '7', '5', '4')",0.9995928159999973
"('11', '7', '6', '4')",0.9999969935999986
"('11', '7', '7', '4')",0.9999999961600002
"('11', '7', '8', '4')",1.0000000000000004
"('11', '7', '9', '4')",1.0000000000000004
"('11', '7', '1', '5')",0.014590000000000035
"('11', '7', '2', '5')",0.4091412500000005
"('11', '7', '3', '5')",0.8677297500000001
"('11', '7', '4', '5')",0.9928835781250012
"('11', '7', '5', '5')",0.9998854382499986
"('11', '7', '6', '5')",0.9999994602109391
"('11', '7', '7', '5')",0.9999999998291396
"('11', '7', '8', '5')",1.0
"('11', '7', '9', '5')",1.0
"('11', '7', '1', '6')",0.019330000000000045
"('11', '7', '2', '6')",0.48270825000000134
"('11', '7', '3', '6')",0.9364463125000012
"('11', '7', '4', '6')",0.9991409493749952
"('11', '7', '5', '6')",0.999997434937501
"('11', '7', '6', '6')",0.9999999984062516
"('11', '7', '7', '6')",0.9999999999997033
"('11', '7', '8', '6')",1.0000000000000004
"('11', '7', '9', '6')",1.0000000000000002
"('11', '7', '1', '7')",0.025880000000000018
"('11', '7', '2', '7')",0.5586640000000028
"('11', '7', '3', '7')",0.984783999999999
"('11', '7', '4', '7')",1.0
"('11', '7', '5', '7')",1.0
"('11', '7', '6', '7')",1.0
"('11', '7', '7', '7')",1.0
"('11', '7', '8', '7')",1.0
"('11', '7', '9', '7')",1.0
"('11', '7', '1', '8')",0.03446000000000005
"('11', '7', '2', '8')",0.5980490000000003
"('11', '7', '3', '8')",0.9990496000000001
"('11', '7', '4', '8')",1.0
"('11', '7', '5', '8')",1.0
"('11', '7', '6', '8')",1.0
"('11', '7', '7', '8')",1.0
"('11', '7', '8', '8')",1.0
"('11', '7', '9', '8')",1.0
"('12', '0', '1', '0')",0.0
"('12', '0', '2', '0')",0.0
"('12', '0', '3', '0')",0.0010000000000000002
"('12', '0', '4', '0')",0.047500000000000014
"('12', '0', '5', '0')",0.24703000000000006
"('12', '0', '6', '0')",0.563208
"('12', '0', '7', '0')",0.8237760000000001
"('12', '0', '8', '0')",0.9519129600000001
"('12', '0', '9', '0')",0.9914803200000001
"('12', '0', '1', '1')",0.0
"('12', '0', '2', '1')",0.0
"('12', '0', '3', '1')",0.003375
"('12', '0', '4', '1')",0.1107625
"('12', '0', '5', '1')",0.41088531249999993
"('12', '0', '6', '1')",0.7317949999999999
"('12', '0', '7', '1')",0.9164583304687498
"('12', '0', '8', '1')",0.9821826104296874
"('12', '0', '9', '1')",0.9974602062558592
"('12', '0', '1', '2')",0.0
"('12', '0', '2', '2')",0.0
"('12', '0', '3', '2')",0.008000000000000002
"('12', '0', '4', '2')",0.20330000000000004
"('12', '0', '5', '2')",0.5765000000000001
"('12', '0', '6', '2')",0.8528140000000003
"('12', '0', '7', '2')",0.9653833000000003
"('12', '0', '8', '2')",0.9943551100000005
"('12', '0', '9', '2')",0.9993701440000008
"('12', '0', '1', '3')",0.0
"('12', '0', '2', '3')",0.0
"('12', '0', '3', '3')",0.015625
"('12', '0', '4', '3')",0.3231624999999999
"('12', '0', '5', '3')",0.7262021874999999
"('12', '0', '6', '3')",0.9301087499999997
"('12', '0', '7', '3')",0.9880239257812499
"('12', '0', '8', '3')",0.9985623779296872
"('12', '0', '9', '3')",0.9998780822753902
"('12', '0', '1', '4')",0.0
"('12', '0', '2', '4')",0.0
"('12', '0', '3', '4')",0.027
"('12', '0', '4', '4')",0.4651
"('12', '0', '5', '4')",0.8469700000000002
"('12', '0', '6', '4')",0.9729680000000002
"('12', '0', '7', '4')",0.9967896000000003
"('12', '0', '8', '4')",0.9997363200000002
"('12', '0', '9', '4')",0.9999833600000003
"('12', '0', '1', '5')",0.0
"('12', '0', '2', '5')",0.0
"('12', '0', '3', '5')",0.04287499999999999
"('12', '0', '4', '5')",0.6205624999999999
"('12', '0', '5', '5')",0.9314440624999997
"('12', '0', '6', '5')",0.9925029999999998
"('12', '0', '7', '5')",0.9994132773437501
"('12', '0', '8', '5')",0.9999724441796873
"('12', '0', '9', '5')",0.9999986544824218
"('12', '0', '1', '6')",0.0
"('12', '0', '2', '6')",0.0
"('12', '0', '3', '6')",0.09112500000000001
"('12', '0', '4', '6')",0.8596125000000002
"('12', '0', '5', '6')",0.9932259375000002
"('12', '0', '6', '6')",0.9998306875
"('12', '0', '7', '6')",0.9999971664062498
"('12', '0', '8', '6')",0.9999999710546872
"('12', '0', '9', '6')",0.9999999997519528
"('12', '0', '1', '7')",0.0
"('12', '0', '2', '7')",0.0
"('12', '0', '3', '7')",0.216
"('12', '0', '4', '7')",1.0
"('12', '0', '5', '7')",1.0
"('12', '0', '6', '7')",1.0
"('12', '0', '7', '7')",1.0
"('12', '0', '8', '7')",1.0
"('12', '0', '9', '7')",1.0
"('12', '0', '1', '8')",0.0
"('12', '0', '2', '8')",0.0
"('12', '0', '3', '8')",0.7290000000000001
"('12', '0', '4', '8')",1.0000000000000002
"('12', '0', '5', '8')",1.0000000000000002
"('12', '0', '6', '8')",1.0000000000000002
"('12', '0', '7', '8')",1.0000000000000002
"('12', '0', '8', '8')",1.0000000000000002
"('12', '0', '9', '8')",1.0000000000000002
"('12', '1', '1', '0')",0.0
"('12', '1', '2', '0')",0.003524000000000003
"('12', '1', '3', '0')",0.028914300000000094
"('12', '1', '4', '0')",0.1435550900000001
"('12', '1', '5', '0')",0.40821670899999907
"('12', '1', '6', '0')",0.7085260480000029
"('12', '1', '7', '0')",0.9040021369600019
"('12', '1', '8', '0')",0.9794176030719973
"('12', '1', '9', '0')",0.9974504022016005
"('12', '1', '1', '1')",0.0
"('12', '1', '2', '1')",0.006339250000000012
"('12', '1', '3', '1')",0.04767767499999992
"('12', '1', '4', '1')",0.226861813749999
"('12', '1', '5', '1')",0.5545713935624977
"('12', '1', '6', '1')",0.8268572009531198
"('12', '1', '7', '1')",0.9557359699696126
"('12', '1', '8', '1')",0.9925705462710774
"('12', '1', '9', '1')",0.9992377821616659
"('12', '1', '1', '2')",0.0
"('12', '1', '2', '2')",0.009597000000000007
"('12', '1', '3', '2')",0.06981720000000062
"('12', '1', '4', '2')",0.3300134200000008
"('12', '1', '5', '2')",0.6907655959999964
"('12', '1', '6', '2')",0.9079537945000015
"('12', '1', '7', '2')",0.9820344375999986
"('12', '1', '8', '2')",0.9976889351349992
"('12', '1', '9', '2')",0.9998143396650987
"('12', '1', '1', '3')",0.0
"('12', '1', '2', '3')",0.012641749999999959
"('12', '1', '3', '3')",0.09677088749999993
"('12', '1', '4', '3')",0.4487228837500001
"('12', '1', '5', '3')",0.8057728176875026
"('12', '1', '6', '3')",0.9576258649609388
"('12', '1', '7', '3')",0.9939555834960976
"('12', '1', '8', '3')",0.9994266119384755
"('12', '1', '9', '3')",0.9999647315063483
"('12', '1', '1', '4')",0.0
"('12', '1', '2', '4')",0.016367000000000038
"('12', '1', '3', '4')",0.13046059999999993
"('12', '1', '4', '4')",0.5786213100000008
"('12', '1', '5', '4')",0.8945265950000028
"('12', '1', '6', '4')",0.9840760553999994
"('12', '1', '7', '4')",0.9984155223199987
"('12', '1', '8', '4')",0.9998959770240016
"('12', '1', '9', '4')",0.9999953498367997
"('12', '1', '1', '5')",0.0
"('12', '1', '2', '5')",0.02336324999999994
"('12', '1', '3', '5')",0.16526216249999987
"('12', '1', '4', '5')",0.7093215249999976
"('12', '1', '5', '5')",0.9538237989999989
"('12', '1', '6', '5')",0.9956619963343765
"('12', '1', '7', '5')",0.9997237071669538
"('12', '1', '8', '5')",0.9999891134044587
"('12', '1', '9', '5')",0.9999996537295528
"('12', '1', '1', '6')",0.0
"('12', '1', '2', '6')",0.02964824999999993
"('12', '1', '3', '6')",0.23983627500000038
"('12', '1', '4', '6')",0.8979387524999987
"('12', '1', '5', '6')",0.9957227177500022
"('12', '1', '6', '6')",0.9999090515031279
"('12', '1', '7', '6')",0.9999987528334395
"('12', '1', '8', '6')",0.999999989845728
"('12', '1', '9', '6')",0.9999999999388492
"('12', '1', '1', '7')",0.0
"('12', '1', '2', '7')",0.045627999999999856
"('12', '1', '3', '7')",0.3746672000000001
"('12', '1', '4', '7')",1.0
"('12', '1', '5', '7')",0.9999999999999999
"('12', '1', '6', '7')",0.9999999999999999
"('12', '1', '7', '7')",0.9999999999999999
"('12', '1', '8', '7')",0.9999999999999999
"('12', '1', '9', '7')",0.9999999999999999
"('12', '1', '1', '8')",0.0
"('12', '1', '2', '8')",0.07191599999999986
"('12', '1', '3', '8')",0.7916212000000011
"('12', '1', '4', '8')",1.0
"('12', '1', '5', '8')",1.0000000000000002
"('12', '1', '6', '8')",1.0000000000000002
"('12', '1', '7', '8')",1.0
"('12', '1', '8', '8')",1.0000000000000002
"('12', '1', '9', '8')",1.0000000000000002
"('12', '2', '1', '0')",0.0001500000000000004
"('12', '2', '2', '0')",0.010168000000000038
"('12', '2', '3', '0')",0.06679480000000068
"('12', '2', '4', '0')",0.24965221999999937
"('12', '2', '5', '0')",0.5528901729999953
"('12', '2', '6', '0')",0.819740601199995
"('12', '2', '7', '0')",0.9523262630399968
"('12', '2', '8', '0')",0.9927290490880021
"('12', '2', '9', '0')",0.9994267516928017
"('12', '2', '1', '1')",0.00032999999999999805
"('12', '2', '2', '1')",0.01626325
"('12', '2', '3', '1')",0.10147091250000002
"('12', '2', '4', '1')",0.3480594106250006
"('12', '2', '5', '1')",0.6758305511875007
"('12', '2', '6', '1')",0.8960394756531281
"('12', '2', '7', '1')",0.978826732274141
"('12', '2', '8', '1')",0.9973717785231945
"('12', '2', '9', '1')",0.9998337515997792
"('12', '2', '1', '2')",0.00029999999999999943
"('12', '2', '2', '2')",0.023219000000000035
"('12', '2', '3', '2')",0.13808930000000053
"('12', '2', '4', '2')",0.44994958999999884
"('12', '2', '5', '2')",0.7831655969999967
"('12', '2', '6', '2')",0.9466138279000043
"('12', '2', '7', '2')",0.99163675756
"('12', '2', '8', '2')",0.9992067765580007
"('12', '2', '9', '2')",0.9999596841859
"('12', '2', '1', '3')",0.0004250000000000021
"('12', '2', '2', '3')",0.030124500000000002
"('12', '2', '3', '3')",0.18337937500000048
"('12', '2', '4', '3')",0.5622128762499975
"('12', '2', '5', '3')",0.8688717779999964
"('12', '2', '6', '3')",0.9758769034296882
"('12', '2', '7', '3')",0.9972757087109391
"('12', '2', '8', '3')",0.9998064316650394
"('12', '2', '9', '3')",0.9999924261779769
"('12', '2', '1', '4')",0.00041999999999999985
"('12', '2', '2', '4')",0.038900000000000164
"('12', '2', '3', '4')",0.22725229999999993
"('12', '2', '4', '4')",0.6755136100000007
"('12', '2', '5', '4')",0.9306257230000002
"('12', '2', '6', '4')",0.9911878142000018
"('12', '2', '7', '4')",0.999310822480001
"('12', '2', '8', '4')",0.9999658613760001
"('12', '2', '9', '4')",0.9999990246272007
"('12', '2', '1', '5')",0.0005600000000000016
"('12', '2', '2', '5')",0.05066775000000009
"('12', '2', '3', '5')",0.2822621749999981
"('12', '2', '4', '5')",0.7830208200000015
"('12', '2', '5', '5')",0.9706506372812505
"('12', '2', '6', '5')",0.9976809809734397
"('12', '2', '7', '5')",0.9998829266521088
"('12', '2', '8', '5')",0.9999964279787876
"('12', '2', '9', '5')",0.9999999314179033
"('12', '2', '1', '6')",0.0004949999999999987
"('12', '2', '2', '6')",0.06588974999999997
"('12', '2', '3', '6')",0.37511144999999796
"('12', '2', '4', '6')",0.928566910625002
"('12', '2', '5', '6')",0.997432277312498
"('12', '2', '6', '6')",0.9999546808968747
"('12', '2', '7', '6')",0.9999995136060924
"('12', '2', '8', '6')",0.9999999970561082
"('12', '2', '9', '6')",0.9999999999891229
"('12', '2', '1', '7')",0.0011400000000000015
"('12', '2', '2', '7')",0.09405599999999992
"('12', '2', '3', '7')",0.5127296000000007
"('12', '2', '4', '7')",1.0
"('12', '2', '5', '7')",0.9999999999999999
"('12', '2', '6', '7')",1.0
"('12', '2', '7', '7')",0.9999999999999999
"('12', '2', '8', '7')",0.9999999999999999
"('12', '2', '9', '7')",1.0
"('12', '2', '1', '8')",0.0013499999999999996
"('12', '2', '2', '8')",0.15291700000000014
"('12', '2', '3', '8')",0.8414648999999969
"('12', '2', '4', '8')",1.0
"('12', '2', '5', '8')",1.0
"('12', '2', '6', '8')",1.0
"('12', '2', '7', '8')",1.0000000000000002
"('12', '2', '8', '8')",1.0
"('12', '2', '9', '8')",1.0000000000000002
"('12', '3', '1', '0')",0.00046000000000000007
"('12', '3', '2', '0')",0.01974900000000001
"('12', '3', '3', '0')",0.11831410000000014
"('12', '3', '4', '0')",0.36314732999999894
"('12', '3', '5', '0')",0.6800634099999999
"('12', '3', '6', '0')",0.8963068679999996
"('12', '3', '7', '0')",0.9798197830400008
"('12', '3', '8', '0')",0.9979315179520023
"('12', '3', '9', '0')",0.9999214665727936
"('12', '3', '1', '1')",0.0005650000000000017
"('12', '3', '2', '1')",0.030000750000000007
"('12', '3', '3', '1')",0.16519482500000057
"('12', '3', '4', '1')",0.46393345562499894
"('12', '3', '5', '1')",0.7769802976562494
"('12', '3', '6', '1')",0.9429619339171874
"('12', '3', '7', '1')",0.991127346958124
"('12', '3', '8', '1')",0.9992737867965678
"('12', '3', '9', '1')",0.9999780964906236
"('12', '3', '1', '2')",0.0007400000000000028
"('12', '3', '2', '2')",0.041025000000000034
"('12', '3', '3', '2')",0.21655779999999988
"('12', '3', '4', '2')",0.5633170700000002
"('12', '3', '5', '2')",0.855966048000001
"('12', '3', '6', '2')",0.971208071499998
"('12', '3', '7', '2')",0.996621787269998
"('12', '3', '8', '2')",0.9997921720630015
"('12', '3', '9', '2')",0.999994385533599
"('12', '3', '1', '3')",0.0014049999999999972
"('12', '3', '2', '3')",0.05356850000000009
"('12', '3', '3', '3')",0.2707768999999997
"('12', '3', '4', '3')",0.6624910787499978
"('12', '3', '5', '3')",0.9151475960312514
"('12', '3', '6', '3')",0.9875752060078146
"('12', '3', '7', '3')",0.9989214413378886
"('12', '3', '8', '3')",0.999949068786619
"('12', '3', '9', '3')",0.9999989529418948
"('12', '3', '1', '4')",0.0017900000000000095
"('12', '3', '2', '4')",0.07014199999999988
"('12', '3', '3', '4')",0.3319010000000007
"('12', '3', '4', '4')",0.7578307999999983
"('12', '3', '5', '4')",0.9563001749999984
"('12', '3', '6', '4')",0.9956032223999963
"('12', '3', '7', '4')",0.99973212072
"('12', '3', '8', '4')",0.9999910810560005
"('12', '3', '9', '4')",0.9999998716031968
"('12', '3', '1', '5')",0.0013999999999999983
"('12', '3', '2', '5')",0.08675550000000036
"('12', '3', '3', '5')",0.3910919624999998
"('12', '3', '4', '5')",0.8439409987499974
"('12', '3', '5', '5')",0.982293170437501
"('12', '3', '6', '5')",0.9988669893484421
"('12', '3', '7', '5')",0.9999568932892183
"('12', '3', '8', '5')",0.9999990817590027
"('12', '3', '9', '5')",0.9999999911533276
"('12', '3', '1', '6')",0.002160000000000013
"('12', '3', '2', '6')",0.11198874999999966
"('12', '3', '3', '6')",0.49584841250000183
"('12', '3', '4', '6')",0.9514714237499987
"('12', '3', '5', '6')",0.9985696501249993
"('12', '3', '6', '6')",0.9999796909578114
"('12', '3', '7', '6')",0.99999984120461
"('12', '3', '8', '6')",0.999999999358131
"('12', '3', '9', '6')",0.9999999999989043
"('12', '3', '1', '7')",0.002739999999999986
"('12', '3', '2', '7')",0.1490560000000003
"('12', '3', '3', '7')",0.6298112000000033
"('12', '3', '4', '7')",0.9999999999999999
"('12', '3', '5', '7')",1.0
"('12', '3', '6', '7')",0.9999999999999999
"('12', '3', '7', '7')",0.9999999999999999
"('12', '3', '8', '7')",1.0
"('12', '3', '9', '7')",0.9999999999999998
"('12', '3', '1', '8')",0.003250000000000003
"('12', '3', '2', '8')",0.2267480000000003
"('12', '3', '3', '8')",0.8859749999999981
"('12', '3', '4', '8')",1.0000000000000002
"('12', '3', '5', '8')",1.0
"('12', '3', '6', '8')",1.0000000000000002
"('12', '3', '7', '8')",1.0000000000000002
"('12', '3', '8', '8')",1.0
"('12', '3', '9', '8')",1.0
"('12', '4', '1', '0')",0.0010299999999999951
"('12', '4', '2', '0')",0.03320099999999986
"('12', '4', '3', '0')",0.1771308999999999
"('12', '4', '4', '0')",0.47702307999999866
"('12', '4', '5', '0')",0.7839175870000018
"('12', '4', '6', '0')",0.9459699544000038
"('12', '4', '7', '0')",0.9927276403199989
"('12', '4', '8', '0')",0.9995915735039993
"('12', '4', '9', '0')",0.9999949144064002
"('12', '4', '1', '1')",0.001285000000000003
"('12', '4', '2', '1')",0.048458749999999925
"('12', '4', '3', '1')",0.23608504999999969
"('12', '4', '4', '1')",0.5759489893749994
"('12', '4', '5', '1')",0.855506854562504
"('12', '4', '6', '1')",0.9710495893937492
"('12', '4', '7', '1')",0.9969612122407817
"('12', '4', '8', '1')",0.9998603924575407
"('12', '4', '9', '1')",0.99999846084317
"('12', '4', '1', '2')",0.001500000000000004
"('12', '4', '2', '2')",0.06453899999999993
"('12', '4', '3', '2')",0.29933820000000033
"('12', '4', '4', '2')",0.664662500000003
"('12', '4', '5', '2')",0.9095691979999974
"('12', '4', '6', '2')",0.9861333478000007
"('12', '4', '7', '2')",0.9988489141300005
"('12', '4', '8', '2')",0.9999578526220008
"('12', '4', '9', '2')",0.9999996214302965
"('12', '4', '1', '3')",0.0018600000000000005
"('12', '4', '2', '3')",0.08274999999999975
"('12', '4', '3', '3')",0.36078062499999985
"('12', '4', '4', '3')",0.749334131875
"('12', '4', '5', '3')",0.948793885781252
"('12', '4', '6', '3')",0.994257399351563
"('12', '4', '7', '3')",0.9996444570507801
"('12', '4', '8', '3')",0.9999902226806626
"('12', '4', '9', '3')",0.9999999333953862
"('12', '4', '1', '4')",0.0028999999999999864
"('12', '4', '2', '4')",0.10383199999999997
"('12', '4', '3', '4')",0.4286376999999996
"('12', '4', '4', '4')",0.8256636599999974
"('12', '4', '5', '4')",0.974624646999998
"('12', '4', '6', '4')",0.998027883199999
"('12', '4', '7', '4')",0.9999167805600001
"('12', '4', '8', '4')",0.9999983929279999
"('12', '4', '9', '4')",0.9999999923711977
"('12', '4', '1', '5')",0.0034950000000000003
"('12', '4', '2', '5')",0.12837924999999978
"('12', '4', '3', '5')",0.4923233000000006
"('12', '4', '4', '5')",0.8926376074999998
"('12', '4', '5', '5')",0.989971774812498
"('12', '4', '6', '5')",0.9995153168734378
"('12', '4', '7', '5')",0.9999872640008601
"('12', '4', '8', '5')",0.999999842246489
"('12', '4', '9', '5')",0.9999999993823436
"('12', '4', '1', '6')",0.0036900000000000153
"('12', '4', '2', '6')",0.1595030000000003
"('12', '4', '3', '6')",0.6025239625000001
"('12', '4', '4', '6')",0.969471903124999
"('12', '4', '5', '6')",0.9992710174687516
"('12', '4', '6', '6')",0.999992411631247
"('12', '4', '7', '6')",0.9999999588362536
"('12', '4', '8', '6')",0.9999999999098381
"('12', '4', '9', '6')",0.9999999999998503
"('12', '4', '1', '7')",0.0052399999999999955
"('12', '4', '2', '7')",0.21385999999999974
"('12', '4', '3', '7')",0.7259472000000029
"('12', '4', '4', '7')",0.9999999999999999
"('12', '4', '5', '7')",1.0
"('12', '4', '6', '7')",1.0
"('12', '4', '7', '7')",0.9999999999999999
"('12', '4', '8', '7')",1.0
"('12', '4', '9', '7')",1.0
"('12', '4', '1', '8')",0.00793000000000001
"('12', '4', '2', '8')",0.30095800000000067
"('12', '4', '3', '8')",0.9186344999999997
"('12', '4', '4', '8')",1.0
"('12', '4', '5', '8')",1.0
"('12', '4', '6', '8')",1.0
"('12', '4', '7', '8')",1.0000000000000002
"('12', '4', '8', '8')",1.0
"('12', '4', '9', '8')",1.0
"('12', '5', '1', '0')",0.0017200000000000028
"('12', '5', '2', '0')",0.050989000000000166
"('12', '5', '3', '0')",0.25044839999999946
"('12', '5', '4', '0')",0.5916681700000014
"('12', '5', '5', '0')",0.8661951600000006
"('12', '5', '6', '0')",0.9759298579999978
"('12', '5', '7', '0')",0.9979182457599987
"('12', '5', '8', '0')",0.9999461089279981
"('12', '5', '9', '0')",0.9999998164991988
"('12', '5', '1', '1')",0.00226999999999999
"('12', '5', '2', '1')",0.07103474999999954
"('12', '5', '3', '1')",0.3156191875000001
"('12', '5', '4', '1')",0.6751570425000024
"('12', '5', '5', '1')",0.9137136216250052
"('12', '5', '6', '1')",0.9874716595578105
"('12', '5', '7', '1')",0.9991709376744558
"('12', '5', '8', '1')",0.999981028639186
"('12', '5', '9', '1')",0.9999999684737451
"('12', '5', '1', '2')",0.0029600000000000134
"('12', '5', '2', '2')",0.09117100000000002
"('12', '5', '3', '2')",0.38336399999999876
"('12', '5', '4', '2')",0.7534750999999991
"('12', '5', '5', '2')",0.9477084780000016
"('12', '5', '6', '2')",0.9942186891999998
"('12', '5', '7', '2')",0.9996972530499992
"('12', '5', '8', '2')",0.9999953139880031
"('12', '5', '9', '2')",0.9999999881902022
"('12', '5', '1', '3')",0.00411999999999998
"('12', '5', '2', '3')",0.1177637499999998
"('12', '5', '3', '3')",0.45243639999999996
"('12', '5', '4', '3')",0.8224343843749984
"('12', '5', '5', '3')",0.9714628047812497
"('12', '5', '6', '3')",0.9976692520937513
"('12', '5', '7', '3')",0.9999108193261727
"('12', '5', '8', '3')",0.9999988428955122
"('12', '5', '9', '3')",0.9999999977111815
"('12', '5', '1', '4')",0.004339999999999997
"('12', '5', '2', '4')",0.14090900000000045
"('12', '5', '3', '4')",0.5232196000000002
"('12', '5', '4', '4')",0.8799043000000001
"('12', '5', '5', '4')",0.9864448200000019
"('12', '5', '6', '4')",0.9992643995999986
"('12', '5', '7', '4')",0.9999798162400005
"('12', '5', '8', '4')",0.9999998136960001
"('12', '5', '9', '4')",0.9999999994368004
"('12', '5', '1', '5')",0.005685000000000027
"('12', '5', '2', '5')",0.17239774999999896
"('12', '5', '3', '5')",0.5894445374999995
"('12', '5', '4', '5')",0.9285430600000015
"('12', '5', '5', '5')",0.9948685701562485
"('12', '5', '6', '5')",0.9998239745874989
"('12', '5', '7', '5')",0.9999971315516397
"('12', '5', '8', '5')",0.9999999831447225
"('12', '5', '9', '5')",0.9999999999769289
"('12', '5', '1', '6')",0.00616500000000002
"('12', '5', '2', '6')",0.2179602499999997
"('12', '5', '3', '6')",0.697812012499995
"('12', '5', '4', '6')",0.981249551875001
"('12', '5', '5', '6')",0.9996702518437468
"('12', '5', '6', '6')",0.9999975653265653
"('12', '5', '7', '6')",0.9999999927739873
"('12', '5', '8', '6')",0.9999999999933142
"('12', '5', '9', '6')",0.999999999999999
"('12', '5', '1', '7')",0.008719999999999973
"('12', '5', '2', '7')",0.2766639999999996
"('12', '5', '3', '7')",0.8076544000000014
"('12', '5', '4', '7')",1.0
"('12', '5', '5', '7')",1.0
"('12', '5', '6', '7')",1.0
"('12', '5', '7', '7')",0.9999999999999998
"('12', '5', '8', '7')",0.9999999999999999
"('12', '5', '9', '7')",1.0
"('12', '5', '1', '8')",0.012940000000000014
"('12', '5', '2', '8')",0.379886
"('12', '5', '3', '8')",0.9460711999999989
"('12', '5', '4', '8')",1.0000000000000002
"('12', '5', '5', '8')",1.0000000000000002
"('12', '5', '6', '8')",1.0
"('12', '5', '7', '8')",1.0
"('12', '5', '8', '8')",1.0
"('12', '5', '9', '8')",1.0
"('12', '6', '1', '0')",0.0026300000000000017
"('12', '6', '2', '0')",0.07453500000000027
"('12', '6', '3', '0')",0.32495769999999924
"('12', '6', '4', '0')",0.6935097300000005
"('12', '6', '5', '0')",0.9246050609999978
"('12', '6', '6', '0')",0.9906734939999963
"('12', '6', '7', '0')",0.9995803699200014
"('12', '6', '8', '0')",0.9999959859200035
"('12', '6', '9', '0')",1.0000000000000002
"('12', '6', '1', '1')",0.0038049999999999963
"('12', '6', '2', '1')",0.10013849999999966
"('12', '6', '3', '1')",0.39771776250000185
"('12', '6', '4', '1')",0.7642107593749986
"('12', '6', '5', '1')",0.9532195527500004
"('12', '6', '6', '1')",0.9954818196156274
"('12', '6', '7', '1')",0.9998425844375024
"('12', '6', '8', '1')",0.9999992021927178
"('12', '6', '9', '1')",0.9999999999999999
"('12', '6', '1', '2')",0.005349999999999988
"('12', '6', '2', '2')",0.1250180000000007
"('12', '6', '3', '2')",0.4695205000000003
"('12', '6', '4', '2')",0.8267638699999973
"('12', '6', '5', '2')",0.9722183559999985
"('12', '6', '6', '2')",0.9979378495000006
"('12', '6', '7', '2')",0.9999445222900011
"('12', '6', '8', '2')",0.9999996522670003
"('12', '6', '9', '2')",0.9999999999999999
"('12', '6', '1', '3')",0.006574999999999992
"('12', '6', '2', '3')",0.15969125000000087
"('12', '6', '3', '3')",0.540933537500003
"('12', '6', '4', '3')",0.8808975568750002
"('12', '6', '5', '3')",0.9855511770624974
"('12', '6', '6', '3')",0.9992047996250023
"('12', '6', '7', '3')",0.9999835345703137
"('12', '6', '8', '3')",0.9999999328613239
"('12', '6', '9', '3')",1.0
"('12', '6', '1', '4')",0.007199999999999998
"('12', '6', '2', '4')",0.19072900000000012
"('12', '6', '3', '4')",0.6097078000000001
"('12', '6', '4', '4')",0.9222244599999984
"('12', '6', '5', '4')",0.993484461
"('12', '6', '6', '4')",0.9997635177999998
"('12', '6', '7', '4')",0.999996413920004
"('12', '6', '8', '4')",0.999999985664
"('12', '6', '9', '4')",1.0000000000000002
"('12', '6', '1', '5')",0.008389999999999972
"('12', '6', '2', '5')",0.22661375000000006
"('12', '6', '3', '5')",0.6747125875000012
"('12', '6', '4', '5')",0.9555805006250033
"('12', '6', '5', '5')",0.9976969679999997
"('12', '6', '6', '5')",0.9999477880328129
"('12', '6', '7', '5')",0.9999995467100772
"('12', '6', '8', '5')",0.9999999989235875
"('12', '6', '9', '5')",0.9999999999999998
"('12', '6', '1', '6')",0.010214999999999978
"('12', '6', '2', '6')",0.2805030000000004
"('12', '6', '3', '6')",0.7730620500000003
"('12', '6', '4', '6')",0.9896861493750029
"('12', '6', '5', '6')",0.999871471656251
"('12', '6', '6', '6')",0.9999994227249992
"('12', '6', '7', '6')",0.9999999992262479
"('12', '6', '8', '6')",0.9999999999995819
"('12', '6', '9', '6')",1.0000000000000002
"('12', '6', '1', '7')",0.013800000000000003
"('12', '6', '2', '7')",0.3483599999999999
"('12', '6', '3', '7')",0.8665296000000018
"('12', '6', '4', '7')",1.0
"('12', '6', '5', '7')",1.0
"('12', '6', '6', '7')",1.0
"('12', '6', '7', '7')",1.0
"('12', '6', '8', '7')",1.0
"('12', '6', '9', '7')",1.0
"('12', '6', '1', '8')",0.020229999999999918
"('12', '6', '2', '8')",0.450334000000001
"('12', '6', '3', '8')",0.9667949000000001
"('12', '6', '4', '8')",1.0
"('12', '6', '5', '8')",1.0
"('12', '6', '6', '8')",1.0
"('12', '6', '7', '8')",1.0
"('12', '6', '8', '8')",1.0
"('12', '6', '9', '8')",1.0
"('12', '7', '1', '0')",0.0037999999999999722
"('12', '7', '2', '0')",0.10080000000000014
"('12', '7', '3', '0')",0.4146437999999999
"('12', '7', '4', '0')",0.7865145199999998
"('12', '7', '5', '0')",0.9623836550000017
"('12', '7', '6', '0')",0.9972703776000018
"('12', '7', '7', '0')",0.9999400550399995
"('12', '7', '8', '0')",1.0000000000000002
"('12', '7', '9', '0')",1.0
"('12', '7', '1', '1')",0.005164999999999998
"('12', '7', '2', '1')",0.13275825000000024
"('12', '7', '3', '1')",0.4867247375000005
"('12', '7', '4', '1')",0.841303731875
"('12', '7', '5', '1')",0.9771701214062491
"('12', '7', '6', '1')",0.9986868227390598
"('12', '7', '7', '1')",0.9999771976279702
"('12', '7', '8', '1')",0.9999999549624943
"('12', '7', '9', '1')",0.9999999999999999
"('12', '7', '1', '2')",0.006639999999999991
"('12', '7', '2', '2')",0.1637250000000001
"('12', '7', '3', '2')",0.557009799999998
"('12', '7', '4', '2')",0.8870168800000016
"('12', '7', '5', '2')",0.987333370000001
"('12', '7', '6', '2')",0.9994755006999971
"('12', '7', '7', '2')",0.9999929384199993
"('12', '7', '8', '2')",0.9999999934390003
"('12', '7', '9', '2')",0.9999999999999999
"('12', '7', '1', '3')",0.008565
"('12', '7', '2', '3')",0.20143924999999993
"('12', '7', '3', '3')",0.6251318124999967
"('12', '7', '4', '3')",0.9245302299999985
"('12', '7', '5', '3')",0.9937328978125007
"('12', '7', '6', '3')",0.999793660273437
"('12', '7', '7', '3')",0.9999981579589861
"('12', '7', '8', '3')",0.9999999984741217
"('12', '7', '9', '3')",0.9999999999999999
"('12', '7', '1', '4')",0.010549999999999981
"('12', '7', '2', '4')",0.24017399999999997
"('12', '7', '3', '4')",0.6892026999999987
"('12', '7', '4', '4')",0.9535733899999995
"('12', '7', '5', '4')",0.997316170999999
"('12', '7', '6', '4')",0.9999409960000003
"('12', '7', '7', '4')",0.999999636800001
"('12', '7', '8', '4')",0.9999999994880018
"('12', '7', '9', '4')",1.0000000000000002
"('12', '7', '1', '5')",0.011715000000000022
"('12', '7', '2', '5')",0.28116325000000025
"('12', '7', '3', '5')",0.7535896000000007
"('12', '7', '4', '5')",0.9752914456249987
"('12', '7', '5', '5')",0.9991099761562479
"('12', '7', '6', '5')",0.9999881651265627
"('12', '7', '7', '5')",0.99999995098234
"('12', '7', '8', '5')",0.999999999948742
"('12', '7', '9', '5')",1.0
"('12', '7', '1', '6')",0.015030000000000042
"('12', '7', '2', '6')",0.34523049999999983
"('12', '7', '3', '6')",0.8401936625000005
"('12', '7', '4', '6')",0.9949841781249957
"('12', '7', '5', '6')",0.9999615586250027
"('12', '7', '6', '6')",0.9999999096734399
"('12', '7', '7', '6')",0.9999999999478899
"('12', '7', '8', '6')",0.999999999999996
"('12', '7', '9', '6')",1.0000000000000002
"('12', '7', '1', '7')",0.019440000000000006
"('12', '7', '2', '7')",0.42305199999999704
"('12', '7', '3', '7')",0.9200480000000002
"('12', '7', '4', '7')",1.0
"('12', '7', '5', '7')",1.0
"('12', '7', '6', '7')",1.0
"('12', '7', '7', '7')",1.0
"('12', '7', '8', '7')",1.0
"('12', '7', '9', '7')",1.0
"('12', '7', '1', '8')",0.028500000000000074
"('12', '7', '2', '8')",0.5169020000000002
"('12', '7', '3', '8')",0.9816886999999989
"('12', '7', '4', '8')",1.0
"('12', '7', '5', '8')",1.0
"('12', '7', '6', '8')",1.0
"('12', '7', '7', '8')",1.0000000000000002
"('12', '7', '8', '8')",1.0
"('12', '7', '9', '8')",1.0
"('13', '0', '1', '0')",0.0
"('13', '0', '2', '0')",0.0
"('13', '0', '3', '0')",0.0
"('13', '0', '4', '0')",0.016500000000000004
"('13', '0', '5', '0')",0.13618
"('13', '0', '6', '0')",0.405119
"('13', '0', '7', '0')",0.7021776000000002
"('13', '0', '8', '0')",0.8949632000000003
"('13', '0', '9', '0')",0.9745228800000003
"('13', '0', '1', '1')",0.0
"('13', '0', '2', '1')",0.0
"('13', '0', '3', '1')",0.0
"('13', '0', '4', '1')",0.046668749999999995
"('13', '0', '5', '1')",0.26650250000000003
"('13', '0', '6', '1')",0.5943065625
"('13', '0', '7', '1')",0.8428352562499999
"('13', '0', '8', '1')",0.9572150241015623
"('13', '0', '9', '1')",0.9918482110859372
"('13', '0', '1', '2')",0.0
"('13', '0', '2', '2')",0.0
"('13', '0', '3', '2')",0.0
"('13', '0', '4', '2')",0.09920000000000001
"('13', '0', '5', '2')",0.4219
"('13', '0', '6', '2')",0.7523099999999999
"('13', '0', '7', '2')",0.9274699000000001
"('13', '0', '8', '2')",0.9850789900000001
"('13', '0', '9', '2')",0.9978173740000003
"('13', '0', '1', '3')",0.0
"('13', '0', '2', '3')",0.0
"('13', '0', '3', '3')",0.0
"('13', '0', '4', '3')",0.17896874999999995
"('13', '0', '5', '3')",0.5847474999999998
"('13', '0', '6', '3')",0.8684305624999996
"('13', '0', '7', '3')",0.9719076562499998
"('13', '0', '8', '3')",0.9957818603515621
"('13', '0', '9', '3')",0.9995438232421869
"('13', '0', '1', '4')",0.0
"('13', '0', '2', '4')",0.0
"('13', '0', '3', '4')",0.0
"('13', '0', '4', '4')",0.29009999999999997
"('13', '0', '5', '4')",0.73682
"('13', '0', '6', '4')",0.942327
"('13', '0', '7', '4')",0.9915284000000002
"('13', '0', '8', '4')",0.9991158400000001
"('13', '0', '9', '4')",0.9999342080000002
"('13', '0', '1', '5')",0.0
"('13', '0', '2', '5')",0.0
"('13', '0', '3', '5')",0.0
"('13', '0', '4', '5')",0.43596875
"('13', '0', '5', '5')",0.8619924999999998
"('13', '0', '6', '5')",0.9811355625
"('13', '0', '7', '5')",0.9982995062500002
"('13', '0', '8', '5')",0.9998821228515626
"('13', '0', '9', '5')",0.9999949596484378
"('13', '0', '1', '6')",0.0
"('13', '0', '2', '6')",0.0
"('13', '0', '3', '6')",0.0
"('13', '0', '4', '6')",0.7062187500000002
"('13', '0', '5', '6')",0.9792900000000003
"('13', '0', '6', '6')",0.9993054375000003
"('13', '0', '7', '6')",0.9999861250000004
"('13', '0', '8', '6')",0.9999998009765628
"('13', '0', '9', '6')",0.9999999981640626
"('13', '0', '1', '7')",0.0
"('13', '0', '2', '7')",0.0
"('13', '0', '3', '7')",0.0
"('13', '0', '4', '7')",0.9743999999999999
"('13', '0', '5', '7')",1.0
"('13', '0', '6', '7')",1.0
"('13', '0', '7', '7')",1.0
"('13', '0', '8', '7')",1.0
"('13', '0', '9', '7')",1.0
"('13', '0', '1', '8')",0.0
"('13', '0', '2', '8')",0.0
"('13', '0', '3', '8')",0.0
"('13', '0', '4', '8')",0.9999000000000002
"('13', '0', '5', '8')",1.0000000000000002
"('13', '0', '6', '8')",1.0000000000000002
"('13', '0', '7', '8')",1.0000000000000002
"('13', '0', '8', '8')",1.0000000000000002
"('13', '0', '9', '8')",1.0000000000000002
"('13', '1', '1', '0')",0.0
"('13', '1', '2', '0')",0.002118000000000002
"('13', '1', '3', '0')",0.014526599999999976
"('13', '1', '4', '0')",0.0788478700000002
"('13', '1', '5', '0')",0.27348357100000004
"('13', '1', '6', '0')",0.5677940537999958
"('13', '1', '7', '0')",0.8168580096000049
"('13', '1', '8', '0')",0.9469999001600012
"('13', '1', '9', '0')",0.990007981260799
"('13', '1', '1', '1')",0.0
"('13', '1', '2', '1')",0.0030082499999999996
"('13', '1', '3', '1')",0.025019612500000104
"('13', '1', '4', '1')",0.1352026987499998
"('13', '1', '5', '1')",0.40933759965624933
"('13', '1', '6', '1')",0.7163158999562498
"('13', '1', '7', '1')",0.9066555955031255
"('13', '1', '8', '1')",0.979035678366613
"('13', '1', '9', '1')",0.9968632312864474
"('13', '1', '1', '2')",0.0
"('13', '1', '2', '2')",0.004135999999999998
"('13', '1', '3', '2')",0.03826039999999987
"('13', '1', '4', '2')",0.20714983000000056
"('13', '1', '5', '2')",0.5506271730000015
"('13', '1', '6', '2')",0.8331924662999993
"('13', '1', '7', '2')",0.9580954609000014
"('13', '1', '8', '2')",0.9928614572020003
"('13', '1', '9', '2')",0.9991710837703008
"('13', '1', '1', '3')",0.0
"('13', '1', '2', '3')",0.0057999999999999875
"('13', '1', '3', '3')",0.05308181250000005
"('13', '1', '4', '3')",0.30246715874999985
"('13', '1', '5', '3')",0.6875762779999985
"('13', '1', '6', '3')",0.9140370594312486
"('13', '1', '7', '3')",0.9841853052382797
"('13', '1', '8', '3')",0.9980337532446292
"('13', '1', '9', '3')",0.9998309689819337
"('13', '1', '1', '4')",0.0
"('13', '1', '2', '4')",0.006603000000000015
"('13', '1', '3', '4')",0.07009360000000016
"('13', '1', '4', '4')",0.4145578699999987
"('13', '1', '5', '4')",0.808309150999999
"('13', '1', '6', '4')",0.9633550850999998
"('13', '1', '7', '4')",0.995379497439999
"('13', '1', '8', '4')",0.9996010314879977
"('13', '1', '9', '4')",0.9999760379711998
"('13', '1', '1', '5')",0.0
"('13', '1', '2', '5')",0.008221500000000034
"('13', '1', '3', '5')",0.09011638749999988
"('13', '1', '4', '5')",0.5484267875000021
"('13', '1', '5', '5')",0.9026684953437505
"('13', '1', '6', '5')",0.9882731918000015
"('13', '1', '7', '5')",0.9990917111153111
"('13', '1', '8', '5')",0.9999485043154952
"('13', '1', '9', '5')",0.9999981440253727
"('13', '1', '1', '6')",0.0
"('13', '1', '2', '6')",0.011213999999999946
"('13', '1', '3', '6')",0.12110715000000004
"('13', '1', '4', '6')",0.7770127500000009
"('13', '1', '5', '6')",0.9862293860625013
"('13', '1', '6', '6')",0.9995982898062482
"('13', '1', '7', '6')",0.9999930667265613
"('13', '1', '8', '6')",0.9999999193371619
"('13', '1', '9', '6')",0.999999999405952
"('13', '1', '1', '7')",0.0
"('13', '1', '2', '7')",0.013632000000000003
"('13', '1', '3', '7')",0.1546432000000002
"('13', '1', '4', '7')",0.9819315200000004
"('13', '1', '5', '7')",1.0
"('13', '1', '6', '7')",1.0
"('13', '1', '7', '7')",1.0
"('13', '1', '8', '7')",1.0
"('13', '1', '9', '7')",1.0
"('13', '1', '1', '8')",0.0
"('13', '1', '2', '8')",0.018432000000000014
"('13', '1', '3', '8')",0.2001756000000005
"('13', '1', '4', '8')",0.9999305800000012
"('13', '1', '5', '8')",1.0000000000000002
"('13', '1', '6', '8')",1.0000000000000002
"('13', '1', '7', '8')",1.0000000000000002
"('13', '1', '8', '8')",1.0000000000000002
"('13', '1', '9', '8')",1.0000000000000002
"('13', '2', '1', '0')",0.0
"('13', '2', '2', '0')",0.006094
"('13', '2', '3', '0')",0.037718900000000014
"('13', '2', '4', '0')",0.15752828999999952
"('13', '2', '5', '0')",0.4099273330000005
"('13', '2', '6', '0')",0.6990873571999994
"('13', '2', '7', '0')",0.8958690708799991
"('13', '2', '8', '0')",0.9761148840960014
"('13', '2', '9', '0')",0.9966977568767996
"('13', '2', '1', '1')",0.0
"('13', '2', '2', '1')",0.00914850000000006
"('13', '2', '3', '1')",0.05885764999999999
"('13', '2', '4', '1')",0.23192238687499966
"('13', '2', '5', '1')",0.5388809267187494
"('13', '2', '6', '1')",0.8116427795296866
"('13', '2', '7', '1')",0.9485117021435953
"('13', '2', '8', '1')",0.9907547624752311
"('13', '2', '9', '1')",0.9989884376523289
"('13', '2', '1', '2')",0.0
"('13', '2', '2', '2')",0.011329999999999969
"('13', '2', '3', '2')",0.08470299999999982
"('13', '2', '4', '2')",0.3173570400000015
"('13', '2', '5', '2')",0.6630886079999998
"('13', '2', '6', '2')",0.8932425103999931
"('13', '2', '7', '2')",0.9776881657000002
"('13', '2', '8', '2')",0.9969131976490001
"('13', '2', '9', '2')",0.9997404154201021
"('13', '2', '1', '3')",0.0
"('13', '2', '2', '3')",0.01533150000000003
"('13', '2', '3', '3')",0.11220504999999972
"('13', '2', '4', '3')",0.41583652187499964
"('13', '2', '5', '3')",0.7727915595937497
"('13', '2', '6', '3')",0.9460553857765621
"('13', '2', '7', '3')",0.9918418109609349
"('13', '2', '8', '3')",0.999177384213866
"('13', '2', '9', '3')",0.9999476538360571
"('13', '2', '1', '4')",0.0
"('13', '2', '2', '4')",0.01850100000000003
"('13', '2', '3', '4')",0.1454854999999999
"('13', '2', '4', '4')",0.5260419099999977
"('13', '2', '5', '4')",0.8649164500000014
"('13', '2', '6', '4')",0.9776929406999993
"('13', '2', '7', '4')",0.9976765147199996
"('13', '2', '8', '4')",0.9998390810240022
"('13', '2', '9', '4')",0.9999927001920011
"('13', '2', '1', '5')",0.0
"('13', '2', '2', '5')",0.022086000000000022
"('13', '2', '3', '5')",0.17624011249999985
"('13', '2', '4', '5')",0.6442699406249986
"('13', '2', '5', '5')",0.9335980414687501
"('13', '2', '6', '5')",0.9931528689281258
"('13', '2', '7', '5')",0.9995525873326584
"('13', '2', '8', '5')",0.999980163083866
"('13', '2', '9', '5')",0.9999994435629853
"('13', '2', '1', '6')",0.0
"('13', '2', '2', '6')",0.028903249999999985
"('13', '2', '3', '6')",0.2352766999999998
"('13', '2', '4', '6')",0.8354349731250026
"('13', '2', '5', '6')",0.9911657847812511
"('13', '2', '6', '6')",0.9997813100890635
"('13', '2', '7', '6')",0.9999968768543714
"('13', '2', '8', '6')",0.999999971067809
"('13', '2', '9', '6')",0.9999999998444484
"('13', '2', '1', '7')",0.0
"('13', '2', '2', '7')",0.03604399999999989
"('13', '2', '3', '7')",0.2929535999999995
"('13', '2', '4', '7')",0.9877555200000021
"('13', '2', '5', '7')",1.0
"('13', '2', '6', '7')",1.0
"('13', '2', '7', '7')",1.0
"('13', '2', '8', '7')",1.0
"('13', '2', '9', '7')",1.0
"('13', '2', '1', '8')",0.0
"('13', '2', '2', '8')",0.04398699999999995
"('13', '2', '3', '8')",0.3629540999999984
"('13', '2', '4', '8')",0.9999538499999987
"('13', '2', '5', '8')",1.0
"('13', '2', '6', '8')",1.0
"('13', '2', '7', '8')",1.0000000000000002
"('13', '2', '8', '8')",1.0000000000000002
"('13', '2', '9', '8')",1.0
"('13', '3', '1', '0')",2.0000000000000046e-05
"('13', '3', '2', '0')",0.011356000000000033
"('13', '3', '3', '0')",0.06863140000000008
"('13', '3', '4', '0')",0.24579204
"('13', '3', '5', '0')",0.5405218940000025
"('13', '3', '6', '0')",0.8049396509999989
"('13', '3', '7', '0')",0.9455837212800003
"('13', '3', '8', '0')",0.9907263613439988
"('13', '3', '9', '0')",0.9991870136319998
"('13', '3', '1', '1')",1.5000000000000046e-05
"('13', '3', '2', '1')",0.017063750000000075
"('13', '3', '3', '1')",0.10131890000000007
"('13', '3', '4', '1')",0.3328172750000002
"('13', '3', '5', '1')",0.655131587874999
"('13', '3', '6', '1')",0.8822085359203118
"('13', '3', '7', '1')",0.9741028099000792
"('13', '3', '8', '1')",0.9965277389927776
"('13', '3', '9', '1')",0.9997439152599632
"('13', '3', '1', '2')",2.0000000000000015e-05
"('13', '3', '2', '2')",0.023599000000000033
"('13', '3', '3', '2')",0.13711870000000037
"('13', '3', '4', '2')",0.4256191800000006
"('13', '3', '5', '2')",0.7556119430000042
"('13', '3', '6', '2')",0.9352611196000019
"('13', '3', '7', '2')",0.9890418915999974
"('13', '3', '8', '2')",0.9988790892760011
"('13', '3', '9', '2')",0.9999371677816005
"('13', '3', '1', '3')",0.0
"('13', '3', '2', '3')",0.029799999999999955
"('13', '3', '3', '3')",0.18131036250000018
"('13', '3', '4', '3')",0.524885530624998
"('13', '3', '5', '3')",0.8418917461249994
"('13', '3', '6', '3')",0.9684703213562531
"('13', '3', '7', '3')",0.9961162848710944
"('13', '3', '8', '3')",0.9997060359350567
"('13', '3', '9', '3')",0.9999876541839587
"('13', '3', '1', '4')",0.0
"('13', '3', '2', '4')",0.03588200000000004
"('13', '3', '3', '4')",0.2258917000000003
"('13', '3', '4', '4')",0.6258706600000021
"('13', '3', '5', '4')",0.9093386640000009
"('13', '3', '6', '4')",0.9874302286000003
"('13', '3', '7', '4')",0.99893400476
"('13', '3', '8', '4')",0.9999444752640033
"('13', '3', '9', '4')",0.999998322553599
"('13', '3', '1', '5')",3.499999999999995e-05
"('13', '3', '2', '5')",0.042876250000000116
"('13', '3', '3', '5')",0.27298420000000057
"('13', '3', '4', '5')",0.7287855456249973
"('13', '3', '5', '5')",0.9568622342499973
"('13', '3', '6', '5')",0.9962264407343743
"('13', '3', '7', '5')",0.9998030932799246
"('13', '3', '8', '5')",0.999993365554832
"('13', '3', '9', '5')",0.9999998756959603
"('13', '3', '1', '6')",4.4999999999999996e-05
"('13', '3', '2', '6')",0.05333550000000006
"('13', '3', '3', '6')",0.3482021250000011
"('13', '3', '4', '6')",0.8818697093749994
"('13', '3', '5', '6')",0.9946382936562478
"('13', '3', '6', '6')",0.9998891917421903
"('13', '3', '7', '6')",0.9999987470642174
"('13', '3', '8', '6')",0.9999999915669395
"('13', '3', '9', '6')",0.9999999999687346
"('13', '3', '1', '7')",4.000000000000001e-05
"('13', '3', '2', '7')",0.06893200000000045
"('13', '3', '3', '7')",0.42450879999999946
"('13', '3', '4', '7')",0.9920895999999977
"('13', '3', '5', '7')",1.0
"('13', '3', '6', '7')",1.0
"('13', '3', '7', '7')",1.0
"('13', '3', '8', '7')",1.0
"('13', '3', '9', '7')",1.0
"('13', '3', '1', '8')",8.999999999999946e-05
"('13', '3', '2', '8')",0.08099600000000029
"('13', '3', '3', '8')",0.5130245000000015
"('13', '3', '4', '8')",0.9999696000000008
"('13', '3', '5', '8')",1.0000000000000002
"('13', '3', '6', '8')",1.0
"('13', '3', '7', '8')",1.0
"('13', '3', '8', '8')",1.0000000000000002
"('13', '3', '9', '8')",1.0
"('13', '4', '1', '0')",7.000000000000008e-05
"('13', '4', '2', '0')",0.020155999999999896
"('13', '4', '3', '0')",0.11027520000000011
"('13', '4', '4', '0')",0.3423353200000002
"('13', '4', '5', '0')",0.6572701450000014
"('13', '4', '6', '0')",0.8819501481999997
"('13', '4', '7', '0')",0.974772865599999
"('13', '4', '8', '0')",0.9970782871040009
"('13', '4', '9', '0')",0.9998488174592007
"('13', '4', '1', '1')",0.0001899999999999998
"('13', '4', '2', '1')",0.028392500000000088
"('13', '4', '3', '1')",0.15298331249999986
"('13', '4', '4', '1')",0.43829401000000184
"('13', '4', '5', '1')",0.7507072875312516
"('13', '4', '6', '1')",0.9311207335328124
"('13', '4', '7', '1')",0.988378322701014
"('13', '4', '8', '1')",0.9989171024337304
"('13', '4', '9', '1')",0.9999542103887853
"('13', '4', '1', '2')",4.999999999999992e-05
"('13', '4', '2', '2')",0.03857899999999999
"('13', '4', '3', '2')",0.20283520000000047
"('13', '4', '4', '2')",0.5278929100000005
"('13', '4', '5', '2')",0.8309386470000015
"('13', '4', '6', '2')",0.9636027010999995
"('13', '4', '7', '2')",0.9953218115199997
"('13', '4', '8', '2')",0.9996582873249998
"('13', '4', '9', '2')",0.9999887519673986
"('13', '4', '1', '3')",0.0002150000000000005
"('13', '4', '2', '3')",0.04781874999999991
"('13', '4', '3', '3')",0.25427152499999933
"('13', '4', '4', '3')",0.6224254174999978
"('13', '4', '5', '3')",0.8941379368125008
"('13', '4', '6', '3')",0.9829491348140622
"('13', '4', '7', '3')",0.9983682831640622
"('13', '4', '8', '3')",0.9999141715185526
"('13', '4', '9', '3')",0.9999979282989491
"('13', '4', '1', '4')",0.0002400000000000007
"('13', '4', '2', '4')",0.05797200000000008
"('13', '4', '3', '4')",0.3091109999999998
"('13', '4', '4', '4')",0.7127558000000022
"('13', '4', '5', '4')",0.9410997040000003
"('13', '4', '6', '4')",0.9935198028999991
"('13', '4', '7', '4')",0.9995708729600022
"('13', '4', '8', '4')",0.9999841457119975
"('13', '4', '9', '4')",0.9999997364928006
"('13', '4', '1', '5')",0.00016999999999999993
"('13', '4', '2', '5')",0.06866299999999989
"('13', '4', '3', '5')",0.36410159999999936
"('13', '4', '4', '5')",0.7983742856249996
"('13', '4', '5', '5')",0.9728498959062499
"('13', '4', '6', '5')",0.9981300953640607
"('13', '4', '7', '5')",0.9999226573285942
"('13', '4', '8', '5')",0.9999981839917058
"('13', '4', '9', '5')",0.9999999804356057
"('13', '4', '1', '6')",0.00044999999999999993
"('13', '4', '2', '6')",0.08598650000000008
"('13', '4', '3', '6')",0.4494378124999989
"('13', '4', '4', '6')",0.9189210168750002
"('13', '4', '5', '6')",0.9969255784374982
"('13', '4', '6', '6')",0.9999494440390628
"('13', '4', '7', '6')",0.9999995622977323
"('13', '4', '8', '6')",0.9999999980052459
"('13', '4', '9', '6')",0.9999999999962492
"('13', '4', '1', '7')",0.0003800000000000003
"('13', '4', '2', '7')",0.10924000000000016
"('13', '4', '3', '7')",0.5363720000000014
"('13', '4', '4', '7')",0.9951667199999995
"('13', '4', '5', '7')",1.0
"('13', '4', '6', '7')",1.0
"('13', '4', '7', '7')",1.0
"('13', '4', '8', '7')",1.0
"('13', '4', '9', '7')",1.0
"('13', '4', '1', '8')",0.0010000000000000024
"('13', '4', '2', '8')",0.12940899999999977
"('13', '4', '3', '8')",0.6337646000000011
"('13', '4', '4', '8')",0.999981400000001
"('13', '4', '5', '8')",1.0
"('13', '4', '6', '8')",1.0000000000000002
"('13', '4', '7', '8')",1.0
"('13', '4', '8', '8')",1.0000000000000002
"('13', '4', '9', '8')",1.0
"('13', '5', '1', '0')",0.0001700000000000003
"('13', '5', '2', '0')",0.030568000000000088
"('13', '5', '3', '0')",0.1596455999999998
"('13', '5', '4', '0')",0.44717320000000005
"('13', '5', '5', '0')",0.7584013590000007
"('13', '5', '6', '0')",0.9342612279999992
"('13', '5', '7', '0')",0.9898921752000044
"('13', '5', '8', '0')",0.9992702097920007
"('13', '5', '9', '0')",0.9999843172351994
"('13', '5', '1', '1')",0.00022499999999999956
"('13', '5', '2', '1')",0.041860999999999815
"('13', '5', '3', '1')",0.21419178749999981
"('13', '5', '4', '1')",0.5382637849999994
"('13', '5', '5', '1')",0.8306362273749986
"('13', '5', '6', '1')",0.9632481035250036
"('13', '5', '7', '1')",0.9954039079224993
"('13', '5', '8', '1')",0.9997422606877236
"('13', '5', '9', '1')",0.9999950325237347
"('13', '5', '1', '2')",0.00024999999999999995
"('13', '5', '2', '2')",0.05596399999999987
"('13', '5', '3', '2')",0.27129689999999884
"('13', '5', '4', '2')",0.6248166300000041
"('13', '5', '5', '2')",0.8886196319999986
"('13', '5', '6', '2')",0.9812053655000006
"('13', '5', '7', '2')",0.9982470830499991
"('13', '5', '8', '2')",0.9999213389559994
"('13', '5', '9', '2')",0.9999988526998016
"('13', '5', '1', '3')",0.00023499999999999964
"('13', '5', '2', '3')",0.07055049999999986
"('13', '5', '3', '3')",0.33060503749999937
"('13', '5', '4', '3')",0.7077911756249976
"('13', '5', '5', '3')",0.9334470955937514
"('13', '5', '6', '3')",0.9916348519375006
"('13', '5', '7', '3')",0.9994167529882824
"('13', '5', '8', '3')",0.999980291550295
"('13', '5', '9', '3')",0.9999997738647427
"('13', '5', '1', '4')",0.0005299999999999991
"('13', '5', '2', '4')",0.08361900000000004
"('13', '5', '3', '4')",0.3919496999999996
"('13', '5', '4', '4')",0.7854384200000021
"('13', '5', '5', '4')",0.9643718340000021
"('13', '5', '6', '4')",0.996859247199998
"('13', '5', '7', '4')",0.9998552808399996
"('13', '5', '8', '4')",0.9999965739839985
"('13', '5', '9', '4')",0.9999999725568013
"('13', '5', '1', '5')",0.0008300000000000038
"('13', '5', '2', '5')",0.10268050000000005
"('13', '5', '3', '5')",0.45315013750000066
"('13', '5', '4', '5')",0.8564400712500013
"('13', '5', '5', '5')",0.9842962552500002
"('13', '5', '6', '5')",0.999147775095313
"('13', '5', '7', '5')",0.9999751026763293
"('13', '5', '8', '5')",0.9999996331930802
"('13', '5', '9', '5')",0.9999999979112439
"('13', '5', '1', '6')",0.0008550000000000031
"('13', '5', '2', '6')",0.12360824999999982
"('13', '5', '3', '6')",0.5475703749999995
"('13', '5', '4', '6')",0.9460468912500019
"('13', '5', '5', '6')",0.9983880517187508
"('13', '5', '6', '6')",0.9999798359656251
"('13', '5', '7', '6')",0.9999998801793771
"('13', '5', '8', '6')",0.9999999996845462
"('13', '5', '9', '6')",0.9999999999995627
"('13', '5', '1', '7')",0.0007200000000000008
"('13', '5', '2', '7')",0.15239599999999967
"('13', '5', '3', '7')",0.6395431999999979
"('13', '5', '4', '7')",0.9974169600000004
"('13', '5', '5', '7')",1.0
"('13', '5', '6', '7')",0.9999999999999999
"('13', '5', '7', '7')",1.0
"('13', '5', '8', '7')",1.0
"('13', '5', '9', '7')",0.9999999999999999
"('13', '5', '1', '8')",0.001139999999999999
"('13', '5', '2', '8')",0.17474600000000076
"('13', '5', '3', '8')",0.7402108000000006
"('13', '5', '4', '8')",0.9999892600000005
"('13', '5', '5', '8')",1.0000000000000002
"('13', '5', '6', '8')",1.0
"('13', '5', '7', '8')",1.0000000000000002
"('13', '5', '8', '8')",1.0000000000000002
"('13', '5', '9', '8')",1.0
"('13', '6', '1', '0')",0.00032000000000000035
"('13', '6', '2', '0')",0.04444000000000001
"('13', '6', '3', '0')",0.21695770000000034
"('13', '6', '4', '0')",0.5484215199999992
"('13', '6', '5', '0')",0.8417683269999975
"('13', '6', '6', '0')",0.9674250705999986
"('13', '6', '7', '0')",0.9967524518399992
"('13', '6', '8', '0')",0.9998691532800013
"('13', '6', '9', '0')",0.9999993708543976
"('13', '6', '1', '1')",0.000509999999999998
"('13', '6', '2', '1')",0.06183700000000011
"('13', '6', '3', '1')",0.28216803750000047
"('13', '6', '4', '1')",0.6345778793750027
"('13', '6', '5', '1')",0.891783205374999
"('13', '6', '6', '1')",0.9823994839656257
"('13', '6', '7', '1')",0.9985864652380457
"('13', '6', '8', '1')",0.9999582888338352
"('13', '6', '9', '1')",0.9999997466640168
"('13', '6', '1', '2')",0.0005999999999999979
"('13', '6', '2', '2')",0.07859000000000008
"('13', '6', '3', '2')",0.34531529999999944
"('13', '6', '4', '2')",0.7131725799999984
"('13', '6', '5', '2')",0.932420614999998
"('13', '6', '6', '2')",0.9914781744000016
"('13', '6', '7', '2')",0.9994531721500001
"('13', '6', '8', '2')",0.9999872099380019
"('13', '6', '9', '2')",0.9999999160191986
"('13', '6', '1', '3')",0.0008550000000000018
"('13', '6', '2', '3')",0.09773375000000033
"('13', '6', '3', '3')",0.4086160125000009
"('13', '6', '4', '3')",0.7838937237500021
"('13', '6', '5', '3')",0.9601859266874992
"('13', '6', '6', '3')",0.9962570227437497
"('13', '6', '7', '3')",0.9998348925820312
"('13', '6', '8', '3')",0.9999968768798815
"('13', '6', '9', '3')",0.999999985122679
"('13', '6', '1', '4')",0.0010499999999999995
"('13', '6', '2', '4')",0.11778800000000003
"('13', '6', '3', '4')",0.4757029000000017
"('13', '6', '4', '4')",0.8466279700000024
"('13', '6', '5', '4')",0.9802333030000027
"('13', '6', '6', '4')",0.998732603900004
"('13', '6', '7', '4')",0.9999588421200007
"('13', '6', '8', '4')",0.9999995074239981
"('13', '6', '9', '4')",0.9999999981312017
"('13', '6', '1', '5')",0.0014549999999999993
"('13', '6', '2', '5')",0.13721975000000014
"('13', '6', '3', '5')",0.5427320000000002
"('13', '6', '4', '5')",0.9018439149999985
"('13', '6', '5', '5')",0.9916424679375037
"('13', '6', '6', '5')",0.9996648727374966
"('13', '6', '7', '5')",0.9999936305748445
"('13', '6', '8', '5')",0.9999999461479714
"('13', '6', '9', '5')",0.9999999998603226
"('13', '6', '1', '6')",0.002160000000000002
"('13', '6', '2', '6')",0.16658125000000004
"('13', '6', '3', '6')",0.6351748875000017
"('13', '6', '4', '6')",0.9663438187499973
"('13', '6', '5', '6')",0.9992245884062496
"('13', '6', '6', '6')",0.9999932893265665
"('13', '6', '7', '6')",0.9999999746946894
"('13', '6', '8', '6')",0.9999999999693026
"('13', '6', '9', '6')",0.9999999999999685
"('13', '6', '1', '7')",0.0017600000000000003
"('13', '6', '2', '7')",0.2069960000000004
"('13', '6', '3', '7')",0.7248015999999975
"('13', '6', '4', '7')",0.9985331199999992
"('13', '6', '5', '7')",1.0
"('13', '6', '6', '7')",1.0
"('13', '6', '7', '7')",1.0
"('13', '6', '8', '7')",0.9999999999999999
"('13', '6', '9', '7')",1.0
"('13', '6', '1', '8')",0.002070000000000001
"('13', '6', '2', '8')",0.2537500000000008
"('13', '6', '3', '8')",0.8188679000000008
"('13', '6', '4', '8')",0.9999948600000016
"('13', '6', '5', '8')",1.0
"('13', '6', '6', '8')",1.0
"('13', '6', '7', '8')",1.0
"('13', '6', '8', '8')",1.0
"('13', '6', '9', '8')",1.0
"('13', '7', '1', '0')",0.0009200000000000001
"('13', '7', '2', '0')",0.06139400000000006
"('13', '7', '3', '0')",0.2888178000000022
"('13', '7', '4', '0')",0.6477355300000013
"('13', '7', '5', '0')",0.9035383169999976
"('13', '7', '6', '0')",0.9863767849000011
"('13', '7', '7', '0')",0.9991194726399999
"('13', '7', '8', '0')",0.9999881871359998
"('13', '7', '9', '0')",1.0000000000000002
"('13', '7', '1', '1')",0.0008599999999999973
"('13', '7', '2', '1')",0.0833189999999999
"('13', '7', '3', '1')",0.3537947000000019
"('13', '7', '4', '1')",0.7248661606249988
"('13', '7', '5', '1')",0.9370501601562514
"('13', '7', '6', '1')",0.9929653029781232
"('13', '7', '7', '1')",0.9996466999243798
"('13', '7', '8', '1')",0.9999949723435139
"('13', '7', '9', '1')",1.0
"('13', '7', '1', '2')",0.0014399999999999968
"('13', '7', '2', '2')",0.10560999999999977
"('13', '7', '3', '2')",0.4214563000000006
"('13', '7', '4', '2')",0.7902310899999994
"('13', '7', '5', '2')",0.9621685619999985
"('13', '7', '6', '2')",0.9967147757999998
"('13', '7', '7', '2')",0.9998720923600006
"('13', '7', '8', '2')",0.9999986163580016
"('13', '7', '9', '2')",0.9999999980316994
"('13', '7', '1', '3')",0.0019150000000000003
"('13', '7', '2', '3')",0.12805674999999989
"('13', '7', '3', '3')",0.48889047500000166
"('13', '7', '4', '3')",0.8471502181249978
"('13', '7', '5', '3')",0.9789254845625042
"('13', '7', '6', '3')",0.9986408707296877
"('13', '7', '7', '3')",0.9999647381933596
"('13', '7', '8', '3')",0.9999996218872115
"('13', '7', '9', '3')",1.0
"('13', '7', '1', '4')",0.0019000000000000082
"('13', '7', '2', '4')",0.15289099999999967
"('13', '7', '3', '4')",0.5583996999999996
"('13', '7', '4', '4')",0.895954959999999
"('13', '7', '5', '4')",0.9898457730000013
"('13', '7', '6', '4')",0.9995519379999981
"('13', '7', '7', '4')",0.9999915342399999
"('13', '7', '8', '4')",0.9999999498879997
"('13', '7', '9', '4')",0.9999999998976008
"('13', '7', '1', '5')",0.00225000000000001
"('13', '7', '2', '5')",0.17912050000000046
"('13', '7', '3', '5')",0.6242809749999999
"('13', '7', '4', '5')",0.9363587368750009
"('13', '7', '5', '5')",0.9959084523437504
"('13', '7', '6', '5')",0.9998916245109374
"('13', '7', '7', '5')",0.9999987023272651
"('13', '7', '8', '5')",0.9999999957000386
"('13', '7', '9', '5')",0.9999999999884719
"('13', '7', '1', '6')",0.002654999999999995
"('13', '7', '2', '6')",0.21886225000000106
"('13', '7', '3', '6')",0.7158238375000009
"('13', '7', '4', '6')",0.9801212093750034
"('13', '7', '5', '6')",0.9996855360624991
"('13', '7', '6', '6')",0.9999982396203136
"('13', '7', '7', '6')",0.9999999969209369
"('13', '7', '8', '6')",0.9999999999978745
"('13', '7', '9', '6')",1.0000000000000004
"('13', '7', '1', '7')",0.0027199999999999907
"('13', '7', '2', '7')",0.26373999999999825
"('13', '7', '3', '7')",0.802376799999999
"('13', '7', '4', '7')",0.9993702400000014
"('13', '7', '5', '7')",1.0
"('13', '7', '6', '7')",1.0
"('13', '7', '7', '7')",1.0
"('13', '7', '8', '7')",1.0
"('13', '7', '9', '7')",1.0
"('13', '7', '1', '8')",0.004109999999999987
"('13', '7', '2', '8')",0.32221400000000067
"('13', '7', '3', '8')",0.8803121000000005
"('13', '7', '4', '8')",0.9999975200000029
"('13', '7', '5', '8')",1.0
"('13', '7', '6', '8')",1.0
"('13', '7', '7', '8')",1.0
"('13', '7', '8', '8')",1.0
"('13', '7', '9', '8')",1.0
"('14', '0', '1', '0')",0.0
"('14', '0', '2', '0')",0.0
"('14', '0', '3', '0')",0.0
"('14', '0', '4', '0')",0.004500000000000001
"('14', '0', '5', '0')",0.06578000000000002
"('14', '0', '6', '0')",0.26480300000000007
"('14', '0', '7', '0')",0.5587700000000001
"('14', '0', '8', '0')",0.8068326400000001
"('14', '0', '9', '0')",0.9395942400000002
"('14', '0', '1', '1')",0.0
"('14', '0', '2', '1')",0.0
"('14', '0', '3', '1')",0.0
"('14', '0', '4', '1')",0.015693750000000003
"('14', '0', '5', '1')",0.1535259375
"('14', '0', '6', '1')",0.44720343749999997
"('14', '0', '7', '1')",0.7402050625000001
"('14', '0', '8', '1')",0.9125376662890625
"('14', '0', '9', '1')",0.9788401839570312
"('14', '0', '1', '2')",0.0
"('14', '0', '2', '2')",0.0
"('14', '0', '3', '2')",0.0
"('14', '0', '4', '2')",0.0392
"('14', '0', '5', '2')",0.27775000000000005
"('14', '0', '6', '2')",0.625734
"('14', '0', '7', '2')",0.8662318000000001
"('14', '0', '8', '2')",0.9660882700000001
"('14', '0', '9', '2')",0.9937845460000001
"('14', '0', '1', '3')",0.0
"('14', '0', '2', '3')",0.0
"('14', '0', '3', '3')",0.0
"('14', '0', '4', '3')",0.08109374999999999
"('14', '0', '5', '3')",0.4299678124999998
"('14', '0', '6', '3')",0.7773546874999999
"('14', '0', '7', '3')",0.941925125
"('14', '0', '8', '3')",0.9892896337890624
"('14', '0', '9', '3')",0.9985630737304687
"('14', '0', '1', '4')",0.0
"('14', '0', '2', '4')",0.0
"('14', '0', '3', '4')",0.0
"('14', '0', '4', '4')",0.1485
"('14', '0', '5', '4')",0.59622
"('14', '0', '6', '4')",0.8888429999999999
"('14', '0', '7', '4')",0.9801142
"('14', '0', '8', '4')",0.9974806399999998
"('14', '0', '9', '4')",0.9997642879999998
"('14', '0', '1', '5')",0.0
"('14', '0', '2', '5')",0.0
"('14', '0', '3', '5')",0.0
"('14', '0', '4', '5')",0.24959375
"('14', '0', '5', '5')",0.7580846874999999
"('14', '0', '6', '5')",0.9575589374999999
"('14', '0', '7', '5')",0.9952661875000001
"('14', '0', '8', '5')",0.9996332925390625
"('14', '0', '9', '5')",0.9999770621289062
"('14', '0', '1', '6')",0.0
"('14', '0', '2', '6')",0.0
"('14', '0', '3', '6')",0.0
"('14', '0', '4', '6')",0.46929375000000007
"('14', '0', '5', '6')",0.9449915625000003
"('14', '0', '6', '6')",0.9975538125000003
"('14', '0', '7', '6')",0.9999365562500004
"('14', '0', '8', '6')",0.9999989325390629
"('14', '0', '9', '6')",0.9999999865273439
"('14', '0', '1', '7')",0.0
"('14', '0', '2', '7')",0.0
"('14', '0', '3', '7')",0.0
"('14', '0', '4', '7')",0.8208
"('14', '0', '5', '7')",1.0
"('14', '0', '6', '7')",1.0
"('14', '0', '7', '7')",1.0
"('14', '0', '8', '7')",1.0
"('14', '0', '9', '7')",1.0
"('14', '0', '1', '8')",0.0
"('14', '0', '2', '8')",0.0
"('14', '0', '3', '8')",0.0
"('14', '0', '4', '8')",0.9963000000000002
"('14', '0', '5', '8')",1.0000000000000002
"('14', '0', '6', '8')",1.0000000000000002
"('14', '0', '7', '8')",1.0000000000000002
"('14', '0', '8', '8')",1.0000000000000002
"('14', '0', '9', '8')",1.0000000000000002
"('14', '1', '1', '0')",0.0
"('14', '1', '2', '0')",0.0009830000000000023
"('14', '1', '3', '0')",0.007611500000000016
"('14', '1', '4', '0')",0.04231446000000005
"('14', '1', '5', '0')",0.1710100060000003
"('14', '1', '6', '0')",0.42267655519999975
"('14', '1', '7', '0')",0.7017139697200014
"('14', '1', '8', '0')",0.8898075971200012
"('14', '1', '9', '0')",0.9715826020351986
"('14', '1', '1', '1')",0.0
"('14', '1', '2', '1')",0.001461749999999996
"('14', '1', '3', '1')",0.01346192500000005
"('14', '1', '4', '1')",0.07636481937500002
"('14', '1', '5', '1')",0.28097821493749947
"('14', '1', '6', '1')",0.5868568483437485
"('14', '1', '7', '1')",0.8313445497018731
"('14', '1', '8', '1')",0.9516614411456382
"('14', '1', '9', '1')",0.9903562109595423
"('14', '1', '1', '2')",0.0
"('14', '1', '2', '2')",0.002140000000000005
"('14', '1', '3', '2')",0.021497299999999966
"('14', '1', '4', '2')",0.12367157999999975
"('14', '1', '5', '2')",0.40970755099999867
"('14', '1', '6', '2')",0.7306509032999976
"('14', '1', '7', '2')",0.9158496327999972
"('14', '1', '8', '2')",0.9817877245330001
"('14', '1', '9', '2')",0.9972297893565969
"('14', '1', '1', '3')",0.0
"('14', '1', '2', '3')",0.0027649999999999975
"('14', '1', '3', '3')",0.03089014999999986
"('14', '1', '4', '3')",0.18571899312500043
"('14', '1', '5', '3')",0.5496414316562497
"('14', '1', '6', '3')",0.8443643956906269
"('14', '1', '7', '3')",0.9646364368675745
"('14', '1', '8', '3')",0.9943943827587877
"('14', '1', '9', '3')",0.9993783032080044
"('14', '1', '1', '4')",0.0
"('14', '1', '2', '4')",0.0036810000000000063
"('14', '1', '3', '4')",0.04207740000000011
"('14', '1', '4', '4')",0.266765670000002
"('14', '1', '5', '4')",0.6915348779999977
"('14', '1', '6', '4')",0.9245300984000017
"('14', '1', '7', '4')",0.988221168000001
"('14', '1', '8', '4')",0.9987209321199997
"('14', '1', '9', '4')",0.9999004976767989
"('14', '1', '1', '5')",0.0
"('14', '1', '2', '5')",0.004273499999999995
"('14', '1', '3', '5')",0.055302824999999986
"('14', '1', '4', '5')",0.37586944750000084
"('14', '1', '5', '5')",0.8203549039687489
"('14', '1', '6', '5')",0.9721238897562492
"('14', '1', '7', '5')",0.9972808953910908
"('14', '1', '8', '5')",0.9998171783974507
"('14', '1', '9', '5')",0.9999907554907278
"('14', '1', '1', '6')",0.0
"('14', '1', '2', '6')",0.006349500000000002
"('14', '1', '3', '6')",0.08337566250000027
"('14', '1', '4', '6')",0.5830894406249995
"('14', '1', '5', '6')",0.9616195070625012
"('14', '1', '6', '6')",0.9984861869250004
"('14', '1', '7', '6')",0.9999658814859416
"('14', '1', '8', '6')",0.9999995082464423
"('14', '1', '9', '6')",0.9999999949069834
"('14', '1', '1', '7')",0.0
"('14', '1', '2', '7')",0.009240000000000049
"('14', '1', '3', '7')",0.11373200000000026
"('14', '1', '4', '7')",0.8688268799999989
"('14', '1', '5', '7')",1.0
"('14', '1', '6', '7')",1.0
"('14', '1', '7', '7')",1.0
"('14', '1', '8', '7')",0.9999999999999999
"('14', '1', '9', '7')",0.9999999999999999
"('14', '1', '1', '8')",0.0
"('14', '1', '2', '8')",0.01693800000000004
"('14', '1', '3', '8')",0.13616670000000058
"('14', '1', '4', '8')",0.9973120699999979
"('14', '1', '5', '8')",1.0000000000000002
"('14', '1', '6', '8')",1.0000000000000002
"('14', '1', '7', '8')",1.0000000000000002
"('14', '1', '8', '8')",1.0000000000000002
"('14', '1', '9', '8')",1.0
"('14', '2', '1', '0')",0.0
"('14', '2', '2', '0')",0.00274399999999999
"('14', '2', '3', '0')",0.020971999999999942
"('14', '2', '4', '0')",0.09361554000000005
"('14', '2', '5', '0')",0.2881181000000017
"('14', '2', '6', '0')",0.5672235155000026
"('14', '2', '7', '0')",0.8086615926800022
"('14', '2', '8', '0')",0.9419590323840026
"('14', '2', '9', '0')",0.9883114936320025
"('14', '2', '1', '1')",0.0
"('14', '2', '2', '1')",0.004481000000000012
"('14', '2', '3', '1')",0.03368003750000002
"('14', '2', '4', '1')",0.14681376625
"('14', '2', '5', '1')",0.4030211404062516
"('14', '2', '6', '1')",0.7021173323078117
"('14', '2', '7', '1')",0.8960644951920328
"('14', '2', '8', '1')",0.9753946228281615
"('14', '2', '9', '1')",0.9960746692732901
"('14', '2', '1', '2')",0.0
"('14', '2', '2', '2')",0.006132
"('14', '2', '3', '2')",0.05064840000000023
"('14', '2', '4', '2')",0.21233908999999965
"('14', '2', '5', '2')",0.5284032290000011
"('14', '2', '6', '2')",0.8126523019999975
"('14', '2', '7', '2')",0.9499502039199983
"('14', '2', '8', '2')",0.9909984914109996
"('14', '2', '9', '2')",0.9989179171362971
"('14', '2', '1', '3')",0.0
"('14', '2', '2', '3')",0.008293500000000013
"('14', '2', '3', '3')",0.07062427500000035
"('14', '2', '4', '3')",0.2892956831249987
"('14', '2', '5', '3')",0.6522550033749981
"('14', '2', '6', '3')",0.8961506854312495
"('14', '2', '7', '3')",0.9796715336597652
"('14', '2', '8', '3')",0.9973047505185569
"('14', '2', '9', '3')",0.9997627618945308
"('14', '2', '1', '4')",0.0
"('14', '2', '2', '4')",0.009458000000000012
"('14', '2', '3', '4')",0.09206680000000021
"('14', '2', '4', '4')",0.3805183700000002
"('14', '2', '5', '4')",0.7705336350000009
"('14', '2', '6', '4')",0.9510120465999983
"('14', '2', '7', '4')",0.9934330676600022
"('14', '2', '8', '4')",0.9994005679439989
"('14', '2', '9', '4')",0.9999626550240013
"('14', '2', '1', '5')",0.0
"('14', '2', '2', '5')",0.011831249999999977
"('14', '2', '3', '5')",0.12035948749999989
"('14', '2', '4', '5')",0.4889044256249998
"('14', '2', '5', '5')",0.8703863266874994
"('14', '2', '6', '5')",0.9825001835531217
"('14', '2', '7', '5')",0.9985244934704693
"('14', '2', '8', '5')",0.999916063455533
"('14', '2', '9', '5')",0.9999966787031479
"('14', '2', '1', '6')",0.0
"('14', '2', '2', '6')",0.017625250000000002
"('14', '2', '3', '6')",0.16717153749999988
"('14', '2', '4', '6')",0.6775624118750003
"('14', '2', '5', '6')",0.9739613901875017
"('14', '2', '6', '6')",0.9991057967500007
"('14', '2', '7', '6')",0.9999828145642172
"('14', '2', '8', '6')",0.9999997947162603
"('14', '2', '9', '6')",0.9999999983370953
"('14', '2', '1', '7')",0.0
"('14', '2', '2', '7')",0.022763999999999993
"('14', '2', '3', '7')",0.22796160000000062
"('14', '2', '4', '7')",0.9067942399999972
"('14', '2', '5', '7')",0.9999999999999999
"('14', '2', '6', '7')",1.0
"('14', '2', '7', '7')",1.0
"('14', '2', '8', '7')",1.0
"('14', '2', '9', '7')",1.0
"('14', '2', '1', '8')",0.0
"('14', '2', '2', '8')",0.03356600000000009
"('14', '2', '3', '8')",0.2618342000000004
"('14', '2', '4', '8')",0.9981268400000002
"('14', '2', '5', '8')",1.0
"('14', '2', '6', '8')",1.0
"('14', '2', '7', '8')",1.0
"('14', '2', '8', '8')",1.0000000000000004
"('14', '2', '9', '8')",1.0
"('14', '3', '1', '0')",0.0
"('14', '3', '2', '0')",0.005889999999999995
"('14', '3', '3', '0')",0.040112499999999975
"('14', '3', '4', '0')",0.1593922700000008
"('14', '3', '5', '0')",0.406285787
"('14', '3', '6', '0')",0.6907542617000016
"('14', '3', '7', '0')",0.886447712240001
"('14', '3', '8', '0')",0.972193761728004
"('14', '3', '9', '0')",0.9957973904384003
"('14', '3', '1', '1')",3.0000000000000113e-05
"('14', '3', '2', '1')",0.009288750000000014
"('14', '3', '3', '1')",0.06154958749999986
"('14', '3', '4', '1')",0.22944221375000043
"('14', '3', '5', '1')",0.5221486852187488
"('14', '3', '6', '1')",0.7953325905828125
"('14', '3', '7', '1')",0.9401701735608547
"('14', '3', '8', '1')",0.9886098173614019
"('14', '3', '9', '1')",0.9986396883679943
"('14', '3', '1', '2')",0.0
"('14', '3', '2', '2')",0.012588999999999986
"('14', '3', '3', '2')",0.08728160000000024
"('14', '3', '4', '2')",0.3068872100000008
"('14', '3', '5', '2')",0.6366631950000011
"('14', '3', '6', '2')",0.8764782532000003
"('14', '3', '7', '2')",0.9724534999600006
"('14', '3', '8', '2')",0.995988210534998
"('14', '3', '9', '2')",0.9996335178975998
"('14', '3', '1', '3')",2.4999999999999933e-05
"('14', '3', '2', '3')",0.015934500000000105
"('14', '3', '3', '3')",0.11730603749999999
"('14', '3', '4', '3')",0.3897722656250009
"('14', '3', '5', '3')",0.7412243765937494
"('14', '3', '6', '3')",0.9332974484687517
"('14', '3', '7', '3')",0.9891158959886731
"('14', '3', '8', '3')",0.998841237652343
"('14', '3', '9', '3')",0.9999210944580077
"('14', '3', '1', '4')",0.0
"('14', '3', '2', '4')",0.020802000000000022
"('14', '3', '3', '4')",0.15098780000000003
"('14', '3', '4', '4')",0.4873039299999982
"('14', '3', '5', '4')",0.8330195790000005
"('14', '3', '6', '4')",0.9696718005999987
"('14', '3', '7', '4')",0.9965902903799986
"('14', '3', '8', '4')",0.999749313904002
"('14', '3', '9', '4')",0.9999882545536004
"('14', '3', '1', '5')",3.500000000000024e-05
"('14', '3', '2', '5')",0.026090000000000026
"('14', '3', '3', '5')",0.18852697500000015
"('14', '3', '4', '5')",0.590178215625003
"('14', '3', '5', '5')",0.9103007956249988
"('14', '3', '6', '5')",0.989525768884376
"('14', '3', '7', '5')",0.9992517362682817
"('14', '3', '8', '5')",0.9999661548572727
"('14', '3', '9', '5')",0.9999989821425275
"('14', '3', '1', '6')",0.0
"('14', '3', '2', '6')",0.03341575000000007
"('14', '3', '3', '6')",0.2550448999999999
"('14', '3', '4', '6')",0.7565174668749979
"('14', '3', '5', '6')",0.9831477772187518
"('14', '3', '6', '6')",0.9995130144859391
"('14', '3', '7', '6')",0.9999921249931243
"('14', '3', '8', '6')",0.999999924524405
"('14', '3', '9', '6')",0.9999999995512083
"('14', '3', '1', '7')",0.0
"('14', '3', '2', '7')",0.04444000000000007
"('14', '3', '3', '7')",0.3226088000000003
"('14', '3', '4', '7')",0.9352473599999996
"('14', '3', '5', '7')",1.0
"('14', '3', '6', '7')",0.9999999999999999
"('14', '3', '7', '7')",1.0
"('14', '3', '8', '7')",1.0
"('14', '3', '9', '7')",1.0
"('14', '3', '1', '8')",0.00017999999999999958
"('14', '3', '2', '8')",0.05967899999999983
"('14', '3', '3', '8')",0.3766079999999997
"('14', '3', '4', '8')",0.998741430000002
"('14', '3', '5', '8')",1.0000000000000002
"('14', '3', '6', '8')",1.0000000000000002
"('14', '3', '7', '8')",1.0000000000000002
"('14', '3', '8', '8')",1.0000000000000002
"('14', '3', '9', '8')",1.0000000000000002
"('14', '4', '1', '0')",4.000000000000019e-05
"('14', '4', '2', '0')",0.011177000000000017
"('14', '4', '3', '0')",0.06658199999999982
"('14', '4', '4', '0')",0.23629678999999973
"('14', '4', '5', '0')",0.5215037389999999
"('14', '4', '6', '0')",0.7898432937999995
"('14', '4', '7', '0')",0.9374882795599974
"('14', '4', '8', '0')",0.9883219988479993
"('14', '4', '9', '0')",0.9987740741631989
"('14', '4', '1', '1')",1.5000000000000109e-05
"('14', '4', '2', '1')",0.015722999999999977
"('14', '4', '3', '1')",0.09647136250000017
"('14', '4', '4', '1')",0.3149565362500002
"('14', '4', '5', '1')",0.6307971258437489
"('14', '4', '6', '1')",0.8655593142734398
"('14', '4', '7', '1')",0.9685003055839055
"('14', '4', '8', '1')",0.9954073530579474
"('14', '4', '9', '1')",0.999616420158036
"('14', '4', '1', '2')",6.0000000000000164e-05
"('14', '4', '2', '2')",0.021751
"('14', '4', '3', '2')",0.13127640000000018
"('14', '4', '4', '2')",0.400627970000001
"('14', '4', '5', '2')",0.7271238329999984
"('14', '4', '6', '2')",0.9219175515999997
"('14', '4', '7', '2')",0.9858435915099999
"('14', '4', '8', '2')",0.998423162631998
"('14', '4', '9', '2')",0.9998993647818979
"('14', '4', '1', '3')",7.499999999999952e-05
"('14', '4', '2', '3')",0.027872249999999953
"('14', '4', '3', '3')",0.1719104500000002
"('14', '4', '4', '3')",0.4894984031250001
"('14', '4', '5', '3')",0.8148362611249962
"('14', '4', '6', '3')",0.96006388648125
"('14', '4', '7', '3')",0.9946732111136695
"('14', '4', '8', '3')",0.9995528066523444
"('14', '4', '9', '3')",0.9999789860339361
"('14', '4', '1', '4')",9.000000000000029e-05
"('14', '4', '2', '4')",0.034444000000000044
"('14', '4', '3', '4')",0.21476940000000028
"('14', '4', '4', '4')",0.5816719799999975
"('14', '4', '5', '4')",0.8843740740000006
"('14', '4', '6', '4')",0.9824724875000009
"('14', '4', '7', '4')",0.9983722763800014
"('14', '4', '8', '4')",0.9999064757439994
"('14', '4', '9', '4')",0.9999969219008008
"('14', '4', '1', '5')",0.00018499999999999948
"('14', '4', '2', '5')",0.041120250000000004
"('14', '4', '3', '5')",0.26611991250000044
"('14', '4', '4', '5')",0.6756506887500021
"('14', '4', '5', '5')",0.9394975803124986
"('14', '4', '6', '5')",0.9940822077375003
"('14', '4', '7', '5')",0.9996636702409368
"('14', '4', '8', '5')",0.9999879900476303
"('14', '4', '9', '5')",0.999999745429497
"('14', '4', '1', '6')",4.4999999999999806e-05
"('14', '4', '2', '6')",0.05441050000000002
"('14', '4', '3', '6')",0.3383268374999999
"('14', '4', '4', '6')",0.8223088050000029
"('14', '4', '5', '6')",0.9896987968437494
"('14', '4', '6', '6')",0.9997463269421853
"('14', '4', '7', '6')",0.999996729391561
"('14', '4', '8', '6')",0.9999999761476998
"('14', '4', '9', '6')",0.9999999999060909
"('14', '4', '1', '7')",6.000000000000054e-05
"('14', '4', '2', '7')",0.06753199999999987
"('14', '4', '3', '7')",0.4184664000000002
"('14', '4', '4', '7')",0.9574105600000025
"('14', '4', '5', '7')",1.0
"('14', '4', '6', '7')",1.0
"('14', '4', '7', '7')",1.0
"('14', '4', '8', '7')",1.0
"('14', '4', '9', '7')",1.0
"('14', '4', '1', '8')",8.999999999999978e-05
"('14', '4', '2', '8')",0.08890000000000002
"('14', '4', '3', '8')",0.4794334999999998
"('14', '4', '4', '8')",0.9991721400000008
"('14', '4', '5', '8')",1.0
"('14', '4', '6', '8')",1.0000000000000002
"('14', '4', '7', '8')",1.0000000000000002
"('14', '4', '8', '8')",1.0000000000000002
"('14', '4', '9', '8')",1.0
"('14', '5', '1', '0')",5.000000000000012e-05
"('14', '5', '2', '0')",0.01639699999999999
"('14', '5', '3', '0')",0.10138929999999974
"('14', '5', '4', '0')",0.3190433300000002
"('14', '5', '5', '0')",0.6318800249999995
"('14', '5', '6', '0')",0.8675667295999991
"('14', '5', '7', '0')",0.9689604876399991
"('14', '5', '8', '0')",0.9958015823360025
"('14', '5', '9', '0')",0.9997335085056017
"('14', '5', '1', '1')",0.0001450000000000004
"('14', '5', '2', '1')",0.02492225
"('14', '5', '3', '1')",0.14070268749999992
"('14', '5', '4', '1')",0.4080178162500004
"('14', '5', '5', '1')",0.7251311638437498
"('14', '5', '6', '1')",0.9193832471562512
"('14', '5', '7', '1')",0.9846389097920316
"('14', '5', '8', '1')",0.9983749693099906
"('14', '5', '9', '1')",0.9999157544660634
"('14', '5', '1', '2')",4.000000000000009e-05
"('14', '5', '2', '2')",0.03294200000000002
"('14', '5', '3', '2')",0.1834048000000002
"('14', '5', '4', '2')",0.49594757000000045
"('14', '5', '5', '2')",0.8059619390000002
"('14', '5', '6', '2')",0.9546535120999995
"('14', '5', '7', '2')",0.9935768514699985
"('14', '5', '8', '2')",0.9994684333419988
"('14', '5', '9', '2')",0.9999787295782048
"('14', '5', '1', '3')",0.0001649999999999993
"('14', '5', '2', '3')",0.0417285000000003
"('14', '5', '3', '3')",0.2307704500000003
"('14', '5', '4', '3')",0.5832281562499985
"('14', '5', '5', '3')",0.8717379825624991
"('14', '5', '6', '3')",0.9769807544859371
"('14', '5', '7', '3')",0.9976396112601538
"('14', '5', '8', '3')",0.9998565079804704
"('14', '5', '9', '3')",0.999995893119503
"('14', '5', '1', '4')",0.00025000000000000033
"('14', '5', '2', '4')",0.04996300000000014
"('14', '5', '3', '4')",0.28328370000000125
"('14', '5', '4', '4')",0.6668710299999997
"('14', '5', '5', '4')",0.923105737
"('14', '5', '6', '4')",0.9904776110999993
"('14', '5', '7', '4')",0.9993103139199994
"('14', '5', '8', '4')",0.9999725630320002
"('14', '5', '9', '4')",0.9999994156480009
"('14', '5', '1', '5')",0.0001400000000000011
"('14', '5', '2', '5')",0.060352999999999705
"('14', '5', '3', '5')",0.33905737500000016
"('14', '5', '4', '5')",0.7524597437499979
"('14', '5', '5', '5')",0.9613669863750038
"('14', '5', '6', '5')",0.996909262026564
"('14', '5', '7', '5')",0.9998622713200005
"('14', '5', '8', '5')",0.9999965143614895
"('14', '5', '9', '5')",0.9999999555671186
"('14', '5', '1', '6')",0.0003599999999999994
"('14', '5', '2', '6')",0.0788742499999997
"('14', '5', '3', '6')",0.42739538749999983
"('14', '5', '4', '6')",0.8734850012500032
"('14', '5', '5', '6')",0.9937795243750014
"('14', '5', '6', '6')",0.9998807842484375
"('14', '5', '7', '6')",0.9999988224466425
"('14', '5', '8', '6')",0.9999999940501879
"('14', '5', '9', '6')",0.999999999986296
"('14', '5', '1', '7')",0.00012000000000000083
"('14', '5', '2', '7')",0.1021960000000001
"('14', '5', '3', '7')",0.5176183999999988
"('14', '5', '4', '7')",0.9728025600000006
"('14', '5', '5', '7')",1.0
"('14', '5', '6', '7')",1.0
"('14', '5', '7', '7')",1.0
"('14', '5', '8', '7')",1.0
"('14', '5', '9', '7')",1.0
"('14', '5', '1', '8')",0.0002700000000000006
"('14', '5', '2', '8')",0.12474700000000012
"('14', '5', '3', '8')",0.5763516999999994
"('14', '5', '4', '8')",0.9994784299999994
"('14', '5', '5', '8')",1.0000000000000002
"('14', '5', '6', '8')",1.0000000000000002
"('14', '5', '7', '8')",1.0
"('14', '5', '8', '8')",1.0
"('14', '5', '9', '8')",1.0000000000000002
"('14', '6', '1', '0')",0.00018999999999999996
"('14', '6', '2', '0')",0.025632000000000075
"('14', '6', '3', '0')",0.14169170000000014
"('14', '6', '4', '0')",0.41363282999999873
"('14', '6', '5', '0')",0.7289607580000023
"('14', '6', '6', '0')",0.9219272452000051
"('14', '6', '7', '0')",0.9864795444800001
"('14', '6', '8', '0')",0.9987904497280035
"('14', '6', '9', '0')",0.9999576457216031
"('14', '6', '1', '1')",0.0002249999999999996
"('14', '6', '2', '1')",0.036671000000000016
"('14', '6', '3', '1')",0.1872188750000002
"('14', '6', '4', '1')",0.4999238293750004
"('14', '6', '5', '1')",0.8050217765937504
"('14', '6', '6', '1')",0.9542458571218744
"('14', '6', '7', '1')",0.9934930430974223
"('14', '6', '8', '1')",0.9995373230794945
"('14', '6', '9', '1')",0.9999873750904068
"('14', '6', '1', '2')",0.00029999999999999824
"('14', '6', '2', '2')",0.04683900000000009
"('14', '6', '3', '2')",0.23997320000000008
"('14', '6', '4', '2')",0.5870261800000018
"('14', '6', '5', '2')",0.8668209710000015
"('14', '6', '6', '2')",0.9751088318000002
"('14', '6', '7', '2')",0.9973441828299983
"('14', '6', '8', '2')",0.9998541298810016
"('14', '6', '9', '2')",0.9999969031351028
"('14', '6', '1', '3')",0.0003249999999999996
"('14', '6', '2', '3')",0.058787499999999916
"('14', '6', '3', '3')",0.2986045375000001
"('14', '6', '4', '3')",0.6687062843750002
"('14', '6', '5', '3')",0.915330177562501
"('14', '6', '6', '3')",0.9880134432406243
"('14', '6', '7', '3')",0.9990649309464865
"('14', '6', '8', '3')",0.9999634319995102
"('14', '6', '9', '3')",0.9999993958282467
"('14', '6', '1', '4')",0.0003600000000000022
"('14', '6', '2', '4')",0.07081799999999983
"('14', '6', '3', '4')",0.3588184999999997
"('14', '6', '4', '4')",0.7464895399999987
"('14', '6', '5', '4')",0.9518543410000035
"('14', '6', '6', '4')",0.9952102571999971
"('14', '6', '7', '4')",0.9997345921999994
"('14', '6', '8', '4')",0.9999929287359982
"('14', '6', '9', '4')",0.9999999244160005
"('14', '6', '1', '5')",0.00029000000000000054
"('14', '6', '2', '5')",0.08453049999999981
"('14', '6', '3', '5')",0.4161209749999999
"('14', '6', '4', '5')",0.8178233843750006
"('14', '6', '5', '5')",0.9766315674062493
"('14', '6', '6', '5')",0.9985652397421881
"('14', '6', '7', '5')",0.9999513982517977
"('14', '6', '8', '5')",0.9999992057180069
"('14', '6', '9', '5')",0.9999999946583674
"('14', '6', '1', '6')",0.0004949999999999974
"('14', '6', '2', '6')",0.10804524999999973
"('14', '6', '3', '6')",0.5073607249999977
"('14', '6', '4', '6')",0.9138160368750025
"('14', '6', '5', '6')",0.9966479526250016
"('14', '6', '6', '6')",0.9999502880265623
"('14', '6', '7', '6')",0.9999996554678914
"('14', '6', '8', '6')",0.9999999989378511
"('14', '6', '9', '6')",0.9999999999987648
"('14', '6', '1', '7')",0.0007200000000000034
"('14', '6', '2', '7')",0.13223199999999977
"('14', '6', '3', '7')",0.6026552000000015
"('14', '6', '4', '7')",0.9841087999999986
"('14', '6', '5', '7')",1.0
"('14', '6', '6', '7')",1.0
"('14', '6', '7', '7')",0.9999999999999999
"('14', '6', '8', '7')",0.9999999999999999
"('14', '6', '9', '7')",0.9999999999999999
"('14', '6', '1', '8')",0.0007300000000000001
"('14', '6', '2', '8')",0.16698200000000057
"('14', '6', '3', '8')",0.6671918000000022
"('14', '6', '4', '8')",0.9997039499999957
"('14', '6', '5', '8')",1.0000000000000002
"('14', '6', '6', '8')",1.0
"('14', '6', '7', '8')",1.0
"('14', '6', '8', '8')",1.0000000000000002
"('14', '6', '9', '8')",1.0
"('14', '7', '1', '0')",0.00021999999999999955
"('14', '7', '2', '0')",0.03633899999999981
"('14', '7', '3', '0')",0.19203479999999967
"('14', '7', '4', '0')",0.505609800000002
"('14', '7', '5', '0')",0.81228725
"('14', '7', '6', '0')",0.9579524011000009
"('14', '7', '7', '0')",0.9946776691199988
"('14', '7', '8', '0')",0.9997241062399982
"('14', '7', '9', '0')",0.9999963348992001
"('14', '7', '1', '1')",0.00032999999999999875
"('14', '7', '2', '1')",0.04929424999999993
"('14', '7', '3', '1')",0.24884428749999982
"('14', '7', '4', '1')",0.592735888749997
"('14', '7', '5', '1')",0.8692498344062508
"('14', '7', '6', '1')",0.976349231276564
"('14', '7', '7', '1')",0.9977594845276551
"('14', '7', '8', '1')",0.9999021246136984
"('14', '7', '9', '1')",0.9999987307465208
"('14', '7', '1', '2')",0.00034000000000000116
"('14', '7', '2', '2')",0.06475000000000009
"('14', '7', '3', '2')",0.3082018000000008
"('14', '7', '4', '2')",0.6694015900000009
"('14', '7', '5', '2')",0.9137066429999957
"('14', '7', '6', '2')",0.9877236383000003
"('14', '7', '7', '2')",0.999116101779998
"('14', '7', '8', '2')",0.9999718021180006
"('14', '7', '9', '2')",0.9999997025679996
"('14', '7', '1', '3')",0.0004950000000000034
"('14', '7', '2', '3')",0.08110749999999968
"('14', '7', '3', '3')",0.37193426249999756
"('14', '7', '4', '3')",0.7439454506249978
"('14', '7', '5', '3')",0.9473380059687491
"('14', '7', '6', '3')",0.9943807393328129
"('14', '7', '7', '3')",0.9996995224054697
"('14', '7', '8', '3')",0.9999932400048813
"('14', '7', '9', '3')",0.9999999459686277
"('14', '7', '1', '4')",0.0004899999999999999
"('14', '7', '2', '4')",0.09687200000000021
"('14', '7', '3', '4')",0.43224489999999965
"('14', '7', '4', '4')",0.8114369900000002
"('14', '7', '5', '4')",0.9713393529999983
"('14', '7', '6', '4')",0.997889003900002
"('14', '7', '7', '4')",0.9999191955199949
"('14', '7', '8', '4')",0.9999986924959985
"('14', '7', '9', '4')",0.9999999937408047
"('14', '7', '1', '5')",0.0005150000000000004
"('14', '7', '2', '5')",0.11104550000000003
"('14', '7', '3', '5')",0.4908241874999997
"('14', '7', '4', '5')",0.8692379268749991
"('14', '7', '5', '5')",0.9868685227812525
"('14', '7', '6', '5')",0.9993842289781271
"('14', '7', '7', '5')",0.9999858616325775
"('14', '7', '8', '5')",0.999999857945301
"('14', '7', '9', '5')",0.9999999994869941
"('14', '7', '1', '6')",0.0015749999999999944
"('14', '7', '2', '6')",0.14252824999999944
"('14', '7', '3', '6')",0.589382412499997
"('14', '7', '4', '6')",0.9439847318749996
"('14', '7', '5', '6')",0.9983482434062524
"('14', '7', '6', '6')",0.9999820712562536
"('14', '7', '7', '6')",0.9999999228657839
"('14', '7', '8', '6')",0.9999999998745204
"('14', '7', '9', '6')",0.9999999999998096
"('14', '7', '1', '7')",0.001239999999999996
"('14', '7', '2', '7')",0.17840400000000045
"('14', '7', '3', '7')",0.6821928000000002
"('14', '7', '4', '7')",0.9908646400000004
"('14', '7', '5', '7')",0.9999999999999999
"('14', '7', '6', '7')",1.0
"('14', '7', '7', '7')",1.0
"('14', '7', '8', '7')",1.0
"('14', '7', '9', '7')",1.0
"('14', '7', '1', '8')",0.0010999999999999968
"('14', '7', '2', '8')",0.2148760000000005
"('14', '7', '3', '8')",0.7455795
"('14', '7', '4', '8')",0.999837770000002
"('14', '7', '5', '8')",1.0
"('14', '7', '6', '8')",1.0
"('14', '7', '7', '8')",1.0
"('14', '7', '8', '8')",1.0
"('14', '7', '9', '8')",1.0000000000000002
"('15', '0', '1', '0')",0.0
"('15', '0', '2', '0')",0.0
"('15', '0', '3', '0')",0.0
"('15', '0', '4', '0')",0.0009000000000000004
"('15', '0', '5', '0')",0.027480000000000004
"('15', '0', '6', '0')",0.15624500000000002
"('15', '0', '7', '0')",0.41178650000000006
"('15', '0', '8', '0')",0.69009728
"('15', '0', '9', '0')",0.8798515200000001
"('15', '0', '1', '1')",0.0
"('15', '0', '2', '1')",0.0
"('15', '0', '3', '1')",0.0
"('15', '0', '4', '1')",0.00388125
"('15', '0', '5', '1')",0.0774775
"('15', '0', '6', '1')",0.30871359374999996
"('15', '0', '7', '1')",0.6146092812499999
"('15', '0', '8', '1')",0.8432109886328124
"('15', '0', '9', '1')",0.9533352331953124
"('15', '0', '1', '2')",0.0
"('15', '0', '2', '2')",0.0
"('15', '0', '3', '2')",0.0
"('15', '0', '4', '2')",0.011200000000000003
"('15', '0', '5', '2')",0.16204999999999997
"('15', '0', '6', '2')",0.484815
"('15', '0', '7', '2')",0.7786364
"('15', '0', '8', '2')",0.9321337900000001
"('15', '0', '9', '2')",0.9847974340000001
"('15', '0', '1', '3')",0.0
"('15', '0', '2', '3')",0.0
"('15', '0', '3', '3')",0.0
"('15', '0', '4', '3')",0.02578125
"('15', '0', '5', '3')",0.28335374999999996
"('15', '0', '6', '3')",0.6588148437499998
"('15', '0', '7', '3')",0.8919928812499998
"('15', '0', '8', '3')",0.9759710673828121
"('15', '0', '9', '3')",0.9960832177734371
"('15', '0', '1', '4')",0.0
"('15', '0', '2', '4')",0.0
"('15', '0', '3', '4')",0.0
"('15', '0', '4', '4')",0.051299999999999985
"('15', '0', '5', '4')",0.4373200000000001
"('15', '0', '6', '4')",0.8075850000000001
"('15', '0', '7', '4')",0.9578345000000003
"('15', '0', '8', '4')",0.9935819200000001
"('15', '0', '9', '4')",0.9992807360000002
"('15', '0', '1', '5')",0.0
"('15', '0', '2', '5')",0.0
"('15', '0', '3', '5')",0.0
"('15', '0', '4', '5')",0.09218124999999999
"('15', '0', '5', '5')",0.61223
"('15', '0', '6', '5')",0.9151598437499999
"('15', '0', '7', '5')",0.9883365312500001
"('15', '0', '8', '5')",0.9988892723828127
"('15', '0', '9', '5')",0.9999239391015625
"('15', '0', '1', '6')",0.0
"('15', '0', '2', '6')",0.0
"('15', '0', '3', '6')",0.0
"('15', '0', '4', '6')",0.20503125000000005
"('15', '0', '5', '6')",0.8706993750000003
"('15', '0', '6', '6')",0.9923132812500003
"('15', '0', '7', '6')",0.9997494750000003
"('15', '0', '8', '6')",0.9999946592578128
"('15', '0', '9', '6')",0.9999999217343754
"('15', '0', '1', '7')",0.0
"('15', '0', '2', '7')",0.0
"('15', '0', '3', '7')",0.0
"('15', '0', '4', '7')",0.4751999999999999
"('15', '0', '5', '7')",1.0
"('15', '0', '6', '7')",1.0
"('15', '0', '7', '7')",1.0
"('15', '0', '8', '7')",1.0
"('15', '0', '9', '7')",1.0
"('15', '0', '1', '8')",0.0
"('15', '0', '2', '8')",0.0
"('15', '0', '3', '8')",0.0
"('15', '0', '4', '8')",0.9477000000000002
"('15', '0', '5', '8')",1.0000000000000002
"('15', '0', '6', '8')",1.0000000000000002
"('15', '0', '7', '8')",1.0000000000000002
"('15', '0', '8', '8')",1.0000000000000002
"('15', '0', '9', '8')",1.0000000000000002
"('15', '1', '1', '0')",0.0
"('15', '1', '2', '0')",0.00043099999999999974
"('15', '1', '3', '0')",0.0037176999999999926
"('15', '1', '4', '0')",0.02181019000000012
"('15', '1', '5', '0')",0.10134978999999991
"('15', '1', '6', '0')",0.2983045937999997
"('15', '1', '7', '0')",0.5709970611600031
"('15', '1', '8', '0')",0.8043855958719978
"('15', '1', '9', '0')",0.9359627874048027
"('15', '1', '1', '1')",0.0
"('15', '1', '2', '1')",0.0008917500000000007
"('15', '1', '3', '1')",0.0069795500000000045
"('15', '1', '4', '1')",0.04126242937499996
"('15', '1', '5', '1')",0.1814132136875004
"('15', '1', '6', '1')",0.4510028524578113
"('15', '1', '7', '1')",0.7311893493653907
"('15', '1', '8', '1')",0.9047356960012017
"('15', '1', '9', '1')",0.9759527504648896
"('15', '1', '1', '2')",0.0
"('15', '1', '2', '2')",0.0014579999999999992
"('15', '1', '3', '2')",0.011352199999999962
"('15', '1', '4', '2')",0.06879858000000011
"('15', '1', '5', '2')",0.2824368470000001
"('15', '1', '6', '2')",0.6068870364999969
"('15', '1', '7', '2')",0.8512873449699997
"('15', '1', '8', '2')",0.9603971684290026
"('15', '1', '9', '2')",0.9923667579316005
"('15', '1', '1', '3')",0.0
"('15', '1', '2', '3')",0.0019987499999999975
"('15', '1', '3', '3')",0.016288824999999986
"('15', '1', '4', '3')",0.10395726062500009
"('15', '1', '5', '3')",0.4089961439062503
"('15', '1', '6', '3')",0.7487589621062515
"('15', '1', '7', '3')",0.9298953765311764
"('15', '1', '8', '3')",0.9863457990320307
"('15', '1', '9', '3')",0.9980895255013454
"('15', '1', '1', '4')",0.0
"('15', '1', '2', '4')",0.002933999999999997
"('15', '1', '3', '4')",0.02483950000000006
"('15', '1', '4', '4')",0.15519592000000107
"('15', '1', '5', '4')",0.5507853259999995
"('15', '1', '6', '4')",0.8633736796999986
"('15', '1', '7', '4')",0.9734170397000022
"('15', '1', '8', '4')",0.9964523432600002
"('15', '1', '9', '4')",0.9996588816192027
"('15', '1', '1', '5')",0.0
"('15', '1', '2', '5')",0.004222750000000002
"('15', '1', '3', '5')",0.03314053749999993
"('15', '1', '4', '5')",0.21645317000000028
"('15', '1', '5', '5')",0.699860483000001
"('15', '1', '6', '5')",0.9414912438046854
"('15', '1', '7', '5')",0.9928445419505488
"('15', '1', '8', '5')",0.9994045391157109
"('15', '1', '9', '5')",0.9999644794262419
"('15', '1', '1', '6')",0.0
"('15', '1', '2', '6')",0.005487749999999993
"('15', '1', '3', '6')",0.050849775000000055
"('15', '1', '4', '6')",0.35184949312500047
"('15', '1', '5', '6')",0.9059400216562535
"('15', '1', '6', '6')",0.9950090836578147
"('15', '1', '7', '6')",0.9998557353090646
"('15', '1', '8', '6')",0.9999973278973618
"('15', '1', '9', '6')",0.9999999664284612
"('15', '1', '1', '7')",0.0
"('15', '1', '2', '7')",0.007800000000000029
"('15', '1', '3', '7')",0.07732639999999984
"('15', '1', '4', '7')",0.5987315199999962
"('15', '1', '5', '7')",1.0
"('15', '1', '6', '7')",1.0
"('15', '1', '7', '7')",1.0
"('15', '1', '8', '7')",1.0
"('15', '1', '9', '7')",1.0000000000000002
"('15', '1', '1', '8')",0.0
"('15', '1', '2', '8')",0.01100699999999999
"('15', '1', '3', '8')",0.10610139999999998
"('15', '1', '4', '8')",0.9608036199999996
"('15', '1', '5', '8')",1.0000000000000002
"('15', '1', '6', '8')",1.0000000000000002
"('15', '1', '7', '8')",1.0000000000000002
"('15', '1', '8', '8')",1.0000000000000002
"('15', '1', '9', '8')",1.0000000000000002
"('15', '2', '1', '0')",0.0
"('15', '2', '2', '0')",0.0013969999999999979
"('15', '2', '3', '0')",0.011134900000000038
"('15', '2', '4', '0')",0.054550629999999795
"('15', '2', '5', '0')",0.1912654450000003
"('15', '2', '6', '0')",0.43624601350000125
"('15', '2', '7', '0')",0.6995798313499992
"('15', '2', '8', '0')",0.8841489781920011
"('15', '2', '9', '0')",0.9686105224959974
"('15', '2', '1', '1')",0.0
"('15', '2', '2', '1')",0.002526499999999998
"('15', '2', '3', '1')",0.018473037500000015
"('15', '2', '4', '1')",0.0904550368749998
"('15', '2', '5', '1')",0.2870374668437519
"('15', '2', '6', '1')",0.5781247447625026
"('15', '2', '7', '1')",0.8200914702414861
"('15', '2', '8', '1')",0.945579901201431
"('15', '2', '9', '1')",0.9885732366312727
"('15', '2', '1', '2')",0.0
"('15', '2', '2', '2')",0.004012000000000015
"('15', '2', '3', '2')",0.02864810000000012
"('15', '2', '4', '2')",0.1362071000000004
"('15', '2', '5', '2')",0.39828568400000175
"('15', '2', '6', '2')",0.7096107262999999
"('15', '2', '7', '2')",0.9036476301399988
"('15', '2', '8', '2')",0.9780724669059988
"('15', '2', '9', '2')",0.9965140440265007
"('15', '2', '1', '3')",0.0
"('15', '2', '2', '3')",0.005534
"('15', '2', '3', '3')",0.040575987499999924
"('15', '2', '4', '3')",0.18990712625000009
"('15', '2', '5', '3')",0.5218359278437482
"('15', '2', '6', '3')",0.8206751750046901
"('15', '2', '7', '3')",0.95622391707258
"('15', '2', '8', '3')",0.9926848443332056
"('15', '2', '9', '3')",0.9991453430037858
"('15', '2', '1', '4')",0.0
"('15', '2', '2', '4')",0.007873000000000019
"('15', '2', '3', '4')",0.05839659999999999
"('15', '2', '4', '4')",0.2551282400000008
"('15', '2', '5', '4')",0.6496097930000015
"('15', '2', '6', '4')",0.9057503432999978
"('15', '2', '7', '4')",0.9838605825599992
"('15', '2', '8', '4')",0.9981595058480017
"('15', '2', '9', '4')",0.9998514604672002
"('15', '2', '1', '5')",0.0
"('15', '2', '2', '5')",0.01020525
"('15', '2', '3', '5')",0.07586476249999971
"('15', '2', '4', '5')",0.33202520624999976
"('15', '2', '5', '5')",0.7747111015625024
"('15', '2', '6', '5')",0.9606278587515626
"('15', '2', '7', '5')",0.9958179803706259
"('15', '2', '8', '5')",0.9996998613019611
"('15', '2', '9', '5')",0.9999849360444149
"('15', '2', '1', '6')",0.0
"('15', '2', '2', '6')",0.014138999999999942
"('15', '2', '3', '6')",0.1097913249999997
"('15', '2', '4', '6')",0.476546289375001
"('15', '2', '5', '6')",0.933806856937498
"('15', '2', '6', '6')",0.9968793324906259
"('15', '2', '7', '6')",0.9999209577758623
"('15', '2', '8', '6')",0.9999987435420311
"('15', '2', '9', '6')",0.9999999868650431
"('15', '2', '1', '7')",0.0
"('15', '2', '2', '7')",0.021943999999999964
"('15', '2', '3', '7')",0.15839760000000006
"('15', '2', '4', '7')",0.6968422399999996
"('15', '2', '5', '7')",1.0
"('15', '2', '6', '7')",1.0
"('15', '2', '7', '7')",1.0
"('15', '2', '8', '7')",1.0
"('15', '2', '9', '7')",0.9999999999999999
"('15', '2', '1', '8')",0.0
"('15', '2', '2', '8')",0.029994000000000076
"('15', '2', '3', '8')",0.20662640000000013
"('15', '2', '4', '8')",0.9716764100000038
"('15', '2', '5', '8')",1.0000000000000002
"('15', '2', '6', '8')",1.0000000000000002
"('15', '2', '7', '8')",1.0
"('15', '2', '8', '8')",1.0
"('15', '2', '9', '8')",1.0000000000000002
"('15', '3', '1', '0')",1.000000000000007e-05
"('15', '3', '2', '0')",0.003019000000000012
"('15', '3', '3', '0')",0.023690599999999992
"('15', '3', '4', '0')",0.09877414999999942
"('15', '3', '5', '0')",0.29024770200000094
"('15', '3', '6', '0')",0.5610820153999986
"('15', '3', '7', '0')",0.8029016015599999
"('15', '3', '8', '0')",0.9368522043040017
"('15', '3', '9', '0')",0.9861778398208024
"('15', '3', '1', '1')",0.0
"('15', '3', '2', '1')",0.005415000000000022
"('15', '3', '3', '1')",0.03681388749999991
"('15', '3', '4', '1')",0.14961845312500077
"('15', '3', '5', '1')",0.3966145094062507
"('15', '3', '6', '1')",0.6882958109703131
"('15', '3', '7', '1')",0.8859758412829687
"('15', '3', '8', '1')",0.9712226357319239
"('15', '3', '9', '1')",0.9950801910901143
"('15', '3', '1', '2')",0.0
"('15', '3', '2', '2')",0.007847000000000005
"('15', '3', '3', '2')",0.05339649999999994
"('15', '3', '4', '2')",0.2115395900000011
"('15', '3', '5', '2')",0.509423445999999
"('15', '3', '6', '2')",0.7925328288000023
"('15', '3', '7', '2')",0.9410247412399989
"('15', '3', '8', '2')",0.9887344472709958
"('15', '3', '9', '2')",0.9985533406803974
"('15', '3', '1', '3')",0.0
"('15', '3', '2', '3')",0.011118500000000014
"('15', '3', '3', '3')",0.07232581249999964
"('15', '3', '4', '3')",0.27746214124999913
"('15', '3', '5', '3')",0.6232966023125006
"('15', '3', '6', '3')",0.8776020077906248
"('15', '3', '7', '3')",0.9740317964702333
"('15', '3', '8', '3')",0.9963413156598633
"('15', '3', '9', '3')",0.9996588873778064
"('15', '3', '1', '4')",0.0
"('15', '3', '2', '4')",0.014432000000000025
"('15', '3', '3', '4')",0.09415419999999967
"('15', '3', '4', '4')",0.35732922000000117
"('15', '3', '5', '4')",0.7338027830000001
"('15', '3', '6', '4')",0.9371146675000013
"('15', '3', '7', '4')",0.9908087709100001
"('15', '3', '8', '4')",0.9991150608479986
"('15', '3', '9', '4')",0.9999418343375982
"('15', '3', '1', '5')",0.0
"('15', '3', '2', '5')",0.01838974999999995
"('15', '3', '3', '5')",0.12525193749999972
"('15', '3', '4', '5')",0.4417093849999992
"('15', '3', '5', '5')",0.8342650822812487
"('15', '3', '6', '5')",0.9747992046046882
"('15', '3', '7', '5')",0.9977035064577318
"('15', '3', '8', '5')",0.9998601999029103
"('15', '3', '9', '5')",0.9999943511540557
"('15', '3', '1', '6')",4.4999999999999745e-05
"('15', '3', '2', '6')",0.02762200000000009
"('15', '3', '3', '6')",0.17396266250000034
"('15', '3', '4', '6')",0.5898849512500024
"('15', '3', '5', '6')",0.9543488898125022
"('15', '3', '6', '6')",0.998142872700001
"('15', '3', '7', '6')",0.9999600469996851
"('15', '3', '8', '6')",0.9999994705353948
"('15', '3', '9', '6')",0.9999999956105555
"('15', '3', '1', '7')",0.0
"('15', '3', '2', '7')",0.03763599999999999
"('15', '3', '3', '7')",0.2431888000000008
"('15', '3', '4', '7')",0.779328640000003
"('15', '3', '5', '7')",1.0
"('15', '3', '6', '7')",1.0
"('15', '3', '7', '7')",0.9999999999999999
"('15', '3', '8', '7')",1.0
"('15', '3', '9', '7')",1.0
"('15', '3', '1', '8')",8.99999999999999e-05
"('15', '3', '2', '8')",0.050090000000000086
"('15', '3', '3', '8')",0.3168614999999997
"('15', '3', '4', '8')",0.9794479800000001
"('15', '3', '5', '8')",1.0000000000000002
"('15', '3', '6', '8')",1.0000000000000002
"('15', '3', '7', '8')",1.0000000000000002
"('15', '3', '8', '8')",1.0000000000000002
"('15', '3', '9', '8')",1.0
"('15', '4', '1', '0')",1.0000000000000016e-05
"('15', '4', '2', '0')",0.005705000000000014
"('15', '4', '3', '0')",0.03941639999999995
"('15', '4', '4', '0')",0.15807782999999986
"('15', '4', '5', '0')",0.3940032750000011
"('15', '4', '6', '0')",0.6770103860000016
"('15', '4', '7', '0')",0.8763633559600041
"('15', '4', '8', '0')",0.9680395689759994
"('15', '4', '9', '0')",0.9947549289983992
"('15', '4', '1', '1')",1.5e-05
"('15', '4', '2', '1')",0.00931974999999999
"('15', '4', '3', '1')",0.060893374999999965
"('15', '4', '4', '1')",0.2199703768749993
"('15', '4', '5', '1')",0.5046368441249967
"('15', '4', '6', '1')",0.7780289947875019
"('15', '4', '7', '1')",0.9316916534089824
"('15', '4', '8', '1')",0.9860810239807896
"('15', '4', '9', '1')",0.9981902223670841
"('15', '4', '1', '2')",2.000000000000002e-05
"('15', '4', '2', '2')",0.013446000000000038
"('15', '4', '3', '2')",0.08417430000000073
"('15', '4', '4', '2')",0.29196116999999994
"('15', '4', '5', '2')",0.6108523389999994
"('15', '4', '6', '2')",0.8590405411000039
"('15', '4', '7', '2')",0.9661955694200011
"('15', '4', '8', '2')",0.9947184769809968
"('15', '4', '9', '2')",0.9994832594307971
"('15', '4', '1', '3')",2.5000000000000008e-05
"('15', '4', '2', '3')",0.0173465
"('15', '4', '3', '3')",0.11207216249999997
"('15', '4', '4', '3')",0.36924603125000127
"('15', '4', '5', '3')",0.7106563880312495
"('15', '4', '6', '3')",0.9189010085906248
"('15', '4', '7', '3')",0.9856685828426542
"('15', '4', '8', '3')",0.9983727936311528
"('15', '4', '9', '3')",0.9998831130635989
"('15', '4', '1', '4')",8.999999999999972e-05
"('15', '4', '2', '4')",0.023612000000000143
"('15', '4', '3', '4')",0.14592420000000006
"('15', '4', '4', '4')",0.45190683000000126
"('15', '4', '5', '4')",0.8028131460000021
"('15', '4', '6', '4')",0.960083849799998
"('15', '4', '7', '4')",0.9950602110199975
"('15', '4', '8', '4')",0.9996162815280006
"('15', '4', '9', '4')",0.9999806586623998
"('15', '4', '1', '5')",3.4999999999999956e-05
"('15', '4', '2', '5')",0.02885925
"('15', '4', '3', '5')",0.18053862500000023
"('15', '4', '4', '5')",0.5401286437499973
"('15', '4', '5', '5')",0.8819177758125033
"('15', '4', '6', '5')",0.9845960830437508
"('15', '4', '7', '5')",0.9988098248760919
"('15', '4', '8', '5')",0.9999421693091874
"('15', '4', '9', '5')",0.9999981740362047
"('15', '4', '1', '6')",4.499999999999996e-05
"('15', '4', '2', '6')",0.04153924999999991
"('15', '4', '3', '6')",0.24840237499999956
"('15', '4', '4', '6')",0.6840896750000008
"('15', '4', '5', '6')",0.9698507206249988
"('15', '4', '6', '6')",0.9989509351515613
"('15', '4', '7', '6')",0.999981218955626
"('15', '4', '8', '6')",0.999999802722005
"('15', '4', '9', '6')",0.9999999987375169
"('15', '4', '1', '7')",6.000000000000054e-05
"('15', '4', '2', '7')",0.05530399999999997
"('15', '4', '3', '7')",0.3257103999999991
"('15', '4', '4', '7')",0.841161599999999
"('15', '4', '5', '7')",0.9999999999999999
"('15', '4', '6', '7')",1.0
"('15', '4', '7', '7')",1.0
"('15', '4', '8', '7')",1.0
"('15', '4', '9', '7')",1.0
"('15', '4', '1', '8')",0.00017999999999999969
"('15', '4', '2', '8')",0.0794530000000001
"('15', '4', '3', '8')",0.4051588999999979
"('15', '4', '4', '8')",0.9860428099999999
"('15', '4', '5', '8')",1.0000000000000002
"('15', '4', '6', '8')",1.0
"('15', '4', '7', '8')",1.0
"('15', '4', '8', '8')",1.0000000000000002
"('15', '4', '9', '8')",1.0000000000000002
"('15', '5', '1', '0')",6.0000000000000184e-05
"('15', '5', '2', '0')",0.008894999999999965
"('15', '5', '3', '0')",0.062313200000000034
"('15', '5', '4', '0')",0.22249801000000027
"('15', '5', '5', '0')",0.5004779330000001
"('15', '5', '6', '0')",0.7721902552000003
"('15', '5', '7', '0')",0.9294135139900039
"('15', '5', '8', '0')",0.9856234376960022
"('15', '5', '9', '0')",0.9983012288768022
"('15', '5', '1', '1')",7.500000000000017e-05
"('15', '5', '2', '1')",0.014068249999999987
"('15', '5', '3', '1')",0.08921453750000007
"('15', '5', '4', '1')",0.2952863856250005
"('15', '5', '5', '1')",0.6027744204062527
"('15', '5', '6', '1')",0.8500899400406233
"('15', '5', '7', '1')",0.9623742882771874
"('15', '5', '8', '1')",0.993930997582623
"('15', '5', '9', '1')",0.9994369381234416
"('15', '5', '1', '2')",8.000000000000035e-05
"('15', '5', '2', '2')",0.019217000000000015
"('15', '5', '3', '2')",0.12176700000000018
"('15', '5', '4', '2')",0.377225080000001
"('15', '5', '5', '2')",0.7018822090000018
"('15', '5', '6', '2')",0.9076359458000013
"('15', '5', '7', '2')",0.9819844401199997
"('15', '5', '8', '2')",0.9977746884310005
"('15', '5', '9', '2')",0.9998439085126021
"('15', '5', '1', '3')",0.00014999999999999996
"('15', '5', '2', '3')",0.027999750000000104
"('15', '5', '3', '3')",0.15668620000000036
"('15', '5', '4', '3')",0.46036089874999875
"('15', '5', '5', '3')",0.7867424364375012
"('15', '5', '6', '3')",0.9488981634500021
"('15', '5', '7', '3')",0.992591947272343
"('15', '5', '8', '3')",0.9993347911765649
"('15', '5', '9', '3')",0.9999648898681625
"('15', '5', '1', '4')",0.00017999999999999974
"('15', '5', '2', '4')",0.03390799999999984
"('15', '5', '3', '4')",0.19992779999999966
"('15', '5', '4', '4')",0.5448959199999969
"('15', '5', '5', '4')",0.8591523199999983
"('15', '5', '6', '4')",0.9758342190000009
"('15', '5', '7', '4')",0.9975513506299976
"('15', '5', '8', '4')",0.999850069203998
"('15', '5', '9', '4')",0.9999945647599987
"('15', '5', '1', '5')",7.999999999999987e-05
"('15', '5', '2', '5')",0.04524875000000007
"('15', '5', '3', '5')",0.2428659875000006
"('15', '5', '4', '5')",0.6310691056249992
"('15', '5', '5', '5')",0.9186745043125003
"('15', '5', '6', '5')",0.9911185469765667
"('15', '5', '7', '5')",0.9994364414814826
"('15', '5', '8', '5')",0.9999790854721688
"('15', '5', '9', '5')",0.9999995202163857
"('15', '5', '1', '6')",0.00036000000000000073
"('15', '5', '2', '6')",0.05786774999999982
"('15', '5', '3', '6')",0.3207461625000019
"('15', '5', '4', '6')",0.7595139399999999
"('15', '5', '5', '6')",0.9808810895937513
"('15', '5', '6', '6')",0.9994504771375043
"('15', '5', '7', '6')",0.9999920596453099
"('15', '5', '8', '6')",0.9999999354614474
"('15', '5', '9', '6')",0.9999999997207325
"('15', '5', '1', '7')",0.00012000000000000078
"('15', '5', '2', '7')",0.08162800000000006
"('15', '5', '3', '7')",0.40910880000000066
"('15', '5', '4', '7')",0.8910003200000017
"('15', '5', '5', '7')",1.0
"('15', '5', '6', '7')",1.0
"('15', '5', '7', '7')",1.0
"('15', '5', '8', '7')",1.0
"('15', '5', '9', '7')",1.0
"('15', '5', '1', '8')",0.0002700000000000001
"('15', '5', '2', '8')",0.10704900000000056
"('15', '5', '3', '8')",0.4900505000000006
"('15', '5', '4', '8')",0.9908454899999989
"('15', '5', '5', '8')",1.0
"('15', '5', '6', '8')",1.0000000000000002
"('15', '5', '7', '8')",1.0000000000000002
"('15', '5', '8', '8')",1.0000000000000002
"('15', '5', '9', '8')",1.0
"('15', '6', '1', '0')",0.00010000000000000011
"('15', '6', '2', '0')",0.013987999999999988
"('15', '6', '3', '0')",0.09125499999999999
"('15', '6', '4', '0')",0.29478238000000084
"('15', '6', '5', '0')",0.6031089690000012
"('15', '6', '6', '0')",0.8468066258999979
"('15', '6', '7', '0')",0.9622412985100005
"('15', '6', '8', '0')",0.9941955410080008
"('15', '6', '9', '0')",0.9995476564224003
"('15', '6', '1', '1')",0.00013500000000000006
"('15', '6', '2', '1')",0.020502500000000038
"('15', '6', '3', '1')",0.12608142500000033
"('15', '6', '4', '1')",0.38010335125000033
"('15', '6', '5', '1')",0.6959722624375012
"('15', '6', '6', '1')",0.9039662886953123
"('15', '6', '7', '1')",0.9804803044658599
"('15', '6', '8', '1')",0.9976928491876039
"('15', '6', '9', '1')",0.9998584757448723
"('15', '6', '1', '2')",0.00021000000000000044
"('15', '6', '2', '2')",0.02842100000000008
"('15', '6', '3', '2')",0.16370949999999998
"('15', '6', '4', '2')",0.4592057000000008
"('15', '6', '5', '2')",0.7761412759999985
"('15', '6', '6', '2')",0.943451578599998
"('15', '6', '7', '2')",0.9912164347099995
"('15', '6', '8', '2')",0.9991806557139976
"('15', '6', '9', '2')",0.9999609473727992
"('15', '6', '1', '3')",0.00022499999999999896
"('15', '6', '2', '3')",0.0387530000000001
"('15', '6', '3', '3')",0.20616803749999946
"('15', '6', '4', '3')",0.5474327181249976
"('15', '6', '5', '3')",0.8458602124687487
"('15', '6', '6', '3')",0.9698225986546886
"('15', '6', '7', '3')",0.996533331130779
"('15', '6', '8', '3')",0.9997679827568353
"('15', '6', '9', '3')",0.9999923044471453
"('15', '6', '1', '4')",0.0003400000000000009
"('15', '6', '2', '4')",0.050331999999999905
"('15', '6', '3', '4')",0.2575046000000001
"('15', '6', '4', '4')",0.6277345599999968
"('15', '6', '5', '4')",0.9023260120000017
"('15', '6', '6', '4')",0.9862875748999989
"('15', '6', '7', '4')",0.9989137932200005
"('15', '6', '8', '4')",0.9999496797639993
"('15', '6', '9', '4')",0.9999987930992014
"('15', '6', '1', '5')",0.00041999999999999926
"('15', '6', '2', '5')",0.06058800000000008
"('15', '6', '3', '5')",0.30813179999999996
"('15', '6', '4', '5')",0.709001190000004
"('15', '6', '5', '5')",0.9470149018125004
"('15', '6', '6', '5')",0.9951838939390601
"('15', '6', '7', '5')",0.9997538203470292
"('15', '6', '8', '5')",0.9999931249768467
"('15', '6', '9', '5')",0.9999998938839378
"('15', '6', '1', '6')",0.00031499999999999985
"('15', '6', '2', '6')",0.08003825000000024
"('15', '6', '3', '6')",0.3976647250000007
"('15', '6', '4', '6')",0.8238666537500001
"('15', '6', '5', '6')",0.9885496734687494
"('15', '6', '6', '6')",0.9997352236921865
"('15', '6', '7', '6')",0.9999970477964084
"('15', '6', '8', '6')",0.9999999833535197
"('15', '6', '9', '6')",0.9999999999528704
"('15', '6', '1', '7')",0.0004200000000000002
"('15', '6', '2', '7')",0.10671200000000056
"('15', '6', '3', '7')",0.4945031999999991
"('15', '6', '4', '7')",0.9292351999999997
"('15', '6', '5', '7')",0.9999999999999999
"('15', '6', '6', '7')",0.9999999999999999
"('15', '6', '7', '7')",1.0
"('15', '6', '8', '7')",1.0
"('15', '6', '9', '7')",1.0
"('15', '6', '1', '8')",0.0005399999999999996
"('15', '6', '2', '8')",0.14335100000000034
"('15', '6', '3', '8')",0.5707833000000004
"('15', '6', '4', '8')",0.9943441400000009
"('15', '6', '5', '8')",1.0
"('15', '6', '6', '8')",1.0
"('15', '6', '7', '8')",1.0000000000000002
"('15', '6', '8', '8')",1.0
"('15', '6', '9', '8')",1.0000000000000002
"('15', '7', '1', '0')",0.0001399999999999999
"('15', '7', '2', '0')",0.018992999999999968
"('15', '7', '3', '0')",0.12354750000000012
"('15', '7', '4', '0')",0.3745848500000005
"('15', '7', '5', '0')",0.6956630349999984
"('15', '7', '6', '0')",0.9060088914999976
"('15', '7', '7', '0')",0.9822016735900009
"('15', '7', '8', '0')",0.9981041627359976
"('15', '7', '9', '0')",0.9999068400639978
"('15', '7', '1', '1')",0.0002500000000000007
"('15', '7', '2', '1')",0.0292182500000001
"('15', '7', '3', '1')",0.16729740000000037
"('15', '7', '4', '1')",0.46345294562500056
"('15', '7', '5', '1')",0.7752469841249965
"('15', '7', '6', '1')",0.9430355169921862
"('15', '7', '7', '1')",0.9912298886380471
"('15', '7', '8', '1')",0.9992642162894065
"('15', '7', '9', '1')",0.9999731477449698
"('15', '7', '1', '2')",0.0003600000000000011
"('15', '7', '2', '2')",0.040686
"('15', '7', '3', '2')",0.21528850000000002
"('15', '7', '4', '2')",0.5471485999999983
"('15', '7', '5', '2')",0.8409173260000015
"('15', '7', '6', '2')",0.9673939271999997
"('15', '7', '7', '2')",0.9961339868800022
"('15', '7', '8', '2')",0.9997596297460027
"('15', '7', '9', '2')",0.9999928403208952
"('15', '7', '1', '3')",0.0005600000000000013
"('15', '7', '2', '3')",0.0514440000000001
"('15', '7', '3', '3')",0.26368391249999823
"('15', '7', '4', '3')",0.6282380043750005
"('15', '7', '5', '3')",0.894969655468749
"('15', '7', '6', '3')",0.9834431462515628
"('15', '7', '7', '3')",0.9985797929346116
"('15', '7', '8', '3')",0.9999310648492218
"('15', '7', '9', '3')",0.9999985214459213
"('15', '7', '1', '4')",0.0007999999999999992
"('15', '7', '2', '4')",0.06538100000000016
"('15', '7', '3', '4')",0.31840820000000125
"('15', '7', '4', '4')",0.7045227999999992
"('15', '7', '5', '4')",0.9361781129999991
"('15', '7', '6', '4')",0.9929868228000008
"('15', '7', '7', '4')",0.9995747508499987
"('15', '7', '8', '4')",0.9999864032879988
"('15', '7', '9', '4')",0.9999997980256004
"('15', '7', '1', '5')",0.0006750000000000008
"('15', '7', '2', '5')",0.07965625000000001
"('15', '7', '3', '5')",0.37599591250000053
"('15', '7', '4', '5')",0.7763304325000003
"('15', '7', '5', '5')",0.9665357567500011
"('15', '7', '6', '5')",0.9976132820593742
"('15', '7', '7', '5')",0.9999097377898459
"('15', '7', '8', '5')",0.9999983040384527
"('15', '7', '9', '5')",0.9999999845904775
"('15', '7', '1', '6')",0.0008100000000000007
"('15', '7', '2', '6')",0.10574124999999962
"('15', '7', '3', '6')",0.4680883749999997
"('15', '7', '4', '6')",0.8762772018750012
"('15', '7', '5', '6')",0.9935527619375022
"('15', '7', '6', '6')",0.9998827914203103
"('15', '7', '7', '6')",0.9999990484711727
"('15', '7', '8', '6')",0.9999999966542442
"('15', '7', '9', '6')",0.99999999999495
"('15', '7', '1', '7')",0.0009000000000000007
"('15', '7', '2', '7')",0.13686000000000043
"('15', '7', '3', '7')",0.568218400000001
"('15', '7', '4', '7')",0.9547353600000028
"('15', '7', '5', '7')",1.0
"('15', '7', '6', '7')",1.0
"('15', '7', '7', '7')",1.0
"('15', '7', '8', '7')",1.0
"('15', '7', '9', '7')",1.0
"('15', '7', '1', '8')",0.0020900000000000033
"('15', '7', '2', '8')",0.1801319999999999
"('15', '7', '3', '8')",0.6508319999999965
"('15', '7', '4', '8')",0.9965112999999978
"('15', '7', '5', '8')",1.0
"('15', '7', '6', '8')",1.0
"('15', '7', '7', '8')",1.0000000000000002
"('15', '7', '8', '8')",1.0000000000000002
"('15', '7', '9', '8')",1.0
"('16', '0', '1', '0')",0.0
"('16', '0', '2', '0')",0.0
"('16', '0', '3', '0')",0.0
"('16', '0', '4', '0')",0.00010000000000000003
"('16', '0', '5', '0')",0.009760000000000005
"('16', '0', '6', '0')",0.08266500000000002
"('16', '0', '7', '0')",0.2792835
"('16', '0', '8', '0')",0.5551587200000001
"('16', '0', '9', '0')",0.7922726400000001
"('16', '0', '1', '1')",0.0
"('16', '0', '2', '1')",0.0
"('16', '0', '3', '1')",0.0
"('16', '0', '4', '1')",0.00050625
"('16', '0', '5', '1')",0.033563437499999994
"('16', '0', '6', '1')",0.19375703124999996
"('16', '0', '7', '1')",0.4781965078124999
"('16', '0', '8', '1')",0.7483420776953124
"('16', '0', '9', '1')",0.9098894101835937
"('16', '0', '1', '2')",0.0
"('16', '0', '2', '2')",0.0
"('16', '0', '3', '2')",0.0
"('16', '0', '4', '2')",0.0016000000000000005
"('16', '0', '5', '2')",0.08162000000000003
"('16', '0', '6', '2')",0.34603500000000004
"('16', '0', '7', '2')",0.6668471000000001
"('16', '0', '8', '2')",0.87815491
"('16', '0', '9', '2')",0.9672525100000001
"('16', '0', '1', '3')",0.0
"('16', '0', '2', '3')",0.0
"('16', '0', '3', '3')",0.0
"('16', '0', '4', '3')",0.00390625
"('16', '0', '5', '3')",0.16203906249999997
"('16', '0', '6', '3')",0.52154578125
"('16', '0', '7', '3')",0.8177847984375
"('16', '0', '8', '3')",0.9514606501953125
"('16', '0', '9', '3')",0.9905504575195311
"('16', '0', '1', '4')",0.0
"('16', '0', '2', '4')",0.0
"('16', '0', '3', '4')",0.0
"('16', '0', '4', '4')",0.0081
"('16', '0', '5', '4')",0.28068
"('16', '0', '6', '4')",0.6959050000000001
"('16', '0', '7', '4')",0.9192225000000002
"('16', '0', '8', '4')",0.9852265600000002
"('16', '0', '9', '4')",0.9980316800000003
"('16', '0', '1', '5')",0.0
"('16', '0', '2', '5')",0.0
"('16', '0', '3', '5')",0.0
"('16', '0', '4', '5')",0.015006249999999995
"('16', '0', '5', '5')",0.43968968750000004
"('16', '0', '6', '5')",0.84364078125
"('16', '0', '7', '5')",0.9740389765625
"('16', '0', '8', '5')",0.9970432139453125
"('16', '0', '9', '5')",0.9997523662304686
"('16', '0', '1', '6')",0.0
"('16', '0', '2', '6')",0.0
"('16', '0', '3', '6')",0.0
"('16', '0', '4', '6')",0.04100625000000001
"('16', '0', '5', '6')",0.7383403125000002
"('16', '0', '6', '6')",0.9784167187500001
"('16', '0', '7', '6')",0.9991046109375002
"('16', '0', '8', '6')",0.9999767826953128
"('16', '0', '9', '6')",0.9999995770039064
"('16', '0', '1', '7')",0.0
"('16', '0', '2', '7')",0.0
"('16', '0', '3', '7')",0.0
"('16', '0', '4', '7')",0.1296
"('16', '0', '5', '7')",0.98976
"('16', '0', '6', '7')",1.0
"('16', '0', '7', '7')",1.0
"('16', '0', '8', '7')",1.0
"('16', '0', '9', '7')",1.0
"('16', '0', '1', '8')",0.0
"('16', '0', '2', '8')",0.0
"('16', '0', '3', '8')",0.0
"('16', '0', '4', '8')",0.6561000000000001
"('16', '0', '5', '8')",0.9999900000000002
"('16', '0', '6', '8')",1.0000000000000002
"('16', '0', '7', '8')",1.0000000000000002
"('16', '0', '8', '8')",1.0000000000000002
"('16', '0', '9', '8')",1.0000000000000002
"('16', '1', '1', '0')",0.0
"('16', '1', '2', '0')",0.00014199999999999974
"('16', '1', '3', '0')",0.0018770000000000078
"('16', '1', '4', '0')",0.01114131000000005
"('16', '1', '5', '0')",0.05582688500000014
"('16', '1', '6', '0')",0.1953663417000001
"('16', '1', '7', '0')",0.43687263057000053
"('16', '1', '8', '0')",0.6956710378880038
"('16', '1', '9', '0')",0.8776531461056013
"('16', '1', '1', '1')",0.0
"('16', '1', '2', '1')",0.00031725000000000096
"('16', '1', '3', '1')",0.003625462499999999
"('16', '1', '4', '1')",0.022409121250000042
"('16', '1', '5', '1')",0.10852004975000021
"('16', '1', '6', '1')",0.32483964591093806
"('16', '1', '7', '1')",0.6129015636130465
"('16', '1', '8', '1')",0.8347141213823275
"('16', '1', '9', '1')",0.9484633219733032
"('16', '1', '1', '2')",0.0
"('16', '1', '2', '2')",0.000568000000000002
"('16', '1', '3', '2')",0.006187800000000004
"('16', '1', '4', '2')",0.03753003000000001
"('16', '1', '5', '2')",0.18227774499999946
"('16', '1', '6', '2')",0.4768958560999997
"('16', '1', '7', '2')",0.7620384746299977
"('16', '1', '8', '2')",0.9233321533509976
"('16', '1', '9', '2')",0.9819305420373985
"('16', '1', '1', '3')",0.0
"('16', '1', '2', '3')",0.0008249999999999976
"('16', '1', '3', '3')",0.009379062500000016
"('16', '1', '4', '3')",0.059448656874999804
"('16', '1', '5', '3')",0.2806143285312485
"('16', '1', '6', '3')",0.6317611481562498
"('16', '1', '7', '3')",0.8746227191795283
"('16', '1', '8', '3')",0.9702870768183391
"('16', '1', '9', '3')",0.9949248729568146
"('16', '1', '1', '4')",0.0
"('16', '1', '2', '4')",0.001124999999999999
"('16', '1', '3', '4')",0.012469800000000015
"('16', '1', '4', '4')",0.08465358999999997
"('16', '1', '5', '4')",0.4037153900000008
"('16', '1', '6', '4')",0.774334063899999
"('16', '1', '7', '4')",0.9460969418800015
"('16', '1', '8', '4')",0.9912549998780001
"('16', '1', '9', '4')",0.9989740183888006
"('16', '1', '1', '5')",0.0
"('16', '1', '2', '5')",0.0015067500000000018
"('16', '1', '3', '5')",0.017428950000000006
"('16', '1', '4', '5')",0.11717141624999998
"('16', '1', '5', '5')",0.5518290177187511
"('16', '1', '6', '5')",0.8874642260218751
"('16', '1', '7', '5')",0.9831988417149996
"('16', '1', '8', '5')",0.9982922339892725
"('16', '1', '9', '5')",0.9998747715613275
"('16', '1', '1', '6')",0.0
"('16', '1', '2', '6')",0.002774250000000002
"('16', '1', '3', '6')",0.026207662499999944
"('16', '1', '4', '6')",0.18306114749999963
"('16', '1', '5', '6')",0.80307598809375
"('16', '1', '6', '6')",0.9853690080109383
"('16', '1', '7', '6')",0.9994558378073471
"('16', '1', '8', '6')",0.999987472101006
"('16', '1', '9', '6')",0.9999998010806342
"('16', '1', '1', '7')",0.0
"('16', '1', '2', '7')",0.005148000000000013
"('16', '1', '3', '7')",0.041507999999999996
"('16', '1', '4', '7')",0.2965667200000017
"('16', '1', '5', '7')",0.9929538559999987
"('16', '1', '6', '7')",1.0
"('16', '1', '7', '7')",1.0
"('16', '1', '8', '7')",1.0
"('16', '1', '9', '7')",1.0
"('16', '1', '1', '8')",0.0
"('16', '1', '2', '8')",0.010530000000000077
"('16', '1', '3', '8')",0.08122499999999991
"('16', '1', '4', '8')",0.7360655299999984
"('16', '1', '5', '8')",0.9999931309999984
"('16', '1', '6', '8')",1.0000000000000002
"('16', '1', '7', '8')",1.0000000000000004
"('16', '1', '8', '8')",1.0000000000000002
"('16', '1', '9', '8')",1.0000000000000002
"('16', '2', '1', '0')",0.0
"('16', '2', '2', '0')",0.0005469999999999979
"('16', '2', '3', '0')",0.006434000000000006
"('16', '2', '4', '0')",0.031524989999999996
"('16', '2', '5', '0')",0.11896306400000026
"('16', '2', '6', '0')",0.3154489877000001
"('16', '2', '7', '0')",0.5783676845100009
"('16', '2', '8', '0')",0.8024869574279966
"('16', '2', '9', '0')",0.9320316945407997
"('16', '2', '1', '1')",0.0
"('16', '2', '2', '1')",0.0010797500000000024
"('16', '2', '3', '1')",0.010777100000000005
"('16', '2', '4', '1')",0.05354067124999986
"('16', '2', '5', '1')",0.19500506396875084
"('16', '2', '6', '1')",0.45202649490937385
"('16', '2', '7', '1')",0.7226748538049201
"('16', '2', '8', '1')",0.8972879616338636
"('16', '2', '9', '1')",0.9727580109981667
"('16', '2', '1', '2')",0.0
"('16', '2', '2', '2')",0.0019499999999999945
"('16', '2', '3', '2')",0.01679040000000002
"('16', '2', '4', '2')",0.08471730999999995
"('16', '2', '5', '2')",0.2863208329999991
"('16', '2', '6', '2')",0.5919152922000009
"('16', '2', '7', '2')",0.8366188478400042
"('16', '2', '8', '2')",0.9535971703600012
"('16', '2', '9', '2')",0.9906710937579971
"('16', '2', '1', '3')",0.0
"('16', '2', '2', '3')",0.0025787499999999986
"('16', '2', '3', '3')",0.024101800000000013
"('16', '2', '4', '3')",0.12238067750000031
"('16', '2', '5', '3')",0.39341772984375084
"('16', '2', '6', '3')",0.722941906446876
"('16', '2', '7', '3')",0.9162608122859385
"('16', '2', '8', '3')",0.9826744110041042
"('16', '2', '9', '3')",0.997464769176561
"('16', '2', '1', '4')",0.0
"('16', '2', '2', '4')",0.0038240000000000123
"('16', '2', '3', '4')",0.032978999999999814
"('16', '2', '4', '4')",0.1657841399999997
"('16', '2', '5', '4')",0.5136031900000028
"('16', '2', '6', '4')",0.8360343437999989
"('16', '2', '7', '4')",0.9655169667600019
"('16', '2', '8', '4')",0.9950610554400011
"('16', '2', '9', '4')",0.9995011119944004
"('16', '2', '1', '5')",0.0
"('16', '2', '2', '5')",0.005187999999999994
"('16', '2', '3', '5')",0.04438888750000005
"('16', '2', '4', '5')",0.2168063531249996
"('16', '2', '5', '5')",0.6484523162812489
"('16', '2', '6', '5')",0.9210616633390628
"('16', '2', '7', '5')",0.9894826924283591
"('16', '2', '8', '5')",0.9990686917716262
"('16', '2', '9', '5')",0.9999409801520995
"('16', '2', '1', '6')",0.0
"('16', '2', '2', '6')",0.0071910000000000125
"('16', '2', '3', '6')",0.0648895000000004
"('16', '2', '4', '6')",0.3117823974999986
"('16', '2', '5', '6')",0.8553512756562476
"('16', '2', '6', '6')",0.9904011496421871
"('16', '2', '7', '6')",0.9996835331037498
"('16', '2', '8', '6')",0.9999936554301108
"('16', '2', '9', '6')",0.9999999142295173
"('16', '2', '1', '7')",0.0
"('16', '2', '2', '7')",0.01130000000000002
"('16', '2', '3', '7')",0.09372960000000023
"('16', '2', '4', '7')",0.44268192000000073
"('16', '2', '5', '7')",0.995258880000001
"('16', '2', '6', '7')",1.0
"('16', '2', '7', '7')",1.0
"('16', '2', '8', '7')",1.0
"('16', '2', '9', '7')",1.0
"('16', '2', '1', '8')",0.0
"('16', '2', '2', '8')",0.023849000000000054
"('16', '2', '3', '8')",0.16764410000000038
"('16', '2', '4', '8')",0.8008609000000013
"('16', '2', '5', '8')",0.9999953270000014
"('16', '2', '6', '8')",1.0000000000000004
"('16', '2', '7', '8')",1.0000000000000002
"('16', '2', '8', '8')",1.0000000000000004
"('16', '2', '9', '8')",1.0000000000000002
"('16', '3', '1', '0')",9.999999999999992e-06
"('16', '3', '2', '0')",0.0013899999999999958
"('16', '3', '3', '0')",0.012801200000000013
"('16', '3', '4', '0')",0.06084350999999977
"('16', '3', '5', '0')",0.19685115899999983
"('16', '3', '6', '0')",0.44015274150000067
"('16', '3', '7', '0')",0.6959324866699975
"('16', '3', '8', '0')",0.8784419194799999
"('16', '3', '9', '0')",0.9656988028287965
"('16', '3', '1', '1')",1.50000000000001e-05
"('16', '3', '2', '1')",0.00241225
"('16', '3', '3', '1')",0.021742549999999975
"('16', '3', '4', '1')",0.09681571187500017
"('16', '3', '5', '1')",0.28707995603124925
"('16', '3', '6', '1')",0.568366719907812
"('16', '3', '7', '1')",0.8091865904113299
"('16', '3', '8', '1')",0.9391627614380026
"('16', '3', '9', '1')",0.9864083159986686
"('16', '3', '1', '2')",0.0
"('16', '3', '2', '2')",0.004158000000000015
"('16', '3', '3', '2')",0.032690900000000175
"('16', '3', '4', '2')",0.14054969999999953
"('16', '3', '5', '2')",0.38928399899999777
"('16', '3', '6', '2')",0.6912584643000023
"('16', '3', '7', '2')",0.8910830556699983
"('16', '3', '8', '2')",0.9735524991040021
"('16', '3', '9', '2')",0.9955583981101007
"('16', '3', '1', '3')",0.0
"('16', '3', '2', '3')",0.0055590000000000075
"('16', '3', '3', '3')",0.04590244999999998
"('16', '3', '4', '3')",0.19216228937500102
"('16', '3', '5', '3')",0.4990765564999988
"('16', '3', '6', '3')",0.7981849460296897
"('16', '3', '7', '3')",0.9469182535455478
"('16', '3', '8', '3')",0.9905720590583779
"('16', '3', '9', '3')",0.9988273386305188
"('16', '3', '1', '4')",3.0000000000000082e-05
"('16', '3', '2', '4')",0.007294000000000001
"('16', '3', '3', '4')",0.061538400000000014
"('16', '3', '4', '4')",0.25043280000000073
"('16', '3', '5', '4')",0.6143492569999978
"('16', '3', '6', '4')",0.8848884940999991
"('16', '3', '7', '4')",0.9787378200599997
"('16', '3', '8', '4')",0.9973681653520015
"('16', '3', '9', '4')",0.9997765777728006
"('16', '3', '1', '5')",0.0
"('16', '3', '2', '5')",0.009603249999999978
"('16', '3', '3', '5')",0.0787782250000004
"('16', '3', '4', '5')",0.31847008749999955
"('16', '3', '5', '5')",0.7296461755937522
"('16', '3', '6', '5')",0.9464050178859412
"('16', '3', '7', '5')",0.9937552956473433
"('16', '3', '8', '5')",0.9995207705813477
"('16', '3', '9', '5')",0.9999744664467335
"('16', '3', '1', '6')",8.999999999999961e-05
"('16', '3', '2', '6')",0.01514124999999994
"('16', '3', '3', '6')",0.11002022499999958
"('16', '3', '4', '6')",0.43120869062499845
"('16', '3', '5', '6')",0.8955575810624993
"('16', '3', '6', '6')",0.9939240642343756
"('16', '3', '7', '6')",0.9998244194835167
"('16', '3', '8', '6')",0.999996989183321
"('16', '3', '9', '6')",0.9999999662625538
"('16', '3', '1', '7')",0.0
"('16', '3', '2', '7')",0.020779999999999927
"('16', '3', '3', '7')",0.1541432
"('16', '3', '4', '7')",0.5670630399999981
"('16', '3', '5', '7')",0.9969157119999996
"('16', '3', '6', '7')",1.0
"('16', '3', '7', '7')",1.0
"('16', '3', '8', '7')",1.0
"('16', '3', '9', '7')",1.0
"('16', '3', '1', '8')",0.00017999999999999988
"('16', '3', '2', '8')",0.043383000000000026
"('16', '3', '3', '8')",0.25231849999999983
"('16', '3', '4', '8')",0.8525979699999984
"('16', '3', '5', '8')",0.999996945
"('16', '3', '6', '8')",1.0
"('16', '3', '7', '8')",1.0000000000000002
"('16', '3', '8', '8')",1.0000000000000004
"('16', '3', '9', '8')",1.0000000000000002
"('16', '4', '1', '0')",1.0000000000000014e-05
"('16', '4', '2', '0')",0.002769000000000003
"('16', '4', '3', '0')",0.023605300000000048
"('16', '4', '4', '0')",0.0995652599999996
"('16', '4', '5', '0')",0.2844399130000002
"('16', '4', '6', '0')",0.5535161342000001
"('16', '4', '7', '0')",0.7916523967299994
"('16', '4', '8', '0')",0.9310690778480006
"('16', '4', '9', '0')",0.9836745222016012
"('16', '4', '1', '1')",3.0000000000000153e-05
"('16', '4', '2', '1')",0.004589500000000005
"('16', '4', '3', '1')",0.0368889125
"('16', '4', '4', '1')",0.1472737837499998
"('16', '4', '5', '1')",0.3850462803124993
"('16', '4', '6', '1')",0.6717227773687499
"('16', '4', '7', '1')",0.8757820787894547
"('16', '4', '8', '1')",0.9664694875179147
"('16', '4', '9', '1')",0.9939736587368422
"('16', '4', '1', '2')",4.000000000000005e-05
"('16', '4', '2', '2')",0.006713999999999994
"('16', '4', '3', '2')",0.053193600000000195
"('16', '4', '4', '2')",0.2031157099999999
"('16', '4', '5', '2')",0.4887220870000009
"('16', '4', '6', '2')",0.7730837848000033
"('16', '4', '7', '2')",0.9311235287300004
"('16', '4', '8', '2')",0.9860102276949989
"('16', '4', '9', '2')",0.9981051094926991
"('16', '4', '1', '3')",9.999999999999963e-05
"('16', '4', '2', '3')",0.009982000000000043
"('16', '4', '3', '3')",0.07226205000000036
"('16', '4', '4', '3')",0.26785918874999937
"('16', '4', '5', '3')",0.5943008886875029
"('16', '4', '6', '3')",0.8573835241093759
"('16', '4', '7', '3')",0.9677762892860944
"('16', '4', '8', '3')",0.9951366400612872
"('16', '4', '9', '3')",0.9995113425943111
"('16', '4', '1', '4')",3.0000000000000218e-05
"('16', '4', '2', '4')",0.012349999999999958
"('16', '4', '3', '4')",0.09460779999999992
"('16', '4', '4', '4')",0.3372616000000017
"('16', '4', '5', '4')",0.6995953790000012
"('16', '4', '6', '4')",0.9216445459000023
"('16', '4', '7', '4')",0.9874509237100016
"('16', '4', '8', '4')",0.9986931819260002
"('16', '4', '9', '4')",0.9999093823248008
"('16', '4', '1', '5')",3.499999999999989e-05
"('16', '4', '2', '5')",0.01636974999999993
"('16', '4', '3', '5')",0.1190544750000004
"('16', '4', '4', '5')",0.41511200874999954
"('16', '4', '5', '5')",0.7973495994687504
"('16', '4', '6', '5')",0.9649805965843762
"('16', '4', '7', '5')",0.996486499111794
"('16', '4', '8', '5')",0.999771968988602
"('16', '4', '9', '5')",0.9999902667907176
"('16', '4', '1', '6')",4.4999999999999935e-05
"('16', '4', '2', '6')",0.023160250000000094
"('16', '4', '3', '6')",0.1632175499999999
"('16', '4', '4', '6')",0.5353719418749986
"('16', '4', '5', '6')",0.9269233516249988
"('16', '4', '6', '6')",0.9963023072046878
"('16', '4', '7', '6')",0.9999094139937535
"('16', '4', '8', '6')",0.9999986979007607
"('16', '4', '9', '6')",0.9999999881854826
"('16', '4', '1', '7')",0.00012000000000000098
"('16', '4', '2', '7')",0.03780800000000001
"('16', '4', '3', '7')",0.21767679999999995
"('16', '4', '4', '7')",0.671650879999998
"('16', '4', '5', '7')",0.9980666880000016
"('16', '4', '6', '7')",1.0
"('16', '4', '7', '7')",1.0
"('16', '4', '8', '7')",1.0
"('16', '4', '9', '7')",1.0
"('16', '4', '1', '8')",0.00017999999999999923
"('16', '4', '2', '8')",0.06796199999999962
"('16', '4', '3', '8')",0.33042150000000076
"('16', '4', '4', '8')",0.8947855100000013
"('16', '4', '5', '8')",0.9999980700000005
"('16', '4', '6', '8')",1.0
"('16', '4', '7', '8')",1.0000000000000004
"('16', '4', '8', '8')",1.0000000000000002
"('16', '4', '9', '8')",1.0000000000000002
"('16', '5', '1', '0')",5.000000000000012e-05
"('16', '5', '2', '0')",0.004789000000000019
"('16', '5', '3', '0')",0.038220000000000115
"('16', '5', '4', '0')",0.14736192
"('16', '5', '5', '0')",0.3796197039999998
"('16', '5', '6', '0')",0.660850367500001
"('16', '5', '7', '0')",0.8656366393800002
"('16', '5', '8', '0')",0.9632133100560023
"('16', '5', '9', '0')",0.9933400366847992
"('16', '5', '1', '1')",7.49999999999999e-05
"('16', '5', '2', '1')",0.0075569999999999995
"('16', '5', '3', '1')",0.05713530000000001
"('16', '5', '4', '1')",0.20850455499999943
"('16', '5', '5', '1')",0.48182056459375133
"('16', '5', '6', '1')",0.758596899828124
"('16', '5', '7', '1')",0.9223396251600052
"('16', '5', '8', '1')",0.982838143433686
"('16', '5', '9', '1')",0.997584036896114
"('16', '5', '1', '2')",0.0001399999999999996
"('16', '5', '2', '2')",0.010932000000000008
"('16', '5', '3', '2')",0.07991490000000018
"('16', '5', '4', '2')",0.2757166100000002
"('16', '5', '5', '2')",0.5833353629999974
"('16', '5', '6', '2')",0.8388916943000008
"('16', '5', '7', '2')",0.9596093665
"('16', '5', '8', '2')",0.9931572992080003
"('16', '5', '9', '2')",0.9992648484387994
"('16', '5', '1', '3')",2.5000000000000066e-05
"('16', '5', '2', '3')",0.014935750000000036
"('16', '5', '3', '3')",0.10412945000000016
"('16', '5', '4', '3')",0.3472085193750007
"('16', '5', '5', '3')",0.6801364952499995
"('16', '5', '6', '3')",0.9032739193953138
"('16', '5', '7', '3')",0.9813640219324238
"('16', '5', '8', '3')",0.9977036214475199
"('16', '5', '9', '3')",0.9998183595367687
"('16', '5', '1', '4')",0.00018000000000000023
"('16', '5', '2', '4')",0.019843000000000003
"('16', '5', '3', '4')",0.1316172999999993
"('16', '5', '4', '4')",0.42514636999999805
"('16', '5', '5', '4')",0.7720576370000005
"('16', '5', '6', '4')",0.9489200367999978
"('16', '5', '7', '4')",0.993088717640001
"('16', '5', '8', '4')",0.9994107868539963
"('16', '5', '9', '4')",0.9999686879208022
"('16', '5', '1', '5')",0.00011500000000000002
"('16', '5', '2', '5')",0.025110250000000115
"('16', '5', '3', '5')",0.163781575
"('16', '5', '4', '5')",0.5025960031249984
"('16', '5', '5', '5')",0.8516863369999995
"('16', '5', '6', '5')",0.9781910215531263
"('16', '5', '7', '5')",0.998141430869454
"('16', '5', '8', '5')",0.9999005521857615
"('16', '5', '9', '5')",0.9999967185118057
"('16', '5', '1', '6')",4.499999999999995e-05
"('16', '5', '2', '6')",0.034787500000000186
"('16', '5', '3', '6')",0.2204953249999991
"('16', '5', '4', '6')",0.6311665587500007
"('16', '5', '5', '6')",0.9508353968125025
"('16', '5', '6', '6')",0.9978917486156248
"('16', '5', '7', '6')",0.9999566467378919
"('16', '5', '8', '6')",0.9999994929116004
"('16', '5', '9', '6')",0.999999996533319
"('16', '5', '1', '7')",0.00018000000000000036
"('16', '5', '2', '7')",0.051491999999999837
"('16', '5', '3', '7')",0.28999039999999965
"('16', '5', '4', '7')",0.7593379199999976
"('16', '5', '5', '7')",0.998902271999999
"('16', '5', '6', '7')",1.0
"('16', '5', '7', '7')",0.9999999999999999
"('16', '5', '8', '7')",1.0
"('16', '5', '9', '7')",1.0
"('16', '5', '1', '8')",0.0003599999999999991
"('16', '5', '2', '8')",0.09109999999999996
"('16', '5', '3', '8')",0.40971500000000033
"('16', '5', '4', '8')",0.9254734499999975
"('16', '5', '5', '8')",0.9999989429999968
"('16', '5', '6', '8')",1.0000000000000002
"('16', '5', '7', '8')",1.0000000000000004
"('16', '5', '8', '8')",1.0000000000000002
"('16', '5', '9', '8')",1.0000000000000002
"('16', '6', '1', '0')",7.00000000000002e-05
"('16', '6', '2', '0')",0.007746999999999974
"('16', '6', '3', '0')",0.05533760000000009
"('16', '6', '4', '0')",0.20721768000000004
"('16', '6', '5', '0')",0.476377368999998
"('16', '6', '6', '0')",0.7514919883000001
"('16', '6', '7', '0')",0.9195914557399998
"('16', '6', '8', '0')",0.9822047367919984
"('16', '6', '9', '0')",0.997586818105601
"('16', '6', '1', '1')",8.999999999999953e-05
"('16', '6', '2', '1')",0.011118499999999983
"('16', '6', '3', '1')",0.08204006249999994
"('16', '6', '4', '1')",0.2744314437499996
"('16', '6', '5', '1')",0.5751925329999987
"('16', '6', '6', '1')",0.8311262590656265
"('16', '6', '7', '1')",0.9549924788959384
"('16', '6', '8', '1')",0.9922807450256499
"('16', '6', '9', '1')",0.9991610659171981
"('16', '6', '1', '2')",0.00012000000000000102
"('16', '6', '2', '2')",0.017444999999999915
"('16', '6', '3', '2')",0.11007589999999996
"('16', '6', '4', '2')",0.3503807400000006
"('16', '6', '5', '2')",0.6709292860000002
"('16', '6', '6', '2')",0.8916665354999984
"('16', '6', '7', '2')",0.9774937179699988
"('16', '6', '8', '2')",0.996930726453999
"('16', '6', '9', '2')",0.9997532384949976
"('16', '6', '1', '3')",7.500000000000001e-05
"('16', '6', '2', '3')",0.021635250000000078
"('16', '6', '3', '3')",0.14458456250000018
"('16', '6', '4', '3')",0.4270249249999995
"('16', '6', '5', '3')",0.7577412960937487
"('16', '6', '6', '3')",0.9374310106937481
"('16', '6', '7', '3')",0.9900963934489841
"('16', '6', '8', '3')",0.999041541685076
"('16', '6', '9', '3')",0.9999439809249246
"('16', '6', '1', '4')",0.0001900000000000001
"('16', '6', '2', '4')",0.027847999999999925
"('16', '6', '3', '4')",0.1788534999999995
"('16', '6', '4', '4')",0.511149270000004
"('16', '6', '5', '4')",0.8300797030000001
"('16', '6', '6', '4')",0.9683250116000013
"('16', '6', '7', '4')",0.9964232426500023
"('16', '6', '8', '4')",0.9997631895720045
"('16', '6', '9', '4')",0.9999903071696007
"('16', '6', '1', '5')",0.00021000000000000112
"('16', '6', '2', '5')",0.03589475
"('16', '6', '3', '5')",0.22003536249999964
"('16', '6', '4', '5')",0.5915693881249988
"('16', '6', '5', '5')",0.8947966063437502
"('16', '6', '6', '5')",0.987067113101563
"('16', '6', '7', '5')",0.9990715028732018
"('16', '6', '8', '5')",0.9999624316709328
"('16', '6', '9', '5')",0.9999990550890789
"('16', '6', '1', '6')",0.00031499999999999996
"('16', '6', '2', '6')",0.04882899999999987
"('16', '6', '3', '6')",0.28506237500000065
"('16', '6', '4', '6')",0.7107226143749997
"('16', '6', '5', '6')",0.9679166073437534
"('16', '6', '6', '6')",0.9988626343156257
"('16', '6', '7', '6')",0.9999808879848434
"('16', '6', '8', '6')",0.9999998264256311
"('16', '6', '9', '6')",0.9999999991803513
"('16', '6', '1', '7')",0.0007200000000000026
"('16', '6', '2', '7')",0.07053200000000001
"('16', '6', '3', '7')",0.3705656000000007
"('16', '6', '4', '7')",0.8246502400000003
"('16', '6', '5', '7')",0.9993344000000026
"('16', '6', '6', '7')",1.0
"('16', '6', '7', '7')",1.0
"('16', '6', '8', '7')",1.0
"('16', '6', '9', '7')",0.9999999999999999
"('16', '6', '1', '8')",0.0002799999999999983
"('16', '6', '2', '8')",0.11749000000000004
"('16', '6', '3', '8')",0.4873554000000008
"('16', '6', '4', '8')",0.950704880000002
"('16', '6', '5', '8')",0.9999993519999988
"('16', '6', '6', '8')",1.0
"('16', '6', '7', '8')",1.0
"('16', '6', '8', '8')",1.0000000000000002
"('16', '6', '9', '8')",1.0000000000000002
"('16', '7', '1', '0')",8.000000000000003e-05
"('16', '7', '2', '0')",0.011063999999999985
"('16', '7', '3', '0')",0.08027850000000016
"('16', '7', '4', '0')",0.2723520599999988
"('16', '7', '5', '0')",0.5738403800000004
"('16', '7', '6', '0')",0.8286429075999977
"('16', '7', '7', '0')",0.9551018724999999
"('16', '7', '8', '0')",0.992294016575997
"('16', '7', '9', '0')",0.9992835373695994
"('16', '7', '1', '1')",0.00015000000000000004
"('16', '7', '2', '1')",0.017747500000000048
"('16', '7', '3', '1')",0.11200232499999972
"('16', '7', '4', '1')",0.3490514031249996
"('16', '7', '5', '1')",0.6640907175937542
"('16', '7', '6', '1')",0.8872404079390627
"('16', '7', '7', '1')",0.975330539720078
"('16', '7', '8', '1')",0.9967877570745283
"('16', '7', '9', '1')",0.9997598839337333
"('16', '7', '1', '2')",0.0001799999999999999
"('16', '7', '2', '2')",0.02386499999999988
"('16', '7', '3', '2')",0.14719040000000033
"('16', '7', '4', '2')",0.4272882900000002
"('16', '7', '5', '2')",0.7496201469999976
"('16', '7', '6', '2')",0.9306180544000008
"('16', '7', '7', '2')",0.9881686270399994
"('16', '7', '8', '2')",0.9988042952289985
"('16', '7', '9', '2')",0.9999326969191018
"('16', '7', '1', '3')",0.00032499999999999993
"('16', '7', '2', '3')",0.032788250000000005
"('16', '7', '3', '3')",0.18600467500000015
"('16', '7', '4', '3')",0.5089448949999982
"('16', '7', '5', '3')",0.8200630292812499
"('16', '7', '6', '3')",0.9612177873437473
"('16', '7', '7', '3')",0.9950934969307825
"('16', '7', '8', '3')",0.9996263002615831
"('16', '7', '9', '3')",0.9999844176290776
"('16', '7', '1', '4')",0.0004499999999999991
"('16', '7', '2', '4')",0.04037999999999994
"('16', '7', '3', '4')",0.22806420000000063
"('16', '7', '4', '4')",0.5892095199999973
"('16', '7', '5', '4')",0.8810389030000005
"('16', '7', '6', '4')",0.9810965024000003
"('16', '7', '7', '4')",0.9983310403299994
"('16', '7', '8', '4')",0.9999130027220012
"('16', '7', '9', '4')",0.9999975741871983
"('16', '7', '1', '5')",0.0004550000000000018
"('16', '7', '2', '5')",0.049531999999999986
"('16', '7', '3', '5')",0.2748290125000008
"('16', '7', '4', '5')",0.669382001249999
"('16', '7', '5', '5')",0.9291945435937494
"('16', '7', '6', '5')",0.9927597394640607
"('16', '7', '7', '5')",0.9995903377446113
"('16', '7', '8', '5')",0.9999869618497973
"('16', '7', '9', '5')",0.9999997803000192
"('16', '7', '1', '6')",0.0008099999999999987
"('16', '7', '2', '6')",0.0667867499999997
"('16', '7', '3', '6')",0.3502732750000011
"('16', '7', '4', '6')",0.780762824375001
"('16', '7', '5', '6')",0.9804446359374996
"('16', '7', '6', '6')",0.9994331354546868
"('16', '7', '7', '6')",0.999992578332266
"('16', '7', '8', '6')",0.9999999532183568
"('16', '7', '9', '6')",0.9999999998561853
"('16', '7', '1', '7')",0.0011999999999999936
"('16', '7', '2', '7')",0.09171599999999999
"('16', '7', '3', '7')",0.4414103999999995
"('16', '7', '4', '7')",0.8756070400000009
"('16', '7', '5', '7')",0.9996671999999998
"('16', '7', '6', '7')",1.0
"('16', '7', '7', '7')",1.0
"('16', '7', '8', '7')",1.0
"('16', '7', '9', '7')",1.0
"('16', '7', '1', '8')",0.0008100000000000016
"('16', '7', '2', '8')",0.1517190000000003
"('16', '7', '3', '8')",0.5522287999999993
"('16', '7', '4', '8')",0.9678444200000004
"('16', '7', '5', '8')",0.9999996819999984
"('16', '7', '6', '8')",1.0
"('16', '7', '7', '8')",1.0000000000000002
"('16', '7', '8', '8')",1.0
"('16', '7', '9', '8')",1.0000000000000002
"('17', '0', '1', '0')",0.0
"('17', '0', '2', '0')",0.0
"('17', '0', '3', '0')",0.0
"('17', '0', '4', '0')",0.0
"('17', '0', '5', '0')",0.0028600000000000014
"('17', '0', '6', '0')",0.03892200000000001
"('17', '0', '7', '0')",0.173412
"('17', '0', '8', '0')",0.41722110999999995
"('17', '0', '9', '0')",0.67995552
"('17', '0', '1', '1')",0.0
"('17', '0', '2', '1')",0.0
"('17', '0', '3', '1')",0.0
"('17', '0', '4', '1')",0.0
"('17', '0', '5', '1')",0.012071250000000002
"('17', '0', '6', '1')",0.10947343749999999
"('17', '0', '7', '1')",0.34594020312499996
"('17', '0', '8', '1')",0.632497652109375
"('17', '0', '9', '1')",0.8444391445390627
"('17', '0', '1', '2')",0.0
"('17', '0', '2', '2')",0.0
"('17', '0', '3', '2')",0.0
"('17', '0', '4', '2')",0.0
"('17', '0', '5', '2')",0.03432000000000001
"('17', '0', '6', '2')",0.22460100000000005
"('17', '0', '7', '2')",0.5389557000000001
"('17', '0', '8', '2')",0.8011449300000001
"('17', '0', '9', '2')",0.9367155100000003
"('17', '0', '1', '3')",0.0
"('17', '0', '2', '3')",0.0
"('17', '0', '3', '3')",0.0
"('17', '0', '4', '3')",0.0
"('17', '0', '5', '3')",0.07796874999999999
"('17', '0', '6', '3')",0.3796884374999999
"('17', '0', '7', '3')",0.7183904531249998
"('17', '0', '8', '3')",0.9108958396093749
"('17', '0', '9', '3')",0.9794576595703123
"('17', '0', '1', '4')",0.0
"('17', '0', '2', '4')",0.0
"('17', '0', '3', '4')",0.0
"('17', '0', '4', '4')",0.0
"('17', '0', '5', '4')",0.15317999999999998
"('17', '0', '6', '4')",0.559402
"('17', '0', '7', '4')",0.8581748
"('17', '0', '8', '4')",0.9691321500000001
"('17', '0', '9', '4')",0.9951305120000001
"('17', '0', '1', '5')",0.0
"('17', '0', '2', '5')",0.0
"('17', '0', '3', '5')",0.0
"('17', '0', '4', '5')",0.0
"('17', '0', '5', '5')",0.27176625
"('17', '0', '6', '5')",0.7394004375
"('17', '0', '7', '5')",0.946603078125
"('17', '0', '8', '5')",0.992797284609375
"('17', '0', '9', '5')",0.9992946703515625
"('17', '0', '1', '6')",0.0
"('17', '0', '2', '6')",0.0
"('17', '0', '3', '6')",0.0
"('17', '0', '4', '6')",0.0
"('17', '0', '5', '6')",0.5412825
"('17', '0', '6', '6')",0.9463786875000001
"('17', '0', '7', '6')",0.9971231625000001
"('17', '0', '8', '6')",0.9999079108593751
"('17', '0', '9', '6')",0.9999980021796875
"('17', '0', '1', '7')",0.0
"('17', '0', '2', '7')",0.0
"('17', '0', '3', '7')",0.0
"('17', '0', '4', '7')",0.0
"('17', '0', '5', '7')",0.91296
"('17', '0', '6', '7')",1.0
"('17', '0', '7', '7')",1.0
"('17', '0', '8', '7')",1.0
"('17', '0', '9', '7')",1.0
"('17', '0', '1', '8')",0.0
"('17', '0', '2', '8')",0.0
"('17', '0', '3', '8')",0.0
"('17', '0', '4', '8')",0.0
"('17', '0', '5', '8')",0.9995400000000003
"('17', '0', '6', '8')",1.0000000000000004
"('17', '0', '7', '8')",1.0000000000000004
"('17', '0', '8', '8')",1.0000000000000004
"('17', '0', '9', '8')",1.0000000000000004
"('17', '1', '1', '0')",0.0
"('17', '1', '2', '0')",0.0
"('17', '1', '3', '0')",0.0009340000000000012
"('17', '1', '4', '0')",0.006173029999999998
"('17', '1', '5', '0')",0.03063071099999985
"('17', '1', '6', '0')",0.12027818849999973
"('17', '1', '7', '0')",0.31719194528000005
"('17', '1', '8', '0')",0.5721940028910038
"('17', '1', '9', '0')",0.7946299221007999
"('17', '1', '1', '1')",0.0
"('17', '1', '2', '1')",0.0
"('17', '1', '3', '1')",0.0018352874999999996
"('17', '1', '4', '1')",0.012440487500000026
"('17', '1', '5', '1')",0.06218586074999995
"('17', '1', '6', '1')",0.22163613003281188
"('17', '1', '7', '1')",0.486357684313439
"('17', '1', '8', '1')",0.7430228748465034
"('17', '1', '9', '1')",0.9040985493245499
"('17', '1', '1', '2')",0.0
"('17', '1', '2', '2')",0.0
"('17', '1', '3', '2')",0.0029583999999999956
"('17', '1', '4', '2')",0.020816090000000023
"('17', '1', '5', '2')",0.10924395399999984
"('17', '1', '6', '2')",0.3508056549000009
"('17', '1', '7', '2')",0.6530120726699997
"('17', '1', '8', '2')",0.8667697058150026
"('17', '1', '9', '2')",0.9623137854799014
"('17', '1', '1', '3')",0.0
"('17', '1', '2', '3')",0.0
"('17', '1', '3', '3')",0.004832750000000005
"('17', '1', '4', '3')",0.03338583312499987
"('17', '1', '5', '3')",0.17805577796875066
"('17', '1', '6', '3')",0.5004557155781214
"('17', '1', '7', '3')",0.795935506919528
"('17', '1', '8', '3')",0.9423062623112026
"('17', '1', '9', '3')",0.9881379891839954
"('17', '1', '1', '4')",0.0
"('17', '1', '2', '4')",0.0
"('17', '1', '3', '4')",0.006877799999999986
"('17', '1', '4', '4')",0.04912895000000021
"('17', '1', '5', '4')",0.27287839000000014
"('17', '1', '6', '4')",0.6592651700000032
"('17', '1', '7', '4')",0.900665613160002
"('17', '1', '8', '4')",0.9805527380000016
"('17', '1', '9', '4')",0.9972676621579986
"('17', '1', '1', '5')",0.0
"('17', '1', '2', '5')",0.0
"('17', '1', '3', '5')",0.008336824999999954
"('17', '1', '4', '5')",0.07087107000000019
"('17', '1', '5', '5')",0.3972246070312502
"('17', '1', '6', '5')",0.8048927987718761
"('17', '1', '7', '5')",0.9638319127407818
"('17', '1', '8', '5')",0.9956003815820204
"('17', '1', '9', '5')",0.9996160887369232
"('17', '1', '1', '6')",0.0
"('17', '1', '2', '6')",0.0
"('17', '1', '3', '6')",0.012739274999999956
"('17', '1', '4', '6')",0.10717922812500034
"('17', '1', '5', '6')",0.6441190523437476
"('17', '1', '6', '6')",0.9622792401343732
"('17', '1', '7', '6')",0.998166696662185
"('17', '1', '8', '6')",0.9999472815995134
"('17', '1', '9', '6')",0.9999989837337231
"('17', '1', '1', '7')",0.0
"('17', '1', '2', '7')",0.0
"('17', '1', '3', '7')",0.01796879999999996
"('17', '1', '4', '7')",0.15561584000000048
"('17', '1', '5', '7')",0.9373813760000019
"('17', '1', '6', '7')",1.0
"('17', '1', '7', '7')",1.0
"('17', '1', '8', '7')",1.0
"('17', '1', '9', '7')",1.0
"('17', '1', '1', '8')",0.0
"('17', '1', '2', '8')",0.0
"('17', '1', '3', '8')",0.025064999999999907
"('17', '1', '4', '8')",0.20013514000000013
"('17', '1', '5', '8')",0.9996744920000024
"('17', '1', '6', '8')",1.0000000000000004
"('17', '1', '7', '8')",1.0000000000000002
"('17', '1', '8', '8')",1.0000000000000002
"('17', '1', '9', '8')",1.0000000000000004
"('17', '2', '1', '0')",0.0
"('17', '2', '2', '0')",0.00022600000000000023
"('17', '2', '3', '0')",0.0032964999999999934
"('17', '2', '4', '0')",0.017590410000000084
"('17', '2', '5', '0')",0.07342484999999963
"('17', '2', '6', '0')",0.2185268408999997
"('17', '2', '7', '0')",0.45472362211000017
"('17', '2', '8', '0')",0.6993143583899994
"('17', '2', '9', '0')",0.8756708589760012
"('17', '2', '1', '1')",0.0
"('17', '2', '2', '1')",0.00021824999999999983
"('17', '2', '3', '1')",0.0060262499999999926
"('17', '2', '4', '1')",0.031948985624999954
"('17', '2', '5', '1')",0.1259290529375007
"('17', '2', '6', '1')",0.3367054095093748
"('17', '2', '7', '1')",0.608857399402189
"('17', '2', '8', '1')",0.8280153781270196
"('17', '2', '9', '1')",0.9442533955747234
"('17', '2', '1', '2')",0.0
"('17', '2', '2', '2')",0.0005
"('17', '2', '3', '2')",0.009508999999999978
"('17', '2', '4', '2')",0.051299469999999806
"('17', '2', '5', '2')",0.19531131500000026
"('17', '2', '6', '2')",0.46877967769999784
"('17', '2', '7', '2')",0.747592224660002
"('17', '2', '8', '2')",0.9138223135679995
"('17', '2', '9', '2')",0.9787687227406003
"('17', '2', '1', '3')",0.0
"('17', '2', '2', '3')",0.00044299999999999965
"('17', '2', '3', '3')",0.013298924999999979
"('17', '2', '4', '3')",0.07733269500000016
"('17', '2', '5', '3')",0.2810059949687505
"('17', '2', '6', '3')",0.6091530370124997
"('17', '2', '7', '3')",0.8570002322271074
"('17', '2', '8', '3')",0.963897737035253
"('17', '2', '9', '3')",0.993570954398191
"('17', '2', '1', '4')",0.0
"('17', '2', '2', '4')",0.0006530000000000029
"('17', '2', '3', '4')",0.018796100000000038
"('17', '2', '4', '4')",0.10963758999999994
"('17', '2', '5', '4')",0.38529211000000074
"('17', '2', '6', '4')",0.7409228008000037
"('17', '2', '7', '4')",0.932669482580001
"('17', '2', '8', '4')",0.9882940988630021
"('17', '2', '9', '4')",0.9985555692708008
"('17', '2', '1', '5')",0.0
"('17', '2', '2', '5')",0.0007987499999999993
"('17', '2', '3', '5')",0.02342913750000003
"('17', '2', '4', '5')",0.14437734687499995
"('17', '2', '5', '5')",0.5079655483749986
"('17', '2', '6', '5')",0.8568770295640636
"('17', '2', '7', '5')",0.9762853692079696
"('17', '2', '8', '5')",0.9974290846054166
"('17', '2', '9', '5')",0.999802280618534
"('17', '2', '1', '6')",0.0
"('17', '2', '2', '6')",0.000873
"('17', '2', '3', '6')",0.034270312500000025
"('17', '2', '4', '6')",0.21170421812499965
"('17', '2', '5', '6')",0.7283737639687504
"('17', '2', '6', '6')",0.9741679005312511
"('17', '2', '7', '6')",0.9988787952026565
"('17', '2', '8', '6')",0.9999712862132782
"('17', '2', '9', '6')",0.9999995174399393
"('17', '2', '1', '7')",0.0
"('17', '2', '2', '7')",0.0014280000000000048
"('17', '2', '3', '7')",0.04709440000000009
"('17', '2', '4', '7')",0.2932044800000019
"('17', '2', '5', '7')",0.9556403199999999
"('17', '2', '6', '7')",1.0
"('17', '2', '7', '7')",1.0
"('17', '2', '8', '7')",1.0
"('17', '2', '9', '7')",1.0
"('17', '2', '1', '8')",0.0
"('17', '2', '2', '8')",0.0019279999999999976
"('17', '2', '3', '8')",0.06306740000000009
"('17', '2', '4', '8')",0.3815303900000011
"('17', '2', '5', '8')",0.9997745450000003
"('17', '2', '6', '8')",1.0000000000000004
"('17', '2', '7', '8')",1.0000000000000004
"('17', '2', '8', '8')",1.0000000000000002
"('17', '2', '9', '8')",1.0000000000000004
"('17', '3', '1', '0')",0.0
"('17', '3', '2', '0')",0.0006520000000000002
"('17', '3', '3', '0')",0.007438300000000005
"('17', '3', '4', '0')",0.036719909999999994
"('17', '3', '5', '0')",0.13012869199999977
"('17', '3', '6', '0')",0.3261230754000002
"('17', '3', '7', '0')",0.5826224119799992
"('17', '3', '8', '0')",0.7981202274580024
"('17', '3', '9', '0')",0.9285478646336015
"('17', '3', '1', '1')",0.0
"('17', '3', '2', '1')",0.0010119999999999975
"('17', '3', '3', '1')",0.012233600000000015
"('17', '3', '4', '1')",0.060274890624999744
"('17', '3', '5', '1')",0.20071171668750049
"('17', '3', '6', '1')",0.45116808549218784
"('17', '3', '7', '1')",0.713681056370628
"('17', '3', '8', '1')",0.8894417332119459
"('17', '3', '9', '1')",0.9691163847800054
"('17', '3', '1', '2')",0.0
"('17', '3', '2', '2')",0.0011769999999999966
"('17', '3', '3', '2')",0.018958100000000058
"('17', '3', '4', '2')",0.09094841999999971
"('17', '3', '5', '2')",0.2855948499999993
"('17', '3', '6', '2')",0.5771016302000024
"('17', '3', '7', '2')",0.8220889551599986
"('17', '3', '8', '2')",0.9465130271729975
"('17', '3', '9', '2')",0.9886154563549028
"('17', '3', '1', '3')",0.0
"('17', '3', '2', '3')",0.001766999999999998
"('17', '3', '3', '3')",0.0273789749999999
"('17', '3', '4', '3')",0.12867774187499992
"('17', '3', '5', '3')",0.37972007071875
"('17', '3', '6', '3')",0.6992089790031245
"('17', '3', '7', '3')",0.9031685070241415
"('17', '3', '8', '3')",0.9784648168989214
"('17', '3', '9', '3')",0.9966785290747289
"('17', '3', '1', '4')",0.0
"('17', '3', '2', '4')",0.002222999999999988
"('17', '3', '3', '4')",0.03645169999999986
"('17', '3', '4', '4')",0.17035106999999972
"('17', '3', '5', '4')",0.48872021300000057
"('17', '3', '6', '4')",0.8084093046000014
"('17', '3', '7', '4')",0.9560710963300028
"('17', '3', '8', '4')",0.9932262693969982
"('17', '3', '9', '4')",0.9992821912468
"('17', '3', '1', '5')",0.0
"('17', '3', '2', '5')",0.0024572499999999907
"('17', '3', '3', '5')",0.046815124999999895
"('17', '3', '4', '5')",0.2278784787500005
"('17', '3', '5', '5')",0.6049857263750005
"('17', '3', '6', '5')",0.8988476263484361
"('17', '3', '7', '5')",0.9850474292145334
"('17', '3', '8', '5')",0.9985764494919002
"('17', '3', '9', '5')",0.9999044190343286
"('17', '3', '1', '6')",0.0
"('17', '3', '2', '6')",0.0031637500000000042
"('17', '3', '3', '6')",0.06726771250000006
"('17', '3', '4', '6')",0.32044325437500043
"('17', '3', '5', '6')",0.7958092041249999
"('17', '3', '6', '6')",0.982710012693749
"('17', '3', '7', '6')",0.9993392669925806
"('17', '3', '8', '6')",0.9999852842993546
"('17', '3', '9', '6')",0.9999997875799788
"('17', '3', '1', '7')",0.0
"('17', '3', '2', '7')",0.003948000000000009
"('17', '3', '3', '7')",0.08979040000000031
"('17', '3', '4', '7')",0.41802656000000027
"('17', '3', '5', '7')",0.9694356479999989
"('17', '3', '6', '7')",1.0
"('17', '3', '7', '7')",1.0
"('17', '3', '8', '7')",1.0
"('17', '3', '9', '7')",1.0
"('17', '3', '1', '8')",0.0
"('17', '3', '2', '8')",0.005977999999999999
"('17', '3', '3', '8')",0.11491199999999963
"('17', '3', '4', '8')",0.5148806500000029
"('17', '3', '5', '8')",0.9998435599999987
"('17', '3', '6', '8')",1.0000000000000004
"('17', '3', '7', '8')",1.0000000000000002
"('17', '3', '8', '8')",1.0000000000000004
"('17', '3', '9', '8')",1.0000000000000004
"('17', '4', '1', '0')",0.0
"('17', '4', '2', '0')",0.0014670000000000026
"('17', '4', '3', '0')",0.013465600000000032
"('17', '4', '4', '0')",0.06257096999999984
"('17', '4', '5', '0')",0.19924858799999942
"('17', '4', '6', '0')",0.4354174363999994
"('17', '4', '7', '0')",0.6896261206099987
"('17', '4', '8', '0')",0.8722087639399982
"('17', '4', '9', '0')",0.9617685406816002
"('17', '4', '1', '1')",0.0
"('17', '4', '2', '1')",0.002101000000000005
"('17', '4', '3', '1')",0.021807412500000005
"('17', '4', '4', '1')",0.09782559374999965
"('17', '4', '5', '1')",0.28352278793750174
"('17', '4', '6', '1')",0.5573234755906248
"('17', '4', '7', '1')",0.796521693712185
"('17', '4', '8', '1')",0.9327793055220749
"('17', '4', '9', '1')",0.9841162885781833
"('17', '4', '1', '2')",0.0
"('17', '4', '2', '2')",0.0030679999999999974
"('17', '4', '3', '2')",0.03285659999999988
"('17', '4', '4', '2')",0.13864805000000055
"('17', '4', '5', '2')",0.37708247000000217
"('17', '4', '6', '2')",0.6727654584000002
"('17', '4', '7', '2')",0.8793006256900007
"('17', '4', '8', '2')",0.9691667356920024
"('17', '4', '9', '2')",0.9944629562970989
"('17', '4', '1', '3')",0.0
"('17', '4', '2', '3')",0.0033947499999999985
"('17', '4', '3', '3')",0.04443381250000008
"('17', '4', '4', '3')",0.1878134668749996
"('17', '4', '5', '3')",0.4784645374999998
"('17', '4', '6', '3')",0.7748390652515655
"('17', '4', '7', '3')",0.9364182406164835
"('17', '4', '8', '3')",0.9879119816184003
"('17', '4', '9', '3')",0.998408923617105
"('17', '4', '1', '4')",0.0
"('17', '4', '2', '4')",0.00470800000000002
"('17', '4', '3', '4')",0.057787799999999924
"('17', '4', '4', '4')",0.24558755000000004
"('17', '4', '5', '4')",0.5814692089999997
"('17', '4', '6', '4')",0.8631297335000006
"('17', '4', '7', '4')",0.9722199847400005
"('17', '4', '8', '4')",0.9963119124660013
"('17', '4', '9', '4')",0.9996714117695988
"('17', '4', '1', '5')",0.0
"('17', '4', '2', '5')",0.0066839999999999886
"('17', '4', '3', '5')",0.07343981250000041
"('17', '4', '4', '5')",0.3088778981250005
"('17', '4', '5', '5')",0.6906628045624988
"('17', '4', '6', '5')",0.9299290207390616
"('17', '4', '7', '5')",0.9908597494132808
"('17', '4', '8', '5')",0.9992511273538845
"('17', '4', '9', '5')",0.9999580709088622
"('17', '4', '1', '6')",0.0
"('17', '4', '2', '6')",0.007443000000000011
"('17', '4', '3', '6')",0.10120416250000017
"('17', '4', '4', '6')",0.4200229362500007
"('17', '4', '5', '6')",0.8499062985312529
"('17', '4', '6', '6')",0.9890351679749974
"('17', '4', '7', '6')",0.9996304619260948
"('17', '4', '8', '6')",0.9999929469501204
"('17', '4', '9', '6')",0.9999999136253698
"('17', '4', '1', '7')",0.0
"('17', '4', '2', '7')",0.009339999999999956
"('17', '4', '3', '7')",0.1354320000000002
"('17', '4', '4', '7')",0.5338843199999997
"('17', '4', '5', '7')",0.9801067519999975
"('17', '4', '6', '7')",1.0
"('17', '4', '7', '7')",1.0
"('17', '4', '8', '7')",1.0
"('17', '4', '9', '7')",1.0
"('17', '4', '1', '8')",0.0
"('17', '4', '2', '8')",0.013188000000000031
"('17', '4', '3', '8')",0.17244279999999973
"('17', '4', '4', '8')",0.6383259000000022
"('17', '4', '5', '8')",0.9998989830000009
"('17', '4', '6', '8')",1.0000000000000004
"('17', '4', '7', '8')",1.0000000000000002
"('17', '4', '8', '8')",1.0000000000000002
"('17', '4', '9', '8')",1.0000000000000004
"('17', '5', '1', '0')",0.0
"('17', '5', '2', '0')",0.002789000000000004
"('17', '5', '3', '0')",0.021494800000000047
"('17', '5', '4', '0')",0.09471840999999998
"('17', '5', '5', '0')",0.2749103710000003
"('17', '5', '6', '0')",0.5417464722000017
"('17', '5', '7', '0')",0.7809057570300013
"('17', '5', '8', '0')",0.9230834778410009
"('17', '5', '9', '0')",0.9814750353936004
"('17', '5', '1', '1')",0.0
"('17', '5', '2', '1')",0.004063750000000011
"('17', '5', '3', '1')",0.03433036249999992
"('17', '5', '4', '1')",0.14149038437499953
"('17', '5', '5', '1')",0.3717279698124988
"('17', '5', '6', '1')",0.652920193042186
"('17', '5', '7', '1')",0.8629509121732837
"('17', '5', '8', '1')",0.9614354825478402
"('17', '5', '9', '1')",0.9924805502254899
"('17', '5', '1', '2')",0.0
"('17', '5', '2', '2')",0.0053990000000000175
"('17', '5', '3', '2')",0.04981909999999996
"('17', '5', '4', '2')",0.1965198199999999
"('17', '5', '5', '2')",0.46824624600000003
"('17', '5', '6', '2')",0.7525848375000008
"('17', '5', '7', '2')",0.921192223480001
"('17', '5', '8', '2')",0.9827521026889988
"('17', '5', '9', '2')",0.9975101598477994
"('17', '5', '1', '3')",0.0
"('17', '5', '2', '3')",0.006892250000000004
"('17', '5', '3', '3')",0.06618061250000001
"('17', '5', '4', '3')",0.2556515856249988
"('17', '5', '5', '3')",0.567156961312502
"('17', '5', '6', '3')",0.8366685048999994
"('17', '5', '7', '3')",0.9607429298094532
"('17', '5', '8', '3')",0.9936143791362883
"('17', '5', '9', '3')",0.9993149900615772
"('17', '5', '1', '4')",0.0
"('17', '5', '2', '4')",0.008617999999999957
"('17', '5', '3', '4')",0.0865970999999998
"('17', '5', '4', '4')",0.3205220800000009
"('17', '5', '5', '4')",0.667024586999997
"('17', '5', '6', '4')",0.904501089999999
"('17', '5', '7', '4')",0.9834339242899987
"('17', '5', '8', '4')",0.9981163165750015
"('17', '5', '9', '4')",0.999862468243598
"('17', '5', '1', '5')",3.4999999999999977e-05
"('17', '5', '2', '5')",0.010663250000000037
"('17', '5', '3', '5')",0.10880041249999985
"('17', '5', '4', '5')",0.39393113374999916
"('17', '5', '5', '5')",0.7628277368437499
"('17', '5', '6', '5')",0.9532105038031212
"('17', '5', '7', '5')",0.9946977148233577
"('17', '5', '8', '5')",0.9996306742262668
"('17', '5', '9', '5')",0.999983115086593
"('17', '5', '1', '6')",0.0
"('17', '5', '2', '6')",0.013019500000000008
"('17', '5', '3', '6')",0.1452230749999991
"('17', '5', '4', '6')",0.5101744143750022
"('17', '5', '5', '6')",0.8932706704062517
"('17', '5', '6', '6')",0.9932698482140625
"('17', '5', '7', '6')",0.9998043226238283
"('17', '5', '8', '6')",0.9999968605673445
"('17', '5', '9', '6')",0.9999999697863511
"('17', '5', '1', '7')",0.0
"('17', '5', '2', '7')",0.018075999999999936
"('17', '5', '3', '7')",0.1904368
"('17', '5', '4', '7')",0.6264843199999987
"('17', '5', '5', '7')",0.9870571520000014
"('17', '5', '6', '7')",0.9999999999999999
"('17', '5', '7', '7')",1.0
"('17', '5', '8', '7')",1.0
"('17', '5', '9', '7')",0.9999999999999999
"('17', '5', '1', '8')",0.0
"('17', '5', '2', '8')",0.021654999999999883
"('17', '5', '3', '8')",0.24825440000000007
"('17', '5', '4', '8')",0.7282018700000027
"('17', '5', '5', '8')",0.9999351149999987
"('17', '5', '6', '8')",1.0000000000000002
"('17', '5', '7', '8')",1.0000000000000002
"('17', '5', '8', '8')",1.0000000000000002
"('17', '5', '9', '8')",1.0
"('17', '6', '1', '0')",0.0
"('17', '6', '2', '0')",0.004485999999999994
"('17', '6', '3', '0')",0.033531600000000134
"('17', '6', '4', '0')",0.1386353
"('17', '6', '5', '0')",0.36070388600000075
"('17', '6', '6', '0')",0.6402335414999998
"('17', '6', '7', '0')",0.8528386139999996
"('17', '6', '8', '0')",0.9571720672239996
"('17', '6', '9', '0')",0.9916744083791992
"('17', '6', '1', '1')",0.0
"('17', '6', '2', '1')",0.006473250000000004
"('17', '6', '3', '1')",0.05133412500000003
"('17', '6', '4', '1')",0.19450066812499978
"('17', '6', '5', '1')",0.4592978065625003
"('17', '6', '6', '1')",0.7379457084187504
"('17', '6', '7', '1')",0.9109082448966395
"('17', '6', '8', '1')",0.9793699228344802
"('17', '6', '9', '1')",0.9967842421280226
"('17', '6', '1', '2')",0.0
"('17', '6', '2', '2')",0.008608999999999995
"('17', '6', '3', '2')",0.07171750000000034
"('17', '6', '4', '2')",0.25608925000000027
"('17', '6', '5', '2')",0.5580384519999986
"('17', '6', '6', '2')",0.8213996599999991
"('17', '6', '7', '2')",0.9511376977100042
"('17', '6', '8', '2')",0.9912420520330018
"('17', '6', '9', '2')",0.9989592162246994
"('17', '6', '1', '3')",0.0
"('17', '6', '2', '3')",0.01119425000000001
"('17', '6', '3', '3')",0.09519816249999971
"('17', '6', '4', '3')",0.3219895918750005
"('17', '6', '5', '3')",0.6513528667499943
"('17', '6', '6', '3')",0.8864634229453122
"('17', '6', '7', '3')",0.9762610515817217
"('17', '6', '8', '3')",0.9968841018310275
"('17', '6', '9', '3')",0.9997321353452339
"('17', '6', '1', '4')",3.0000000000000126e-05
"('17', '6', '2', '4')",0.013227000000000004
"('17', '6', '3', '4')",0.12016939999999977
"('17', '6', '4', '4')",0.3967217700000009
"('17', '6', '5', '4')",0.7400215050000011
"('17', '6', '6', '4')",0.9362486167999985
"('17', '6', '7', '4')",0.99045994138
"('17', '6', '8', '4')",0.9991167204079984
"('17', '6', '9', '4')",0.999949352997197
"('17', '6', '1', '5')",3.499999999999996e-05
"('17', '6', '2', '5')",0.016719500000000057
"('17', '6', '3', '5')",0.14966767500000047
"('17', '6', '4', '5')",0.47569035249999875
"('17', '6', '5', '5')",0.8223490510937481
"('17', '6', '6', '5')",0.9698994360546865
"('17', '6', '7', '5')",0.9971097692689044
"('17', '6', '8', '5')",0.9998360989294455
"('17', '6', '9', '5')",0.9999939099146558
"('17', '6', '1', '6')",0.0
"('17', '6', '2', '6')",0.022698500000000045
"('17', '6', '3', '6')",0.19767377499999905
"('17', '6', '4', '6')",0.5945517687499976
"('17', '6', '5', '6')",0.925241863500002
"('17', '6', '6', '6')",0.9959860003609389
"('17', '6', '7', '6')",0.9999043035495281
"('17', '6', '8', '6')",0.9999987524383331
"('17', '6', '9', '6')",0.9999999906206862
"('17', '6', '1', '7')",0.0
"('17', '6', '2', '7')",0.027327999999999977
"('17', '6', '3', '7')",0.25072400000000034
"('17', '6', '4', '7')",0.706948320000003
"('17', '6', '5', '7')",0.9923112960000015
"('17', '6', '6', '7')",1.0
"('17', '6', '7', '7')",1.0
"('17', '6', '8', '7')",1.0
"('17', '6', '9', '7')",1.0
"('17', '6', '1', '8')",0.0
"('17', '6', '2', '8')",0.038106000000000015
"('17', '6', '3', '8')",0.3124740999999981
"('17', '6', '4', '8')",0.806682959999998
"('17', '6', '5', '8')",0.9999624320000015
"('17', '6', '6', '8')",1.0000000000000002
"('17', '6', '7', '8')",1.0000000000000002
"('17', '6', '8', '8')",1.0
"('17', '6', '9', '8')",1.0
"('17', '7', '1', '0')",0.0
"('17', '7', '2', '0')",0.006436000000000014
"('17', '7', '3', '0')",0.04947910000000005
"('17', '7', '4', '0')",0.18718084999999984
"('17', '7', '5', '0')",0.4515218659999988
"('17', '7', '6', '0')",0.7302749533999988
"('17', '7', '7', '0')",0.9068158839999985
"('17', '7', '8', '0')",0.9780179698510019
"('17', '7', '9', '0')",0.9966972895088015
"('17', '7', '1', '1')",0.0
"('17', '7', '2', '1')",0.009742750000000003
"('17', '7', '3', '1')",0.07219327500000026
"('17', '7', '4', '1')",0.25367153500000167
"('17', '7', '5', '1')",0.546249833906248
"('17', '7', '6', '1')",0.810641268724999
"('17', '7', '7', '1')",0.945742012810858
"('17', '7', '8', '1')",0.9899813942620284
"('17', '7', '9', '1')",0.9987954359677251
"('17', '7', '1', '2')",0.0
"('17', '7', '2', '2')",0.013317000000000028
"('17', '7', '3', '2')",0.09849590000000008
"('17', '7', '4', '2')",0.3231700799999987
"('17', '7', '5', '2')",0.6428231360000012
"('17', '7', '6', '2')",0.874494244900002
"('17', '7', '7', '2')",0.9716599403000002
"('17', '7', '8', '2')",0.9958846307150014
"('17', '7', '9', '2')",0.9996368030991983
"('17', '7', '1', '3')",2.5000000000000042e-05
"('17', '7', '2', '3')",0.0157985
"('17', '7', '3', '3')",0.1275729374999997
"('17', '7', '4', '3')",0.39752403562499977
"('17', '7', '5', '3')",0.7261757373749954
"('17', '7', '6', '3')",0.9242897231156226
"('17', '7', '7', '3')",0.9868427678738281
"('17', '7', '8', '3')",0.9985916653863524
"('17', '7', '9', '3')",0.999909178735124
"('17', '7', '1', '4')",3.000000000000014e-05
"('17', '7', '2', '4')",0.01978400000000014
"('17', '7', '3', '4')",0.15972389999999964
"('17', '7', '4', '4')",0.47379969999999827
"('17', '7', '5', '4')",0.8032238140000014
"('17', '7', '6', '4')",0.9589165200999982
"('17', '7', '7', '4')",0.9949635127900007
"('17', '7', '8', '4')",0.9996222384359975
"('17', '7', '9', '4')",0.999982793051998
"('17', '7', '1', '5')",0.0
"('17', '7', '2', '5')",0.023925249999999964
"('17', '7', '3', '5')",0.19688127500000005
"('17', '7', '4', '5')",0.5553732331250002
"('17', '7', '5', '5')",0.8709423439687515
"('17', '7', '6', '5')",0.9812796742906261
"('17', '7', '7', '5')",0.9985240242281226
"('17', '7', '8', '5')",0.9999315761076988
"('17', '7', '9', '5')",0.9999981152279589
"('17', '7', '1', '6')",8.99999999999998e-05
"('17', '7', '2', '6')",0.03158250000000009
"('17', '7', '3', '6')",0.24974993749999982
"('17', '7', '4', '6')",0.6705529681249978
"('17', '7', '5', '6')",0.9515185764999988
"('17', '7', '6', '6')",0.9978072450562478
"('17', '7', '7', '6')",0.9999563992515625
"('17', '7', '8', '6')",0.9999995574347855
"('17', '7', '9', '6')",0.9999999976068512
"('17', '7', '1', '7')",0.00018
"('17', '7', '2', '7')",0.04201599999999985
"('17', '7', '3', '7')",0.31576239999999867
"('17', '7', '4', '7')",0.7796456000000018
"('17', '7', '5', '7')",0.9955015679999991
"('17', '7', '6', '7')",1.0
"('17', '7', '7', '7')",1.0
"('17', '7', '8', '7')",1.0
"('17', '7', '9', '7')",0.9999999999999999
"('17', '7', '1', '8')",0.0
"('17', '7', '2', '8')",0.05534599999999992
"('17', '7', '3', '8')",0.39357509999999973
"('17', '7', '4', '8')",0.8649921899999996
"('17', '7', '5', '8')",0.9999784639999999
"('17', '7', '6', '8')",1.0000000000000002
"('17', '7', '7', '8')",1.0
"('17', '7', '8', '8')",1.0000000000000002
"('17', '7', '9', '8')",1.0
"('18', '0', '1', '0')",0.0
"('18', '0', '2', '0')",0.0
"('18', '0', '3', '0')",0.0
"('18', '0', '4', '0')",0.0
"('18', '0', '5', '0')",0.0006600000000000003
"('18', '0', '6', '0')",0.016146000000000008
"('18', '0', '7', '0')",0.09809760000000002
"('18', '0', '8', '0')",0.29138415
"('18', '0', '9', '0')",0.5521387799999999
"('18', '0', '1', '1')",0.0
"('18', '0', '2', '1')",0.0
"('18', '0', '3', '1')",0.0
"('18', '0', '4', '1')",0.0
"('18', '0', '5', '1')",0.0034509374999999996
"('18', '0', '6', '1')",0.05501406250000001
"('18', '0', '7', '1')",0.23101387499999998
"('18', '0', '8', '1')",0.5053112777343749
"('18', '0', '9', '1')",0.7561430947636718
"('18', '0', '1', '2')",0.0
"('18', '0', '2', '2')",0.0
"('18', '0', '3', '2')",0.0
"('18', '0', '4', '2')",0.0
"('18', '0', '5', '2')",0.011520000000000004
"('18', '0', '6', '2')",0.13078500000000004
"('18', '0', '7', '2')",0.4071786000000001
"('18', '0', '8', '2')",0.7018934100000002
"('18', '0', '9', '2')",0.8888322520000003
"('18', '0', '1', '3')",0.0
"('18', '0', '2', '3')",0.0
"('18', '0', '3', '3')",0.0
"('18', '0', '4', '3')",0.0
"('18', '0', '5', '3')",0.029882812499999994
"('18', '0', '6', '3')",0.25046381249999994
"('18', '0', '7', '3')",0.5980778437499998
"('18', '0', '8', '3')",0.8499441227343749
"('18', '0', '9', '3')",0.9593553394628904
"('18', '0', '1', '4')",0.0
"('18', '0', '2', '4')",0.0
"('18', '0', '3', '4')",0.0
"('18', '0', '4', '4')",0.0
"('18', '0', '5', '4')",0.06588
"('18', '0', '6', '4')",0.4124980000000001
"('18', '0', '7', '4')",0.7711578
"('18', '0', '8', '4')",0.9407252700000002
"('18', '0', '9', '4')",0.9890260460000002
"('18', '0', '1', '5')",0.0
"('18', '0', '2', '5')",0.0
"('18', '0', '3', '5')",0.0
"('18', '0', '4', '5')",0.0
"('18', '0', '5', '5')",0.1295896875
"('18', '0', '6', '5')",0.6035825625000001
"('18', '0', '7', '5')",0.9000596625
"('18', '0', '8', '5')",0.9837870152343751
"('18', '0', '9', '5')",0.9981435783496094
"('18', '0', '1', '6')",0.0
"('18', '0', '2', '6')",0.0
"('18', '0', '3', '6')",0.0
"('18', '0', '4', '6')",0.0
"('18', '0', '5', '6')",0.3054965625000001
"('18', '0', '6', '6')",0.8810420625000002
"('18', '0', '7', '6')",0.9916799625000002
"('18', '0', '8', '6')",0.9996701027343753
"('18', '0', '9', '6')",0.9999913509863284
"('18', '0', '1', '7')",0.0
"('18', '0', '2', '7')",0.0
"('18', '0', '3', '7')",0.0
"('18', '0', '4', '7')",0.0
"('18', '0', '5', '7')",0.6825599999999998
"('18', '0', '6', '7')",0.9999999999999999
"('18', '0', '7', '7')",0.9999999999999999
"('18', '0', '8', '7')",0.9999999999999999
"('18', '0', '9', '7')",0.9999999999999999
"('18', '0', '1', '8')",0.0
"('18', '0', '2', '8')",0.0
"('18', '0', '3', '8')",0.0
"('18', '0', '4', '8')",0.0
"('18', '0', '5', '8')",0.9914400000000003
"('18', '0', '6', '8')",1.0000000000000002
"('18', '0', '7', '8')",1.0000000000000002
"('18', '0', '8', '8')",1.0000000000000002
"('18', '0', '9', '8')",1.0000000000000002
"('18', '1', '1', '0')",0.0
"('18', '1', '2', '0')",0.0
"('18', '1', '3', '0')",0.00034759999999999826
"('18', '1', '4', '0')",0.003049330000000002
"('18', '1', '5', '0')",0.016258371000000035
"('18', '1', '6', '0')",0.07179330879999996
"('18', '1', '7', '0')",0.21700628196000038
"('18', '1', '8', '0')",0.448341296174
"('18', '1', '9', '0')",0.691036232163199
"('18', '1', '1', '1')",0.0
"('18', '1', '2', '1')",0.0
"('18', '1', '3', '1')",0.0007753499999999991
"('18', '1', '4', '1')",0.006347684375000023
"('18', '1', '5', '1')",0.03524109915625003
"('18', '1', '6', '1')",0.14278086263281278
"('18', '1', '7', '1')",0.3668346910547652
"('18', '1', '8', '1')",0.63392282039283
"('18', '1', '9', '1')",0.8389247299264196
"('18', '1', '1', '2')",0.0
"('18', '1', '2', '2')",0.0
"('18', '1', '3', '2')",0.001528199999999999
"('18', '1', '4', '2')",0.011639560000000024
"('18', '1', '5', '2')",0.06515738599999997
"('18', '1', '6', '2')",0.24250615440000048
"('18', '1', '7', '2')",0.5354392733199976
"('18', '1', '8', '2')",0.7884715358979988
"('18', '1', '9', '2')",0.9295189378341999
"('18', '1', '1', '3')",0.0
"('18', '1', '2', '3')",0.0
"('18', '1', '3', '3')",0.0025191250000000036
"('18', '1', '4', '3')",0.01993772812499995
"('18', '1', '5', '3')",0.1071171415937501
"('18', '1', '6', '3')",0.3739271431500006
"('18', '1', '7', '3')",0.6965048559482846
"('18', '1', '8', '3')",0.8976303598100941
"('18', '1', '9', '3')",0.9751227479137301
"('18', '1', '1', '4')",0.0
"('18', '1', '2', '4')",0.0
"('18', '1', '3', '4')",0.0038000999999999955
"('18', '1', '4', '4')",0.02908538999999996
"('18', '1', '5', '4')",0.16893546799999967
"('18', '1', '6', '4')",0.5277652516000018
"('18', '1', '7', '4')",0.8339330495700026
"('18', '1', '8', '4')",0.960914120155996
"('18', '1', '9', '4')",0.9934861620938035
"('18', '1', '1', '5')",0.0
"('18', '1', '2', '5')",0.0
"('18', '1', '3', '5')",0.005616450000000003
"('18', '1', '4', '5')",0.04247420687499993
"('18', '1', '5', '5')",0.2528753253750006
"('18', '1', '6', '5')",0.6928876221031245
"('18', '1', '7', '5')",0.9296907226788278
"('18', '1', '8', '5')",0.9896386285127625
"('18', '1', '9', '5')",0.9989250023089191
"('18', '1', '1', '6')",0.0
"('18', '1', '2', '6')",0.0
"('18', '1', '3', '6')",0.008721674999999967
"('18', '1', '4', '6')",0.07147004625
"('18', '1', '5', '6')",0.44029705190625085
"('18', '1', '6', '6')",0.9134368573500048
"('18', '1', '7', '6')",0.994487379759141
"('18', '1', '8', '6')",0.9998019005692768
"('18', '1', '9', '6')",0.9999953457031866
"('18', '1', '1', '7')",0.0
"('18', '1', '2', '7')",0.0
"('18', '1', '3', '7')",0.014865599999999994
"('18', '1', '4', '7')",0.1113777599999999
"('18', '1', '5', '7')",0.7620070399999991
"('18', '1', '6', '7')",1.0
"('18', '1', '7', '7')",1.0
"('18', '1', '8', '7')",1.0
"('18', '1', '9', '7')",0.9999999999999999
"('18', '1', '1', '8')",0.0
"('18', '1', '2', '8')",0.0
"('18', '1', '3', '8')",0.021033899999999953
"('18', '1', '4', '8')",0.1461548199999994
"('18', '1', '5', '8')",0.993747065999999
"('18', '1', '6', '8')",1.0000000000000004
"('18', '1', '7', '8')",1.0000000000000002
"('18', '1', '8', '8')",1.0000000000000002
"('18', '1', '9', '8')",1.0000000000000002
"('18', '2', '1', '0')",0.0
"('18', '2', '2', '0')",0.00012699999999999967
"('18', '2', '3', '0')",0.001526100000000009
"('18', '2', '4', '0')",0.010061419999999975
"('18', '2', '5', '0')",0.04468457599999976
"('18', '2', '6', '0')",0.14633918539999938
"('18', '2', '7', '0')",0.3415992088399983
"('18', '2', '8', '0')",0.5863007610949975
"('18', '2', '9', '0')",0.7948547430160002
"('18', '2', '1', '1')",0.0
"('18', '2', '2', '1')",0.00020100000000000025
"('18', '2', '3', '1')",0.0029274500000000037
"('18', '2', '4', '1')",0.018487485000000078
"('18', '2', '5', '1')",0.07884015587499991
"('18', '2', '6', '1')",0.239083208598437
"('18', '2', '7', '1')",0.4922378079217191
"('18', '2', '8', '1')",0.7389971433995081
"('18', '2', '9', '1')",0.8981086615615443
"('18', '2', '1', '2')",0.0
"('18', '2', '2', '2')",0.0002519999999999995
"('18', '2', '3', '2')",0.004986900000000021
"('18', '2', '4', '2')",0.030988809999999846
"('18', '2', '5', '2')",0.12904059899999923
"('18', '2', '6', '2')",0.3564649872999995
"('18', '2', '7', '2')",0.6429533701199995
"('18', '2', '8', '2')",0.8554624962120003
"('18', '2', '9', '2')",0.9573653636913976
"('18', '2', '1', '3')",0.0
"('18', '2', '2', '3')",0.00041450000000000026
"('18', '2', '3', '3')",0.007801149999999989
"('18', '2', '4', '3')",0.04734562812499985
"('18', '2', '5', '3')",0.19174164634375052
"('18', '2', '6', '3')",0.4873011239734369
"('18', '2', '7', '3')",0.7762870333839832
"('18', '2', '8', '3')",0.9326845330479633
"('18', '2', '9', '3')",0.9854385539639179
"('18', '2', '1', '4')",0.0
"('18', '2', '2', '4')",0.00040299999999999933
"('18', '2', '3', '4')",0.011777400000000026
"('18', '2', '4', '4')",0.06908601999999987
"('18', '2', '5', '4')",0.27028819200000176
"('18', '2', '6', '4')",0.627862244300003
"('18', '2', '7', '4')",0.8809411808500007
"('18', '2', '8', '4')",0.9750053878290028
"('18', '2', '9', '4')",0.9962698652751998
"('18', '2', '1', '5')",0.0
"('18', '2', '2', '5')",0.0005377500000000011
"('18', '2', '3', '5')",0.015014400000000015
"('18', '2', '4', '5')",0.09643676312500012
"('18', '2', '5', '5')",0.3695154055937489
"('18', '2', '6', '5')",0.7669972388937502
"('18', '2', '7', '5')",0.9515589734111719
"('18', '2', '8', '5')",0.9935713294920238
"('18', '2', '9', '5')",0.9994066375365095
"('18', '2', '1', '6')",0.0
"('18', '2', '2', '6')",0.0005985000000000005
"('18', '2', '3', '6')",0.02394056250000002
"('18', '2', '4', '6')",0.1495336068749996
"('18', '2', '5', '6')",0.5571327885
"('18', '2', '6', '6')",0.938645542367187
"('18', '2', '7', '6')",0.9964577280546084
"('18', '2', '8', '6')",0.9998853644312701
"('18', '2', '9', '6')",0.9999976127070045
"('18', '2', '1', '7')",0.0
"('18', '2', '2', '7')",0.0007999999999999995
"('18', '2', '3', '7')",0.03674399999999998
"('18', '2', '4', '7')",0.22190543999999907
"('18', '2', '5', '7')",0.8260208640000004
"('18', '2', '6', '7')",1.0
"('18', '2', '7', '7')",1.0
"('18', '2', '8', '7')",1.0
"('18', '2', '9', '7')",0.9999999999999999
"('18', '2', '1', '8')",0.0
"('18', '2', '2', '8')",0.0011100000000000023
"('18', '2', '3', '8')",0.05325330000000003
"('18', '2', '4', '8')",0.27989317999999996
"('18', '2', '5', '8')",0.9954789180000018
"('18', '2', '6', '8')",1.0000000000000002
"('18', '2', '7', '8')",1.0000000000000004
"('18', '2', '8', '8')",1.0000000000000004
"('18', '2', '9', '8')",1.0000000000000004
"('18', '3', '1', '0')",0.0
"('18', '3', '2', '0')",0.0005340000000000015
"('18', '3', '3', '0')",0.0038821000000000033
"('18', '3', '4', '0')",0.02110789999999992
"('18', '3', '5', '0')",0.08230989599999988
"('18', '3', '6', '0')",0.23138912240000084
"('18', '3', '7', '0')",0.4645296780199981
"('18', '3', '8', '0')",0.701534057083003
"('18', '3', '9', '0')",0.8713730518587984
"('18', '3', '1', '1')",0.0
"('18', '3', '2', '1')",0.0005737499999999995
"('18', '3', '3', '1')",0.00669583750000001
"('18', '3', '4', '1')",0.037513961250000005
"('18', '3', '5', '1')",0.13584510362500013
"('18', '3', '6', '1')",0.34230560657968795
"('18', '3', '7', '1')",0.6067045207053113
"('18', '3', '8', '1')",0.8194163939991802
"('18', '3', '9', '1')",0.9388707603285034
"('18', '3', '1', '2')",0.0
"('18', '3', '2', '2')",0.0009570000000000028
"('18', '3', '3', '2')",0.010566700000000056
"('18', '3', '4', '2')",0.05802068000000003
"('18', '3', '5', '2')",0.20053318099999928
"('18', '3', '6', '2')",0.4628122212999997
"('18', '3', '7', '2')",0.7341839993700003
"('18', '3', '8', '2')",0.9038521774650012
"('18', '3', '9', '2')",0.9751704186057985
"('18', '3', '1', '3')",0.0
"('18', '3', '2', '3')",0.0009962499999999948
"('18', '3', '3', '3')",0.015386924999999961
"('18', '3', '4', '3')",0.083431255625
"('18', '3', '5', '3')",0.2811014780625006
"('18', '3', '6', '3')",0.5892728199593781
"('18', '3', '7', '3')",0.8404053229197653
"('18', '3', '8', '3')",0.9570127723386634
"('18', '3', '9', '3')",0.9918501965096933
"('18', '3', '1', '4')",0.0
"('18', '3', '2', '4')",0.0014309999999999985
"('18', '3', '3', '4')",0.02168739999999992
"('18', '3', '4', '4')",0.11691087999999954
"('18', '3', '5', '4')",0.3705031169999983
"('18', '3', '6', '4')",0.7139514902000005
"('18', '3', '7', '4')",0.918257601549998
"('18', '3', '8', '4')",0.9846030401199993
"('18', '3', '9', '4')",0.9979814357658001
"('18', '3', '1', '5')",0.0
"('18', '3', '2', '5')",0.0014334999999999999
"('18', '3', '3', '5')",0.02983852500000008
"('18', '3', '4', '5')",0.15525896625000032
"('18', '3', '5', '5')",0.4770417471874997
"('18', '3', '6', '5')",0.8268434997968737
"('18', '3', '7', '5')",0.9677301664435138
"('18', '3', '8', '5')",0.9962008217722361
"('18', '3', '9', '5')",0.9996907945850491
"('18', '3', '1', '6')",0.0
"('18', '3', '2', '6')",0.002216250000000003
"('18', '3', '3', '6')",0.04464536249999995
"('18', '3', '4', '6')",0.22741178249999985
"('18', '3', '5', '6')",0.6558586440937499
"('18', '3', '6', '6')",0.9573792874546871
"('18', '3', '7', '6')",0.9978077294826548
"('18', '3', '8', '6')",0.999936764101392
"('18', '3', '9', '6')",0.9999988612632746
"('18', '3', '1', '7')",0.0
"('18', '3', '2', '7')",0.0025760000000000023
"('18', '3', '3', '7')",0.06306960000000045
"('18', '3', '4', '7')",0.3273353600000009
"('18', '3', '5', '7')",0.8760332800000024
"('18', '3', '6', '7')",1.0
"('18', '3', '7', '7')",1.0
"('18', '3', '8', '7')",1.0
"('18', '3', '9', '7')",1.0
"('18', '3', '1', '8')",0.0
"('18', '3', '2', '8')",0.002655999999999996
"('18', '3', '3', '8')",0.08676479999999985
"('18', '3', '4', '8')",0.4006295400000005
"('18', '3', '5', '8')",0.9968512120000039
"('18', '3', '6', '8')",1.0000000000000002
"('18', '3', '7', '8')",1.0000000000000002
"('18', '3', '8', '8')",1.0000000000000004
"('18', '3', '9', '8')",1.0000000000000004
"('18', '4', '1', '0')",0.0
"('18', '4', '2', '0')",0.0009159999999999975
"('18', '4', '3', '0')",0.007441400000000012
"('18', '4', '4', '0')",0.03851353000000011
"('18', '4', '5', '0')",0.1328432599999998
"('18', '4', '6', '0')",0.32557385399999894
"('18', '4', '7', '0')",0.5764018236999978
"('18', '4', '8', '0')",0.7927181196400015
"('18', '4', '9', '0')",0.9235119784059991
"('18', '4', '1', '1')",0.0
"('18', '4', '2', '1')",0.001397499999999996
"('18', '4', '3', '1')",0.012840074999999979
"('18', '4', '4', '1')",0.06196676312499972
"('18', '4', '5', '1')",0.20054186831250084
"('18', '4', '6', '1')",0.4458791553984374
"('18', '4', '7', '1')",0.7020897628776551
"('18', '4', '8', '1')",0.880802196074484
"('18', '4', '9', '1')",0.9652185788067834
"('18', '4', '1', '2')",0.0
"('18', '4', '2', '2')",0.0020230000000000035
"('18', '4', '3', '2')",0.019528500000000053
"('18', '4', '4', '2')",0.09261021999999992
"('18', '4', '5', '2')",0.28007232800000154
"('18', '4', '6', '2')",0.5633864873999996
"('18', '4', '7', '2')",0.8074902195000001
"('18', '4', '8', '2')",0.9396041806379987
"('18', '4', '9', '2')",0.9863531828284005
"('18', '4', '1', '3')",0.0
"('18', '4', '2', '3')",0.0024332499999999996
"('18', '4', '3', '3')",0.027783212500000116
"('18', '4', '4', '3')",0.12759585375000024
"('18', '4', '5', '3')",0.3677537699999979
"('18', '4', '6', '3')",0.6776646216703112
"('18', '4', '7', '3')",0.8883963687252323
"('18', '4', '8', '3')",0.9738398527633866
"('18', '4', '9', '3')",0.9956994661511731
"('18', '4', '1', '4')",0.0
"('18', '4', '2', '4')",0.0028940000000000007
"('18', '4', '3', '4')",0.03741900000000006
"('18', '4', '4', '4')",0.17175716999999946
"('18', '4', '5', '4')",0.4650995600000003
"('18', '4', '6', '4')",0.7826369012999992
"('18', '4', '7', '4')",0.94527291372
"('18', '4', '8', '4')",0.9909864928539981
"('18', '4', '9', '4')",0.9989766123010004
"('18', '4', '1', '5')",0.0
"('18', '4', '2', '5')",0.00337575
"('18', '4', '3', '5')",0.048806924999999994
"('18', '4', '4', '5')",0.22161524312500036
"('18', '4', '5', '5')",0.5685082991874993
"('18', '4', '6', '5')",0.87469499702031
"('18', '4', '7', '5')",0.9791669621979668
"('18', '4', '8', '5')",0.9978415414425666
"('18', '4', '9', '5')",0.9998488181239047
"('18', '4', '1', '6')",0.0
"('18', '4', '2', '6')",0.004469000000000004
"('18', '4', '3', '6')",0.07147879999999977
"('18', '4', '4', '6')",0.31451949499999954
"('18', '4', '5', '6')",0.7364635285312529
"('18', '4', '6', '6')",0.9711516401812494
"('18', '4', '7', '6')",0.9986875150212535
"('18', '4', '8', '6')",0.9999674350385743
"('18', '4', '9', '6')",0.9999994886597295
"('18', '4', '1', '7')",0.0
"('18', '4', '2', '7')",0.006716000000000013
"('18', '4', '3', '7')",0.09736559999999986
"('18', '4', '4', '7')",0.4280908799999998
"('18', '4', '5', '7')",0.9133864960000017
"('18', '4', '6', '7')",1.0
"('18', '4', '7', '7')",1.0
"('18', '4', '8', '7')",1.0
"('18', '4', '9', '7')",0.9999999999999999
"('18', '4', '1', '8')",0.0
"('18', '4', '2', '8')",0.0072459999999999955
"('18', '4', '3', '8')",0.12734200000000018
"('18', '4', '4', '8')",0.5096816
"('18', '4', '5', '8')",0.9978561540000024
"('18', '4', '6', '8')",1.0000000000000004
"('18', '4', '7', '8')",1.0000000000000004
"('18', '4', '8', '8')",1.0000000000000004
"('18', '4', '9', '8')",1.0000000000000004
"('18', '5', '1', '0')",0.0
"('18', '5', '2', '0')",0.0016829999999999998
"('18', '5', '3', '0')",0.012489000000000106
"('18', '5', '4', '0')",0.06107738000000006
"('18', '5', '5', '0')",0.19401583300000008
"('18', '5', '6', '0')",0.4254238718000009
"('18', '5', '7', '0')",0.6815757557200006
"('18', '5', '8', '0')",0.8645933794550028
"('18', '5', '9', '0')",0.9576712805632
"('18', '5', '1', '1')",0.0
"('18', '5', '2', '1')",0.002476249999999991
"('18', '5', '3', '1')",0.020822374999999924
"('18', '5', '4', '1')",0.0946681237500003
"('18', '5', '5', '1')",0.27393308925000115
"('18', '5', '6', '1')",0.5428228109406208
"('18', '5', '7', '1')",0.783749959025152
"('18', '5', '8', '1')",0.925266055432758
"('18', '5', '9', '1')",0.981288872363388
"('18', '5', '1', '2')",0.0
"('18', '5', '2', '2')",0.0035379999999999947
"('18', '5', '3', '2')",0.030557500000000043
"('18', '5', '4', '2')",0.13288377999999956
"('18', '5', '5', '2')",0.3642003029999993
"('18', '5', '6', '2')",0.6536272963000012
"('18', '5', '7', '2')",0.8656571356699998
"('18', '5', '8', '2')",0.9635974509699995
"('18', '5', '9', '2')",0.9930364673815003
"('18', '5', '1', '3')",0.0
"('18', '5', '2', '3')",0.003910249999999998
"('18', '5', '3', '3')",0.04345411249999988
"('18', '5', '4', '3')",0.1795247999999993
"('18', '5', '5', '3')",0.455893511468749
"('18', '5', '6', '3')",0.7540782720234366
"('18', '5', '7', '3')",0.9258040822699981
"('18', '5', '8', '3')",0.984745313683982
"('18', '5', '9', '3')",0.9978696563946393
"('18', '5', '1', '4')",0.0
"('18', '5', '2', '4')",0.005343999999999987
"('18', '5', '3', '4')",0.056700099999999774
"('18', '5', '4', '4')",0.23205912000000048
"('18', '5', '5', '4')",0.5553339449999962
"('18', '5', '6', '4')",0.8404993568999991
"('18', '5', '7', '4')",0.9647130340200004
"('18', '5', '8', '4')",0.995007933858
"('18', '5', '9', '4')",0.9995163845174003
"('18', '5', '1', '5')",0.0
"('18', '5', '2', '5')",0.00651550000000002
"('18', '5', '3', '5')",0.07169341250000011
"('18', '5', '4', '5')",0.2945075362500004
"('18', '5', '5', '5')",0.6535513770937492
"('18', '5', '6', '5')",0.9113202803906237
"('18', '5', '7', '5')",0.9871596106859374
"('18', '5', '8', '5')",0.9988442044374587
"('18', '5', '9', '5')",0.9999309196209402
"('18', '5', '1', '6')",4.5e-05
"('18', '5', '2', '6')",0.007629749999999988
"('18', '5', '3', '6')",0.10526634999999983
"('18', '5', '4', '6')",0.3989300362500003
"('18', '5', '5', '6')",0.8031326728437478
"('18', '5', '6', '6')",0.9813286761999997
"('18', '5', '7', '6')",0.9992594351129681
"('18', '5', '8', '6')",0.9999840300910289
"('18', '5', '9', '6')",0.9999997896729101
"('18', '5', '1', '7')",0.0
"('18', '5', '2', '7')",0.011000000000000015
"('18', '5', '3', '7')",0.13995599999999966
"('18', '5', '4', '7')",0.5158745599999995
"('18', '5', '5', '7')",0.9403809279999988
"('18', '5', '6', '7')",0.9999999999999999
"('18', '5', '7', '7')",1.0
"('18', '5', '8', '7')",1.0
"('18', '5', '9', '7')",1.0
"('18', '5', '1', '8')",0.0
"('18', '5', '2', '8')",0.015947000000000027
"('18', '5', '3', '8')",0.18200040000000015
"('18', '5', '4', '8')",0.6079562599999995
"('18', '5', '5', '8')",0.9986009330000015
"('18', '5', '6', '8')",1.0000000000000002
"('18', '5', '7', '8')",1.0000000000000002
"('18', '5', '8', '8')",1.0000000000000002
"('18', '5', '9', '8')",1.0000000000000002
"('18', '6', '1', '0')",1.0000000000000018e-05
"('18', '6', '2', '0')",0.0026300000000000047
"('18', '6', '3', '0')",0.020654899999999966
"('18', '6', '4', '0')",0.09140283000000034
"('18', '6', '5', '0')",0.26586930400000003
"('18', '6', '6', '0')",0.5228544444000021
"('18', '6', '7', '0')",0.7678691472299994
"('18', '6', '8', '0')",0.9156124794539998
"('18', '6', '9', '0')",0.9781924300696015
"('18', '6', '1', '1')",0.0
"('18', '6', '2', '1')",0.0037040000000000016
"('18', '6', '3', '1')",0.03172725000000016
"('18', '6', '4', '1')",0.13302822187500019
"('18', '6', '5', '1')",0.3544563269374987
"('18', '6', '6', '1')",0.6339240514437515
"('18', '6', '7', '1')",0.8485779708995344
"('18', '6', '8', '1')",0.9553788981213676
"('18', '6', '9', '1')",0.9908750945891854
"('18', '6', '1', '2')",0.0
"('18', '6', '2', '2')",0.005674000000000001
"('18', '6', '3', '2')",0.0458042
"('18', '6', '4', '2')",0.1816340199999997
"('18', '6', '5', '2')",0.4469136199999991
"('18', '6', '6', '2')",0.7324239068999999
"('18', '6', '7', '2')",0.9101055404699995
"('18', '6', '8', '2')",0.9793481551790016
"('18', '6', '9', '2')",0.9966903960013013
"('18', '6', '1', '3')",2.5e-05
"('18', '6', '2', '3')",0.006743000000000015
"('18', '6', '3', '3')",0.06188359999999997
"('18', '6', '4', '3')",0.23810229062499955
"('18', '6', '5', '3')",0.543507528593751
"('18', '6', '6', '3')",0.8168251885515614
"('18', '6', '7', '3')",0.9518324547990624
"('18', '6', '8', '3')",0.9917375159401516
"('18', '6', '9', '3')",0.9990404413820835
"('18', '6', '1', '4')",3.0000000000000218e-05
"('18', '6', '2', '4')",0.00823399999999999
"('18', '6', '3', '4')",0.07985840000000012
"('18', '6', '4', '4')",0.29739984999999935
"('18', '6', '5', '4')",0.634504784000001
"('18', '6', '6', '4')",0.8859498470000029
"('18', '6', '7', '4')",0.9781443438000009
"('18', '6', '8', '4')",0.9973648969180008
"('18', '6', '9', '4')",0.9997895840812031
"('18', '6', '1', '5')",0.0
"('18', '6', '2', '5')",0.00955725000000004
"('18', '6', '3', '5')",0.1021303125000003
"('18', '6', '4', '5')",0.3678502856250004
"('18', '6', '5', '5')",0.726995577750002
"('18', '6', '6', '5')",0.938755583623438
"('18', '6', '7', '5')",0.9923887620785924
"('18', '6', '8', '5')",0.9994249730969897
"('18', '6', '9', '5')",0.9999714444758246
"('18', '6', '1', '6')",0.0
"('18', '6', '2', '6')",0.013291750000000007
"('18', '6', '3', '6')",0.13957286249999992
"('18', '6', '4', '6')",0.47676778500000017
"('18', '6', '5', '6')",0.8554597881875002
"('18', '6', '6', '6')",0.9882319016343776
"('18', '6', '7', '6')",0.9995995805588264
"('18', '6', '8', '6')",0.9999926994767874
"('18', '6', '9', '6')",0.9999999228578053
"('18', '6', '1', '7')",0.0
"('18', '6', '2', '7')",0.015532000000000044
"('18', '6', '3', '7')",0.18767119999999998
"('18', '6', '4', '7')",0.6002910399999978
"('18', '6', '5', '7')",0.9603043839999962
"('18', '6', '6', '7')",1.0
"('18', '6', '7', '7')",0.9999999999999999
"('18', '6', '8', '7')",1.0
"('18', '6', '9', '7')",1.0
"('18', '6', '1', '8')",0.0
"('18', '6', '2', '8')",0.021925000000000035
"('18', '6', '3', '8')",0.24698849999999936
"('18', '6', '4', '8')",0.6931185399999995
"('18', '6', '5', '8')",0.9991171109999999
"('18', '6', '6', '8')",1.0000000000000002
"('18', '6', '7', '8')",1.0000000000000002
"('18', '6', '8', '8')",1.0000000000000002
"('18', '6', '9', '8')",1.0000000000000002
"('18', '7', '1', '0')",9.999999999999997e-06
"('18', '7', '2', '0')",0.004315000000000022
"('18', '7', '3', '0')",0.030871899999999956
"('18', '7', '4', '0')",0.12728463999999937
"('18', '7', '5', '0')",0.342943911
"('18', '7', '6', '0')",0.6181356890999979
"('18', '7', '7', '0')",0.8375575635799998
"('18', '7', '8', '0')",0.9507333548040012
"('18', '7', '9', '0')",0.9898834397575972
"('18', '7', '1', '1')",0.0
"('18', '7', '2', '1')",0.006144000000000008
"('18', '7', '3', '1')",0.04674118749999983
"('18', '7', '4', '1')",0.17958906687499943
"('18', '7', '5', '1')",0.4340818993750007
"('18', '7', '6', '1')",0.716362801970313
"('18', '7', '7', '1')",0.8992375092677323
"('18', '7', '8', '1')",0.9754165722710132
"('18', '7', '9', '1')",0.9958599824737888
"('18', '7', '1', '2')",2.0000000000000076e-05
"('18', '7', '2', '2')",0.008077999999999998
"('18', '7', '3', '2')",0.06434000000000005
"('18', '7', '4', '2')",0.23611876000000037
"('18', '7', '5', '2')",0.5308451769999967
"('18', '7', '6', '2')",0.8019424465000002
"('18', '7', '7', '2')",0.9424225453100039
"('18', '7', '8', '2')",0.9887816771159982
"('18', '7', '9', '2')",0.9985965663607014
"('18', '7', '1', '3')",0.0
"('18', '7', '2', '3')",0.01040275
"('18', '7', '3', '3')",0.08590972499999994
"('18', '7', '4', '3')",0.30014595312499986
"('18', '7', '5', '3')",0.6227939918749992
"('18', '7', '6', '3')",0.8687302410953154
"('18', '7', '7', '3')",0.9708460070825805
"('18', '7', '8', '3')",0.9957313519813145
"('18', '7', '9', '3')",0.9996014391344042
"('18', '7', '1', '4')",0.0
"('18', '7', '2', '4')",0.012718999999999961
"('18', '7', '3', '4')",0.1101968
"('18', '7', '4', '4')",0.3663661699999994
"('18', '7', '5', '4')",0.7114811939999995
"('18', '7', '6', '4')",0.921341954399998
"('18', '7', '7', '4')",0.987334336259998
"('18', '7', '8', '4')",0.9986932553009995
"('18', '7', '9', '4')",0.9999165019354003
"('18', '7', '1', '5')",0.0
"('18', '7', '2', '5')",0.014821750000000043
"('18', '7', '3', '5')",0.13410918750000042
"('18', '7', '4', '5')",0.4398053600000004
"('18', '7', '5', '5')",0.7933264389062529
"('18', '7', '6', '5')",0.9600783750203135
"('18', '7', '7', '5')",0.9957834592817181
"('18', '7', '8', '5')",0.9997296864236818
"('18', '7', '9', '5')",0.9999890639129443
"('18', '7', '1', '6')",0.0
"('18', '7', '2', '6')",0.01943800000000009
"('18', '7', '3', '6')",0.18539768749999988
"('18', '7', '4', '6')",0.5593910124999998
"('18', '7', '5', '6')",0.8992635883749995
"('18', '7', '6', '6')",0.9929893799484422
"('18', '7', '7', '6')",0.9998001078431229
"('18', '7', '8', '6')",0.9999970321334056
"('18', '7', '9', '6')",0.9999999751951432
"('18', '7', '1', '7')",6.000000000000021e-05
"('18', '7', '2', '7')",0.02293200000000005
"('18', '7', '3', '7')",0.24029599999999998
"('18', '7', '4', '7')",0.6816684800000015
"('18', '7', '5', '7')",0.9757777920000006
"('18', '7', '6', '7')",1.0
"('18', '7', '7', '7')",1.0
"('18', '7', '8', '7')",1.0
"('18', '7', '9', '7')",1.0
"('18', '7', '1', '8')",0.0
"('18', '7', '2', '8')",0.030994999999999887
"('18', '7', '3', '8')",0.300383299999999
"('18', '7', '4', '8')",0.7528841400000013
"('18', '7', '5', '8')",0.999460302999999
"('18', '7', '6', '8')",1.0000000000000002
"('18', '7', '7', '8')",1.0000000000000002
"('18', '7', '8', '8')",1.0000000000000002
"('18', '7', '9', '8')",1.0000000000000002
"('19', '0', '1', '0')",0.0
"('19', '0', '2', '0')",0.0
"('19', '0', '3', '0')",0.0
"('19', '0', '4', '0')",0.0
"('19', '0', '5', '0')",0.00011000000000000006
"('19', '0', '6', '0')",0.005822000000000002
"('19', '0', '7', '0')",0.05029250000000002
"('19', '0', '8', '0')",0.18829799000000003
"('19', '0', '9', '0')",0.421761465
"('19', '0', '1', '1')",0.0
"('19', '0', '2', '1')",0.0
"('19', '0', '3', '1')",0.0
"('19', '0', '4', '1')",0.0
"('19', '0', '5', '1')",0.00070875
"('19', '0', '6', '1')",0.024238125
"('19', '0', '7', '1')",0.14136957812499998
"('19', '0', '8', '1')",0.379080426171875
"('19', '0', '9', '1')",0.6485505279531251
"('19', '0', '1', '2')",0.0
"('19', '0', '2', '2')",0.0
"('19', '0', '3', '2')",0.0
"('19', '0', '4', '2')",0.0
"('19', '0', '5', '2')",0.0027200000000000006
"('19', '0', '6', '2')",0.06721600000000003
"('19', '0', '7', '2')",0.28492920000000005
"('19', '0', '8', '2')",0.5857261300000002
"('19', '0', '9', '2')",0.8206702400000002
"('19', '0', '1', '3')",0.0
"('19', '0', '2', '3')",0.0
"('19', '0', '3', '3')",0.0
"('19', '0', '4', '3')",0.0
"('19', '0', '5', '3')",0.0078125
"('19', '0', '6', '3')",0.14671812499999995
"('19', '0', '7', '3')",0.4668139531249999
"('19', '0', '8', '3')",0.7665009286718749
"('19', '0', '9', '3')",0.9261244010390622
"('19', '0', '1', '4')",0.0
"('19', '0', '2', '4')",0.0
"('19', '0', '3', '4')",0.0
"('19', '0', '4', '4')",0.0
"('19', '0', '5', '4')",0.018629999999999994
"('19', '0', '6', '4')",0.271962
"('19', '0', '7', '4')",0.6590773000000001
"('19', '0', '8', '4')",0.8950883900000003
"('19', '0', '9', '4')",0.9772234690000003
"('19', '0', '1', '5')",0.0
"('19', '0', '2', '5')",0.0
"('19', '0', '3', '5')",0.0
"('19', '0', '4', '5')",0.0
"('19', '0', '5', '5')",0.039016249999999995
"('19', '0', '6', '5')",0.445167625
"('19', '0', '7', '5')",0.8274517031249999
"('19', '0', '8', '5')",0.9665744286718749
"('19', '0', '9', '5')",0.995488608125
"('19', '0', '1', '6')",0.0
"('19', '0', '2', '6')",0.0
"('19', '0', '3', '6')",0.0
"('19', '0', '4', '6')",0.0
"('19', '0', '5', '6')",0.11071687500000002
"('19', '0', '6', '6')",0.7664068125000003
"('19', '0', '7', '6')",0.9781995375000002
"('19', '0', '8', '6')",0.9989244949218753
"('19', '0', '9', '6')",0.9999660495585941
"('19', '0', '1', '7')",0.0
"('19', '0', '2', '7')",0.0
"('19', '0', '3', '7')",0.0
"('19', '0', '4', '7')",0.0
"('19', '0', '5', '7')",0.3369599999999999
"('19', '0', '6', '7')",0.995904
"('19', '0', '7', '7')",1.0
"('19', '0', '8', '7')",1.0
"('19', '0', '9', '7')",1.0
"('19', '0', '1', '8')",0.0
"('19', '0', '2', '8')",0.0
"('19', '0', '3', '8')",0.0
"('19', '0', '4', '8')",0.0
"('19', '0', '5', '8')",0.9185400000000002
"('19', '0', '6', '8')",0.9999990000000003
"('19', '0', '7', '8')",1.0000000000000002
"('19', '0', '8', '8')",1.0000000000000002
"('19', '0', '9', '8')",1.0000000000000002
"('19', '1', '1', '0')",0.0
"('19', '1', '2', '0')",0.0
"('19', '1', '3', '0')",0.00012130000000000017
"('19', '1', '4', '0')",0.00140439
"('19', '1', '5', '0')",0.008500926999999945
"('19', '1', '6', '0')",0.04089622830000001
"('19', '1', '7', '0')",0.1415539641400003
"('19', '1', '8', '0')",0.3301997991679993
"('19', '1', '9', '0')",0.5743890227116997
"('19', '1', '1', '1')",0.0
"('19', '1', '2', '1')",0.0
"('19', '1', '3', '1')",0.0003340125
"('19', '1', '4', '1')",0.0033811031249999994
"('19', '1', '5', '1')",0.019097489062499987
"('19', '1', '6', '1')",0.08760422174218759
"('19', '1', '7', '1')",0.2622280449459401
"('19', '1', '8', '1')",0.5173905804020439
"('19', '1', '9', '1')",0.7545527066339086
"('19', '1', '1', '2')",0.0
"('19', '1', '2', '2')",0.0
"('19', '1', '3', '2')",0.0007600000000000023
"('19', '1', '4', '2')",0.006760320000000025
"('19', '1', '5', '2')",0.03674239399999999
"('19', '1', '6', '2')",0.1591298673
"('19', '1', '7', '2')",0.41413180294000007
"('19', '1', '8', '2')",0.6926313113140009
"('19', '1', '9', '2')",0.8798253927554971
"('19', '1', '1', '3')",0.0
"('19', '1', '2', '3')",0.0
"('19', '1', '3', '3')",0.0013109375000000026
"('19', '1', '4', '3')",0.010750831250000016
"('19', '1', '5', '3')",0.06049626575000007
"('19', '1', '6', '3')",0.2608765543546874
"('19', '1', '7', '3')",0.5807576887780457
"('19', '1', '8', '3')",0.8330037541175415
"('19', '1', '9', '3')",0.9521859490280775
"('19', '1', '1', '4')",0.0
"('19', '1', '2', '4')",0.0
"('19', '1', '3', '4')",0.002179800000000005
"('19', '1', '4', '4')",0.016381019999999948
"('19', '1', '5', '4')",0.097972476
"('19', '1', '6', '4')",0.39419501590000056
"('19', '1', '7', '4')",0.7423440461800008
"('19', '1', '8', '4')",0.9278559512479979
"('19', '1', '9', '4')",0.985759513450099
"('19', '1', '1', '5')",0.0
"('19', '1', '2', '5')",0.0
"('19', '1', '3', '5')",0.003580062500000014
"('19', '1', '4', '5')",0.024886750000000044
"('19', '1', '5', '5')",0.14776175071875014
"('19', '1', '6', '5')",0.5564663683843762
"('19', '1', '7', '5')",0.8744224051864063
"('19', '1', '8', '5')",0.9776551403361623
"('19', '1', '9', '5')",0.9972596293432012
"('19', '1', '1', '6')",0.0
"('19', '1', '2', '6')",0.0
"('19', '1', '3', '6')",0.006615674999999992
"('19', '1', '4', '6')",0.04099096125000019
"('19', '1', '5', '6')",0.2572699334062504
"('19', '1', '6', '6')",0.8248373581921893
"('19', '1', '7', '6')",0.985038731918202
"('19', '1', '8', '6')",0.9993265915189377
"('19', '1', '9', '6')",0.9999806230469047
"('19', '1', '1', '7')",0.0
"('19', '1', '2', '7')",0.0
"('19', '1', '3', '7')",0.011368800000000047
"('19', '1', '4', '7')",0.07081584000000019
"('19', '1', '5', '7')",0.48245913600000156
"('19', '1', '6', '7')",0.9971758080000023
"('19', '1', '7', '7')",1.0
"('19', '1', '8', '7')",1.0
"('19', '1', '9', '7')",1.0
"('19', '1', '1', '8')",0.0
"('19', '1', '2', '8')",0.0
"('19', '1', '3', '8')",0.019585800000000066
"('19', '1', '4', '8')",0.12091599000000006
"('19', '1', '5', '8')",0.9390047420000017
"('19', '1', '6', '8')",0.999999306599998
"('19', '1', '7', '8')",1.0000000000000002
"('19', '1', '8', '8')",1.0000000000000002
"('19', '1', '9', '8')",1.0000000000000004
"('19', '2', '1', '0')",0.0
"('19', '2', '2', '0')",7.199999999999966e-05
"('19', '2', '3', '0')",0.0006863000000000021
"('19', '2', '4', '0')",0.005463759999999994
"('19', '2', '5', '0')",0.025066596000000024
"('19', '2', '6', '0')",0.09286536069999979
"('19', '2', '7', '0')",0.24459997466999944
"('19', '2', '8', '0')",0.4692512412249999
"('19', '2', '9', '0')",0.7003314627681965
"('19', '2', '1', '1')",0.0
"('19', '2', '2', '1')",0.00014399999999999924
"('19', '2', '3', '1')",0.0015809749999999988
"('19', '2', '4', '1')",0.010470536874999976
"('19', '2', '5', '1')",0.0477702808124998
"('19', '2', '6', '1')",0.16353216429375078
"('19', '2', '7', '1')",0.3822364344746084
"('19', '2', '8', '1')",0.635900701944126
"('19', '2', '9', '1')",0.8336351909352566
"('19', '2', '1', '2')",0.0
"('19', '2', '2', '2')",0.00016399999999999892
"('19', '2', '3', '2')",0.002442900000000003
"('19', '2', '4', '2')",0.017914949999999957
"('19', '2', '5', '2')",0.08130532699999984
"('19', '2', '6', '2')",0.2573612270000009
"('19', '2', '7', '2')",0.5289696777500014
"('19', '2', '8', '2')",0.7772105746090008
"('19', '2', '9', '2')",0.9219747230569989
"('19', '2', '1', '3')",0.0
"('19', '2', '2', '3')",0.0002582499999999998
"('19', '2', '3', '3')",0.004238212500000009
"('19', '2', '4', '3')",0.02984458687500006
"('19', '2', '5', '3')",0.12634907643749965
"('19', '2', '6', '3')",0.3690751756843743
"('19', '2', '7', '3')",0.6768930957134368
"('19', '2', '8', '3')",0.8847674999341552
"('19', '2', '9', '3')",0.9700599548092818
"('19', '2', '1', '4')",0.0
"('19', '2', '2', '4')",0.0004109999999999995
"('19', '2', '3', '4')",0.006829099999999995
"('19', '2', '4', '4')",0.04153791999999994
"('19', '2', '5', '4')",0.1834491619999994
"('19', '2', '6', '4')",0.5053443512000013
"('19', '2', '7', '4')",0.8100281797800032
"('19', '2', '8', '4')",0.9515309700830012
"('19', '2', '9', '4')",0.9913420845841968
"('19', '2', '1', '5')",0.0
"('19', '2', '2', '5')",0.00035575000000000076
"('19', '2', '3', '5')",0.009416050000000026
"('19', '2', '4', '5')",0.05999908562499976
"('19', '2', '5', '5')",0.251614855187501
"('19', '2', '6', '5')",0.6524537988343738
"('19', '2', '7', '5')",0.9101131360562509
"('19', '2', '8', '5')",0.9855288992355935
"('19', '2', '9', '5')",0.9984098967685979
"('19', '2', '1', '6')",0.0
"('19', '2', '2', '6')",0.00042974999999999936
"('19', '2', '3', '6')",0.01519829999999996
"('19', '2', '4', '6')",0.09495326812499967
"('19', '2', '5', '6')",0.38935703115624987
"('19', '2', '6', '6')",0.8711883095328117
"('19', '2', '7', '6')",0.989955748918361
"('19', '2', '8', '6')",0.9995899671098604
"('19', '2', '9', '6')",0.9999894794537381
"('19', '2', '1', '7')",0.0
"('19', '2', '2', '7')",0.0006480000000000001
"('19', '2', '3', '7')",0.027295999999999977
"('19', '2', '4', '7')",0.1508833600000004
"('19', '2', '5', '7')",0.6049570559999988
"('19', '2', '6', '7')",0.998112972799998
"('19', '2', '7', '7')",1.0
"('19', '2', '8', '7')",1.0
"('19', '2', '9', '7')",1.0
"('19', '2', '1', '8')",0.0
"('19', '2', '2', '8')",0.0016210000000000022
"('19', '2', '3', '8')",0.044082400000000195
"('19', '2', '4', '8')",0.2390775299999991
"('19', '2', '5', '8')",0.9548489610000016
"('19', '2', '6', '8')",0.9999995417999984
"('19', '2', '7', '8')",1.0000000000000002
"('19', '2', '8', '8')",1.0
"('19', '2', '9', '8')",1.0000000000000004
"('19', '3', '1', '0')",0.0
"('19', '3', '2', '0')",0.00031600000000000004
"('19', '3', '3', '0')",0.001976099999999996
"('19', '3', '4', '0')",0.012270370000000062
"('19', '3', '5', '0')",0.05188671499999996
"('19', '3', '6', '0')",0.15807631250000043
"('19', '3', '7', '0')",0.3549817374699995
"('19', '3', '8', '0')",0.5924254236349957
"('19', '3', '9', '0')",0.7941660501968013
"('19', '3', '1', '1')",0.0
"('19', '3', '2', '1')",0.0004582499999999993
"('19', '3', '3', '1')",0.0036899125000000033
"('19', '3', '4', '1')",0.02225471
"('19', '3', '5', '1')",0.08857724365624967
"('19', '3', '6', '1')",0.25085756549062643
"('19', '3', '7', '1')",0.49458802347039116
"('19', '3', '8', '1')",0.7334427040657852
"('19', '3', '9', '1')",0.8923205187818823
"('19', '3', '1', '2')",0.0
"('19', '3', '2', '2')",0.0006920000000000013
"('19', '3', '3', '2')",0.006116099999999993
"('19', '3', '4', '2')",0.03555281
"('19', '3', '5', '2')",0.13661274599999979
"('19', '3', '6', '2')",0.3564488219999983
"('19', '3', '7', '2')",0.6317455643899976
"('19', '3', '8', '2')",0.8447011752829965
"('19', '3', '9', '2')",0.9517091608328011
"('19', '3', '1', '3')",0.0
"('19', '3', '2', '3')",0.0009340000000000006
"('19', '3', '3', '3')",0.009919587499999983
"('19', '3', '4', '3')",0.05338072437500003
"('19', '3', '5', '3')",0.19587099706249966
"('19', '3', '6', '3')",0.47411768785624964
"('19', '3', '7', '3')",0.7583067050225014
"('19', '3', '8', '3')",0.9224069320395811
"('19', '3', '9', '3')",0.9821943964707619
"('19', '3', '1', '4')",0.0
"('19', '3', '2', '4')",0.0008570000000000036
"('19', '3', '3', '4')",0.013252199999999957
"('19', '3', '4', '4')",0.07594579000000046
"('19', '3', '5', '4')",0.2696971920000007
"('19', '3', '6', '4')",0.6029868899999992
"('19', '3', '7', '4')",0.8621001624399999
"('19', '3', '8', '4')",0.9686358743160013
"('19', '3', '9', '4')",0.9950285739753995
"('19', '3', '1', '5')",0.0
"('19', '3', '2', '5')",0.001467500000000001
"('19', '3', '3', '5')",0.01906695000000001
"('19', '3', '4', '5')",0.10373186437500045
"('19', '3', '5', '5')",0.35279025437499983
"('19', '3', '6', '5')",0.7297965037343744
"('19', '3', '7', '5')",0.9372308829480481
"('19', '3', '8', '5')",0.9909690561318021
"('19', '3', '9', '5')",0.9991023497765462
"('19', '3', '1', '6')",0.0
"('19', '3', '2', '6')",0.0015075000000000028
"('19', '3', '3', '6')",0.028948450000000032
"('19', '3', '4', '6')",0.15528386562499968
"('19', '3', '5', '6')",0.5049432433437495
"('19', '3', '6', '6')",0.9075323721203126
"('19', '3', '7', '6')",0.9934945937572666
"('19', '3', '8', '6')",0.9997630278290224
"('19', '3', '9', '6')",0.9999945093503526
"('19', '3', '1', '7')",0.0
"('19', '3', '2', '7')",0.0017200000000000021
"('19', '3', '3', '7')",0.04949839999999987
"('19', '3', '4', '7')",0.23305151999999935
"('19', '3', '5', '7')",0.7009592319999985
"('19', '3', '6', '7')",0.9987990528000008
"('19', '3', '7', '7')",1.0
"('19', '3', '8', '7')",1.0
"('19', '3', '9', '7')",1.0
"('19', '3', '1', '8')",0.0
"('19', '3', '2', '8')",0.003283999999999998
"('19', '3', '3', '8')",0.07322370000000018
"('19', '3', '4', '8')",0.35145647000000113
"('19', '3', '5', '8')",0.9673685259999981
"('19', '3', '6', '8')",0.9999997049000005
"('19', '3', '7', '8')",1.0000000000000002
"('19', '3', '8', '8')",1.0000000000000004
"('19', '3', '9', '8')",1.0000000000000002
"('19', '4', '1', '0')",0.0
"('19', '4', '2', '0')",0.0007489999999999999
"('19', '4', '3', '0')",0.004177799999999996
"('19', '4', '4', '0')",0.02308603999999994
"('19', '4', '5', '0')",0.08700186099999999
"('19', '4', '6', '0')",0.2357203908000003
"('19', '4', '7', '0')",0.46642411022000024
"('19', '4', '8', '0')",0.6984430870039987
"('19', '4', '9', '0')",0.8678951908361989
"('19', '4', '1', '1')",0.0
"('19', '4', '2', '1')",0.0009582499999999984
"('19', '4', '3', '1')",0.007383287500000004
"('19', '4', '4', '1')",0.03878431125000006
"('19', '4', '5', '1')",0.13772187337499925
"('19', '4', '6', '1')",0.34073138636562456
"('19', '4', '7', '1')",0.5975822629946865
"('19', '4', '8', '1')",0.81360187372791
"('19', '4', '9', '1')",0.9331165501035887
"('19', '4', '1', '2')",0.0
"('19', '4', '2', '2')",0.0014330000000000018
"('19', '4', '3', '2')",0.011414400000000026
"('19', '4', '4', '2')",0.060306240000000025
"('19', '4', '5', '2')",0.2005700910000005
"('19', '4', '6', '2')",0.4520426442000002
"('19', '4', '7', '2')",0.7198713229900009
"('19', '4', '8', '2')",0.8950078076779997
"('19', '4', '9', '2')",0.9711211108914019
"('19', '4', '1', '3')",0.0
"('19', '4', '2', '3')",0.0017694999999999996
"('19', '4', '3', '3')",0.017199450000000012
"('19', '4', '4', '3')",0.08476898625000003
"('19', '4', '5', '3')",0.2742948938749994
"('19', '4', '6', '3')",0.5681704407609377
"('19', '4', '7', '3')",0.8218502489237485
"('19', '4', '8', '3')",0.9497702903591536
"('19', '4', '9', '3')",0.9897411411701779
"('19', '4', '1', '4')",0.0
"('19', '4', '2', '4')",0.0020470000000000037
"('19', '4', '3', '4')",0.02339809999999996
"('19', '4', '4', '4')",0.11692474000000017
"('19', '4', '5', '4')",0.3582435149999999
"('19', '4', '6', '4')",0.6856875021999984
"('19', '4', '7', '4')",0.9031076757800023
"('19', '4', '8', '4')",0.980153778141001
"('19', '4', '9', '4')",0.9972632494697021
"('19', '4', '1', '5')",0.0
"('19', '4', '2', '5')",0.002585750000000007
"('19', '4', '3', '5')",0.03139538750000002
"('19', '4', '4', '5')",0.15420356062500085
"('19', '4', '5', '5')",0.4527039845625013
"('19', '4', '6', '5')",0.7951870794031282
"('19', '4', '7', '5')",0.9577690098152328
"('19', '4', '8', '5')",0.9945808979461336
"('19', '4', '9', '5')",0.9995209591889845
"('19', '4', '1', '6')",0.0
"('19', '4', '2', '6')",0.0032785000000000045
"('19', '4', '3', '6')",0.048897162499999966
"('19', '4', '4', '6')",0.2213083793750006
"('19', '4', '5', '6')",0.604917415093749
"('19', '4', '6', '6')",0.9347451574593755
"('19', '4', '7', '6')",0.9959166408197662
"('19', '4', '8', '6')",0.999866719018998
"('19', '4', '9', '6')",0.9999973327424194
"('19', '4', '1', '7')",0.0
"('19', '4', '2', '7')",0.004347999999999997
"('19', '4', '3', '7')",0.07758799999999987
"('19', '4', '4', '7')",0.3211977600000003
"('19', '4', '5', '7')",0.780395520000003
"('19', '4', '6', '7')",0.9992090624000007
"('19', '4', '7', '7')",1.0
"('19', '4', '8', '7')",1.0
"('19', '4', '9', '7')",1.0
"('19', '4', '1', '8')",0.0
"('19', '4', '2', '8')",0.00614599999999999
"('19', '4', '3', '8')",0.11793769999999999
"('19', '4', '4', '8')",0.439643810000001
"('19', '4', '5', '8')",0.976726934999999
"('19', '4', '6', '8')",0.9999998153999987
"('19', '4', '7', '8')",1.0000000000000002
"('19', '4', '8', '8')",1.0000000000000002
"('19', '4', '9', '8')",1.0000000000000002
"('19', '5', '1', '0')",0.0
"('19', '5', '2', '0')",0.0010639999999999996
"('19', '5', '3', '0')",0.007532099999999995
"('19', '5', '4', '0')",0.03808859999999983
"('19', '5', '5', '0')",0.13156806000000082
"('19', '5', '6', '0')",0.3225568218000007
"('19', '5', '7', '0')",0.570999871069995
"('19', '5', '8', '0')",0.787985638695
"('19', '5', '9', '0')",0.9190312258588982
"('19', '5', '1', '1')",0.0
"('19', '5', '2', '1')",0.0018802500000000017
"('19', '5', '3', '1')",0.012933012500000021
"('19', '5', '4', '1')",0.06099428812500024
"('19', '5', '5', '1')",0.19749217821874962
"('19', '5', '6', '1')",0.433182520343752
"('19', '5', '7', '1')",0.691422916955546
"('19', '5', '8', '1')",0.872476113658345
"('19', '5', '9', '1')",0.9610281588176836
"('19', '5', '1', '2')",0.0
"('19', '5', '2', '2')",0.002366
"('19', '5', '3', '2')",0.018423500000000058
"('19', '5', '4', '2')",0.09049092000000018
"('19', '5', '5', '2')",0.26893994300000046
"('19', '5', '6', '2')",0.5459621697000022
"('19', '5', '7', '2')",0.7927068397199962
"('19', '5', '8', '2')",0.9321045896500038
"('19', '5', '9', '2')",0.9837094349305017
"('19', '5', '1', '3')",0.0
"('19', '5', '2', '3')",0.002985999999999992
"('19', '5', '3', '3')",0.026945949999999944
"('19', '5', '4', '3')",0.12294659437500009
"('19', '5', '5', '3')",0.35296047540625114
"('19', '5', '6', '3')",0.6562064115968773
"('19', '5', '7', '3')",0.8739651725481271
"('19', '5', '8', '3')",0.968433168729782
"('19', '5', '9', '3')",0.994458253926214
"('19', '5', '1', '4')",0.0
"('19', '5', '2', '4')",0.003949000000000011
"('19', '5', '3', '4')",0.03616739999999975
"('19', '5', '4', '4')",0.16682149999999887
"('19', '5', '5', '4')",0.4444957120000003
"('19', '5', '6', '4')",0.7574741087000018
"('19', '5', '7', '4')",0.9338539702699976
"('19', '5', '8', '4')",0.9882649915250002
"('19', '5', '9', '4')",0.9985796192289028
"('19', '5', '1', '5')",0.0
"('19', '5', '2', '5')",0.004989249999999986
"('19', '5', '3', '5')",0.04955500000000008
"('19', '5', '4', '5')",0.21131773000000006
"('19', '5', '5', '5')",0.5390999451875006
"('19', '5', '6', '5')",0.8497077791343766
"('19', '5', '7', '5')",0.9721041687392191
"('19', '5', '8', '5')",0.9968547750862948
"('19', '5', '9', '5')",0.9997622888053539
"('19', '5', '1', '6')",0.0
"('19', '5', '2', '6')",0.005958499999999985
"('19', '5', '3', '6')",0.07258689999999962
"('19', '5', '4', '6')",0.29355377312500086
"('19', '5', '5', '6')",0.6905508852499981
"('19', '5', '6', '6')",0.9551343789921886
"('19', '5', '7', '6')",0.9975451288667179
"('19', '5', '8', '6')",0.9999299360621084
"('19', '5', '9', '6')",0.9999987927900176
"('19', '5', '1', '7')",0.0
"('19', '5', '2', '7')",0.007603999999999999
"('19', '5', '3', '7')",0.10544799999999979
"('19', '5', '4', '7')",0.4093675200000014
"('19', '5', '5', '7')",0.8413383679999967
"('19', '5', '6', '7')",0.9995314175999985
"('19', '5', '7', '7')",1.0
"('19', '5', '8', '7')",1.0
"('19', '5', '9', '7')",1.0
"('19', '5', '1', '8')",0.0
"('19', '5', '2', '8')",0.011497999999999968
"('19', '5', '3', '8')",0.16004660000000084
"('19', '5', '4', '8')",0.5295954600000001
"('19', '5', '5', '8')",0.984484189999999
"('19', '5', '6', '8')",0.9999998820000006
"('19', '5', '7', '8')",1.0000000000000002
"('19', '5', '8', '8')",1.0000000000000002
"('19', '5', '9', '8')",1.0
"('19', '6', '1', '0')",0.0
"('19', '6', '2', '0')",0.002038999999999998
"('19', '6', '3', '0')",0.01204730000000006
"('19', '6', '4', '0')",0.05888982000000002
"('19', '6', '5', '0')",0.18730596200000027
"('19', '6', '6', '0')",0.4136286600000003
"('19', '6', '7', '0')",0.6683263082200039
"('19', '6', '8', '0')",0.8557674201470008
"('19', '6', '9', '0')",0.9538865367833975
"('19', '6', '1', '1')",0.0
"('19', '6', '2', '1')",0.002942749999999999
"('19', '6', '3', '1')",0.01932667499999999
"('19', '6', '4', '1')",0.08866899812499979
"('19', '6', '5', '1')",0.2617946524999996
"('19', '6', '6', '1')",0.5248008155453129
"('19', '6', '7', '1')",0.7706545435053881
"('19', '6', '8', '1')",0.916568718845132
"('19', '6', '9', '1')",0.9787243377328326
"('19', '6', '1', '2')",2.0000000000000046e-05
"('19', '6', '2', '2')",0.003952999999999988
"('19', '6', '3', '2')",0.02849879999999998
"('19', '6', '4', '2')",0.12621869999999985
"('19', '6', '5', '2')",0.3453880980000008
"('19', '6', '6', '2')",0.6325755539999969
"('19', '6', '7', '2')",0.8515348288299983
"('19', '6', '8', '2')",0.9575796140640015
"('19', '6', '9', '2')",0.9915234041163997
"('19', '6', '1', '3')",0.0
"('19', '6', '2', '3')",0.004753500000000009
"('19', '6', '3', '3')",0.03921862499999976
"('19', '6', '4', '3')",0.16945464937500027
"('19', '6', '5', '3')",0.43656026637499956
"('19', '6', '6', '3')",0.7300551897437492
"('19', '6', '7', '3')",0.9131348489042946
"('19', '6', '8', '3')",0.9810895881962229
"('19', '6', '9', '3')",0.9971808469722993
"('19', '6', '1', '4')",0.0
"('19', '6', '2', '4')",0.00593799999999999
"('19', '6', '3', '4')",0.053215600000000175
"('19', '6', '4', '4')",0.21976858999999996
"('19', '6', '5', '4')",0.5305146400000004
"('19', '6', '6', '4')",0.818200672499999
"('19', '6', '7', '4')",0.9563029200800003
"('19', '6', '8', '4')",0.9932009320140027
"('19', '6', '9', '4')",0.9993158424914982
"('19', '6', '1', '5')",0.0
"('19', '6', '2', '5')",0.007396250000000015
"('19', '6', '3', '5')",0.07028636249999973
"('19', '6', '4', '5')",0.2771358599999986
"('19', '6', '5', '5')",0.6225964223750022
"('19', '6', '6', '5')",0.8913101101390627
"('19', '6', '7', '5')",0.9826609147145304
"('19', '6', '8', '5')",0.9982760048396272
"('19', '6', '9', '5')",0.9998883986216648
"('19', '6', '1', '6')",0.0
"('19', '6', '2', '6')",0.009986750000000032
"('19', '6', '3', '6')",0.09490245000000004
"('19', '6', '4', '6')",0.3687543675000008
"('19', '6', '5', '6')",0.7600963311562512
"('19', '6', '6', '6')",0.9701218452156283
"('19', '6', '7', '6')",0.9985817548860946
"('19', '6', '8', '6')",0.9999652467544137
"('19', '6', '9', '6')",0.9999994917800697
"('19', '6', '1', '7')",0.0
"('19', '6', '2', '7')",0.012336000000000026
"('19', '6', '3', '7')",0.14251680000000058
"('19', '6', '4', '7')",0.4876534399999999
"('19', '6', '5', '7')",0.8872646400000004
"('19', '6', '6', '7')",0.9997386752000009
"('19', '6', '7', '7')",1.0
"('19', '6', '8', '7')",1.0
"('19', '6', '9', '7')",1.0
"('19', '6', '1', '8')",0.0
"('19', '6', '2', '8')",0.017388000000000035
"('19', '6', '3', '8')",0.1971442999999996
"('19', '6', '4', '8')",0.6004813900000004
"('19', '6', '5', '8')",0.9896064470000014
"('19', '6', '6', '8')",0.9999999329000038
"('19', '6', '7', '8')",1.0000000000000004
"('19', '6', '8', '8')",1.0000000000000004
"('19', '6', '9', '8')",1.0000000000000002
"('19', '7', '1', '0')",0.0
"('19', '7', '2', '0')",0.0029790000000000094
"('19', '7', '3', '0')",0.019302100000000006
"('19', '7', '4', '0')",0.08473514000000017
"('19', '7', '5', '0')",0.25035547899999994
"('19', '7', '6', '0')",0.5068441802000001
"('19', '7', '7', '0')",0.7529866708199942
"('19', '7', '8', '0')",0.9073244016880042
"('19', '7', '9', '0')",0.9745490998925017
"('19', '7', '1', '1')",0.0
"('19', '7', '2', '1')",0.0041617500000000205
"('19', '7', '3', '1')",0.029461412499999975
"('19', '7', '4', '1')",0.1250030743750002
"('19', '7', '5', '1')",0.3354214104375013
"('19', '7', '6', '1')",0.6142513893015622
"('19', '7', '7', '1')",0.8339150332182818
"('19', '7', '8', '1')",0.9491848579220267
"('19', '7', '9', '1')",0.9887621910242305
"('19', '7', '1', '2')",2.0000000000000005e-05
"('19', '7', '2', '2')",0.005747999999999994
"('19', '7', '3', '2')",0.04126790000000001
"('19', '7', '4', '2')",0.1679729999999993
"('19', '7', '5', '2')",0.42043174399999933
"('19', '7', '6', '2')",0.7112263586000005
"('19', '7', '7', '2')",0.8975943288899975
"('19', '7', '8', '2')",0.9749262045620005
"('19', '7', '9', '2')",0.9957769697723009
"('19', '7', '1', '3')",0.0
"('19', '7', '2', '3')",0.007413749999999974
"('19', '7', '3', '3')",0.057240287499999834
"('19', '7', '4', '3')",0.22155310312500015
"('19', '7', '5', '3')",0.5157465857499983
"('19', '7', '6', '3')",0.7966470146656249
"('19', '7', '7', '3')",0.9431493325908583
"('19', '7', '8', '3')",0.9892628815822432
"('19', '7', '9', '3')",0.9986702183766195
"('19', '7', '1', '4')",3.0000000000000106e-05
"('19', '7', '2', '4')",0.009409000000000006
"('19', '7', '3', '4')",0.07327910000000003
"('19', '7', '4', '4')",0.27867796999999916
"('19', '7', '5', '4')",0.6048407910000019
"('19', '7', '6', '4')",0.8671353326000002
"('19', '7', '7', '4')",0.9722493478399982
"('19', '7', '8', '4')",0.9963547662799986
"('19', '7', '9', '4')",0.9996838770255014
"('19', '7', '1', '5')",3.500000000000001e-05
"('19', '7', '2', '5')",0.011182999999999943
"('19', '7', '3', '5')",0.09533532500000025
"('19', '7', '4', '5')",0.34102318499999984
"('19', '7', '5', '5')",0.6967343954999998
"('19', '7', '6', '5')",0.9245044112062493
"('19', '7', '7', '5')",0.9893828060625022
"('19', '7', '8', '5')",0.9991215622988326
"('19', '7', '9', '5')",0.9999521101057771
"('19', '7', '1', '6')",0.0
"('19', '7', '2', '6')",0.013556250000000011
"('19', '7', '3', '6')",0.12999292500000006
"('19', '7', '4', '6')",0.44334280062500003
"('19', '7', '5', '6')",0.8220066445937494
"('19', '7', '6', '6')",0.9811470040015624
"('19', '7', '7', '6')",0.9992204238247667
"('19', '7', '8', '6')",0.9999838974078977
"('19', '7', '9', '6')",0.9999998109193396
"('19', '7', '1', '7')",0.0
"('19', '7', '2', '7')",0.017620000000000014
"('19', '7', '3', '7')",0.18400879999999983
"('19', '7', '4', '7')",0.5669276800000026
"('19', '7', '5', '7')",0.9236067840000014
"('19', '7', '6', '7')",0.9998545920000002
"('19', '7', '7', '7')",1.0
"('19', '7', '8', '7')",1.0
"('19', '7', '9', '7')",1.0
"('19', '7', '1', '8')",8.999999999999995e-05
"('19', '7', '2', '8')",0.025288000000000022
"('19', '7', '3', '8')",0.24903029999999948
"('19', '7', '4', '8')",0.6803217800000032
"('19', '7', '5', '8')",0.993340477
"('19', '7', '6', '8')",0.999999965999999
"('19', '7', '7', '8')",1.0000000000000002
"('19', '7', '8', '8')",1.0000000000000002
"('19', '7', '9', '8')",1.0
"('20', '0', '1', '0')",0.0
"('20', '0', '2', '0')",0.0
"('20', '0', '3', '0')",0.0
"('20', '0', '4', '0')",0.0
"('20', '0', '5', '0')",1.0000000000000004e-05
"('20', '0', '6', '0')",0.0017900000000000008
"('20', '0', '7', '0')",0.023223500000000005
"('20', '0', '8', '0')",0.11215703
"('20', '0', '9', '0')",0.30169453500000004
"('20', '0', '1', '1')",0.0
"('20', '0', '2', '1')",0.0
"('20', '0', '3', '1')",0.0
"('20', '0', '4', '1')",0.0
"('20', '0', '5', '1')",7.59375e-05
"('20', '0', '6', '1')",0.009163125000000005
"('20', '0', '7', '1')",0.07866877343750002
"('20', '0', '8', '1')",0.265447348046875
"('20', '0', '9', '1')",0.5293816932753905
"('20', '0', '1', '2')",0.0
"('20', '0', '2', '2')",0.0
"('20', '0', '3', '2')",0.0
"('20', '0', '4', '2')",0.0
"('20', '0', '5', '2')",0.00032000000000000013
"('20', '0', '6', '2')",0.02974000000000001
"('20', '0', '7', '2')",0.18290910000000002
"('20', '0', '8', '2')",0.46197061000000006
"('20', '0', '9', '2')",0.7320709820000001
"('20', '0', '1', '3')",0.0
"('20', '0', '2', '3')",0.0
"('20', '0', '3', '3')",0.0
"('20', '0', '4', '3')",0.0
"('20', '0', '5', '3')",0.0009765625
"('20', '0', '6', '3')",0.07423437499999999
"('20', '0', '7', '3')",0.33752650156249997
"('20', '0', '8', '3')",0.6622980230468749
"('20', '0', '9', '3')",0.875795556990234
"('20', '0', '1', '4')",0.0
"('20', '0', '2', '4')",0.0
"('20', '0', '3', '4')",0.0
"('20', '0', '4', '4')",0.0
"('20', '0', '5', '4')",0.00243
"('20', '0', '6', '4')",0.15578999999999998
"('20', '0', '7', '4')",0.5281745000000001
"('20', '0', '8', '4')",0.8279679100000003
"('20', '0', '9', '4')",0.9563110330000003
"('20', '0', '1', '5')",0.0
"('20', '0', '2', '5')",0.0
"('20', '0', '3', '5')",0.0
"('20', '0', '4', '5')",0.0
"('20', '0', '5', '5')",0.005252187499999998
"('20', '0', '6', '5')",0.28851812499999996
"('20', '0', '7', '5')",0.7249587421874998
"('20', '0', '8', '5')",0.9360057655468746
"('20', '0', '9', '5')",0.9898994180175777
"('20', '0', '1', '6')",0.0
"('20', '0', '2', '6')",0.0
"('20', '0', '3', '6')",0.0
"('20', '0', '4', '6')",0.0
"('20', '0', '5', '6')",0.018452812500000006
"('20', '0', '6', '6')",0.5966409375000001
"('20', '0', '7', '6')",0.9485303765625002
"('20', '0', '8', '6')",0.9967964730468751
"('20', '0', '9', '6')",0.9998778419824222
"('20', '0', '1', '7')",0.0
"('20', '0', '2', '7')",0.0
"('20', '0', '3', '7')",0.0
"('20', '0', '4', '7')",0.0
"('20', '0', '5', '7')",0.07776
"('20', '0', '6', '7')",0.95904
"('20', '0', '7', '7')",1.0
"('20', '0', '8', '7')",1.0
"('20', '0', '9', '7')",1.0
"('20', '0', '1', '8')",0.0
"('20', '0', '2', '8')",0.0
"('20', '0', '3', '8')",0.0
"('20', '0', '4', '8')",0.0
"('20', '0', '5', '8')",0.5904900000000002
"('20', '0', '6', '8')",0.9999450000000003
"('20', '0', '7', '8')",1.0000000000000002
"('20', '0', '8', '8')",1.0000000000000002
"('20', '0', '9', '8')",1.0000000000000002
"('20', '1', '1', '0')",0.0
"('20', '1', '2', '0')",0.0
"('20', '1', '3', '0')",1.9799999999999963e-05
"('20', '1', '4', '0')",0.0006377400000000014
"('20', '1', '5', '0')",0.004409422000000036
"('20', '1', '6', '0')",0.0223970557
"('20', '1', '7', '0')",0.08746845809999976
"('20', '1', '8', '0')",0.23483271277099962
"('20', '1', '9', '0')",0.4556965614064994
"('20', '1', '1', '1')",0.0
"('20', '1', '2', '1')",0.0
"('20', '1', '3', '1')",7.121250000000012e-05
"('20', '1', '4', '1')",0.0016769962500000062
"('20', '1', '5', '1')",0.01042706525
"('20', '1', '6', '1')",0.0512734050328125
"('20', '1', '7', '1')",0.17644955693835898
"('20', '1', '8', '1')",0.40154037676075854
"('20', '1', '9', '1')",0.6544153074403446
"('20', '1', '1', '2')",0.0
"('20', '1', '2', '2')",0.0
"('20', '1', '3', '2')",0.00016159999999999994
"('20', '1', '4', '2')",0.0033442400000000057
"('20', '1', '5', '2')",0.020923498999999905
"('20', '1', '6', '2')",0.09995435059999976
"('20', '1', '7', '2')",0.30337617004000045
"('20', '1', '8', '2')",0.5823682954629992
"('20', '1', '9', '2')",0.8115342616859006
"('20', '1', '1', '3')",0.0
"('20', '1', '2', '3')",0.0
"('20', '1', '3', '3')",0.0003062499999999999
"('20', '1', '4', '3')",0.005824103125
"('20', '1', '5', '3')",0.03572683468749999
"('20', '1', '6', '3')",0.16988950467968805
"('20', '1', '7', '3')",0.4597703435802354
"('20', '1', '8', '3')",0.7497519827827158
"('20', '1', '9', '3')",0.9158733105352904
"('20', '1', '1', '4')",0.0
"('20', '1', '2', '4')",0.0
"('20', '1', '3', '4')",0.0006074999999999977
"('20', '1', '4', '4')",0.00884598
"('20', '1', '5', '4')",0.0563775700000001
"('20', '1', '6', '4')",0.27363031370000157
"('20', '1', '7', '4')",0.6308521702099982
"('20', '1', '8', '4')",0.8769784464750003
"('20', '1', '9', '4')",0.9713488900158017
"('20', '1', '1', '5')",0.0
"('20', '1', '2', '5')",0.0
"('20', '1', '3', '5')",0.0008832250000000009
"('20', '1', '4', '5')",0.013107285625000003
"('20', '1', '5', '5')",0.08623030678124959
"('20', '1', '6', '5')",0.41190532540156233
"('20', '1', '7', '5')",0.7926687940842184
"('20', '1', '8', '5')",0.9556958107526209
"('20', '1', '9', '5')",0.9935964564949195
"('20', '1', '1', '6')",0.0
"('20', '1', '2', '6')",0.0
"('20', '1', '3', '6')",0.0018407250000000042
"('20', '1', '4', '6')",0.022133351250000103
"('20', '1', '5', '6')",0.14453076318750022
"('20', '1', '6', '6')",0.6883269008203119
"('20', '1', '7', '6')",0.9635869248697659
"('20', '1', '8', '6')",0.997918507238625
"('20', '1', '9', '6')",0.9999272294798202
"('20', '1', '1', '7')",0.0
"('20', '1', '2', '7')",0.0
"('20', '1', '3', '7')",0.004190400000000002
"('20', '1', '4', '7')",0.037163039999999994
"('20', '1', '5', '7')",0.24964307200000058
"('20', '1', '6', '7')",0.9710373888000028
"('20', '1', '7', '7')",0.9999999999999999
"('20', '1', '8', '7')",1.0
"('20', '1', '9', '7')",1.0
"('20', '1', '1', '8')",0.0
"('20', '1', '2', '8')",0.0
"('20', '1', '3', '8')",0.0150903
"('20', '1', '4', '8')",0.08861517000000033
"('20', '1', '5', '8')",0.6842329770000033
"('20', '1', '6', '8')",0.999961175499998
"('20', '1', '7', '8')",1.0000000000000002
"('20', '1', '8', '8')",1.0000000000000004
"('20', '1', '9', '8')",1.0000000000000002
"('20', '2', '1', '0')",0.0
"('20', '2', '2', '0')",8.599999999999961e-05
"('20', '2', '3', '0')",0.0003721999999999987
"('20', '2', '4', '0')",0.0026828799999999886
"('20', '2', '5', '0')",0.014303039999999984
"('20', '2', '6', '0')",0.056833478300000136
"('20', '2', '7', '0')",0.16782413369000038
"('20', '2', '8', '0')",0.36261073222599977
"('20', '2', '9', '0')",0.5915044138632006
"('20', '2', '1', '1')",0.0
"('20', '2', '2', '1')",7.425000000000004e-05
"('20', '2', '3', '1')",0.0006903625000000002
"('20', '2', '4', '1')",0.005711814999999996
"('20', '2', '5', '1')",0.029174919
"('20', '2', '6', '1')",0.10765567134375004
"('20', '2', '7', '1')",0.2821661869785943
"('20', '2', '8', '1')",0.5276039991471551
"('20', '2', '9', '1')",0.7529541563688353
"('20', '2', '1', '2')",0.0
"('20', '2', '2', '2')",7.800000000000053e-05
"('20', '2', '3', '2')",0.0012971999999999977
"('20', '2', '4', '2')",0.010543369999999956
"('20', '2', '5', '2')",0.05084619699999989
"('20', '2', '6', '2')",0.17806413600000076
"('20', '2', '7', '2')",0.4177258574599986
"('20', '2', '8', '2')",0.6852736970209997
"('20', '2', '9', '2')",0.8718844347254004
"('20', '2', '1', '3')",0.0
"('20', '2', '2', '3')",6.27499999999999e-05
"('20', '2', '3', '3')",0.0017838874999999957
"('20', '2', '4', '3')",0.016481659999999985
"('20', '2', '5', '3')",0.08151042640624978
"('20', '2', '6', '3')",0.27031253785781095
"('20', '2', '7', '3')",0.5674266761600778
"('20', '2', '8', '3')",0.8181985027449515
"('20', '2', '9', '3')",0.9449471725152374
"('20', '2', '1', '4')",0.0
"('20', '2', '2', '4')",0.00021199999999999984
"('20', '2', '3', '4')",0.002788499999999996
"('20', '2', '4', '4')",0.024884160000000047
"('20', '2', '5', '4')",0.12212617599999998
"('20', '2', '6', '4')",0.3828156713000005
"('20', '2', '7', '4')",0.716030018240002
"('20', '2', '8', '4')",0.9141038567310011
"('20', '2', '9', '4')",0.9819747339189996
"('20', '2', '1', '5')",0.0
"('20', '2', '2', '5')",0.0004412499999999996
"('20', '2', '3', '5')",0.0038258499999999918
"('20', '2', '4', '5')",0.03576130937500011
"('20', '2', '5', '5')",0.17045802575000094
"('20', '2', '6', '5')",0.5217173171343764
"('20', '2', '7', '5')",0.84629366539047
"('20', '2', '8', '5')",0.9700737020521571
"('20', '2', '9', '5')",0.996058405660745
"('20', '2', '1', '6')",0.0
"('20', '2', '2', '6')",0.0003847499999999986
"('20', '2', '3', '6')",0.006379875000000011
"('20', '2', '4', '6')",0.05572344937499987
"('20', '2', '5', '6')",0.2701535422812516
"('20', '2', '6', '6')",0.7639373425921848
"('20', '2', '7', '6')",0.9748458015828121
"('20', '2', '8', '6')",0.998685804456137
"('20', '2', '9', '6')",0.9999582620409501
"('20', '2', '1', '7')",0.0
"('20', '2', '2', '7')",0.0005680000000000035
"('20', '2', '3', '7')",0.013047999999999985
"('20', '2', '4', '7')",0.08860224000000017
"('20', '2', '5', '7')",0.3968718079999987
"('20', '2', '6', '7')",0.9796760576000025
"('20', '2', '7', '7')",1.0
"('20', '2', '8', '7')",1.0
"('20', '2', '9', '7')",1.0
"('20', '2', '1', '8')",0.0
"('20', '2', '2', '8')",0.0005400000000000008
"('20', '2', '3', '8')",0.035985300000000005
"('20', '2', '4', '8')",0.1760435700000004
"('20', '2', '5', '8')",0.7609833660000013
"('20', '2', '6', '8')",0.9999730951000024
"('20', '2', '7', '8')",1.0
"('20', '2', '8', '8')",1.0
"('20', '2', '9', '8')",1.0000000000000004
"('20', '3', '1', '0')",0.0
"('20', '3', '2', '0')",0.00021000000000000004
"('20', '3', '3', '0')",0.0011711999999999988
"('20', '3', '4', '0')",0.006889189999999991
"('20', '3', '5', '0')",0.03209414200000003
"('20', '3', '6', '0')",0.10610052859999979
"('20', '3', '7', '0')",0.26185490729
"('20', '3', '8', '0')",0.48209726990299806
"('20', '3', '9', '0')",0.7019137383575003
"('20', '3', '1', '1')",0.0
"('20', '3', '2', '1')",0.00029275000000000004
"('20', '3', '3', '1')",0.0019079000000000014
"('20', '3', '4', '1')",0.013019882499999979
"('20', '3', '5', '1')",0.05626757540625004
"('20', '3', '6', '1')",0.17634538753437493
"('20', '3', '7', '1')",0.3896559306275789
"('20', '3', '8', '1')",0.6353706050091358
"('20', '3', '9', '1')",0.8290783672646018
"('20', '3', '1', '2')",0.0
"('20', '3', '2', '2')",0.0004240000000000007
"('20', '3', '3', '2')",0.003230300000000006
"('20', '3', '4', '2')",0.022073980000000035
"('20', '3', '5', '2')",0.08954310800000002
"('20', '3', '6', '2')",0.26330041329999976
"('20', '3', '7', '2')",0.5253055281399985
"('20', '3', '8', '2')",0.7682020030109971
"('20', '3', '9', '2')",0.9149382608825986
"('20', '3', '1', '3')",0.0
"('20', '3', '2', '3')",0.000544500000000001
"('20', '3', '3', '3')",0.00477137499999998
"('20', '3', '4', '3')",0.03275679812499986
"('20', '3', '5', '3')",0.1351703245312497
"('20', '3', '6', '3')",0.366541130285937
"('20', '3', '7', '3')",0.6589302913750761
"('20', '3', '8', '3')",0.8712720297408898
"('20', '3', '9', '3')",0.964838811411311
"('20', '3', '1', '4')",0.0
"('20', '3', '2', '4')",0.000653
"('20', '3', '3', '4')",0.006805299999999995
"('20', '3', '4', '4')",0.048062489999999826
"('20', '3', '5', '4')",0.1932625849999997
"('20', '3', '6', '4')",0.48721276979999917
"('20', '3', '7', '4')",0.7868174159600009
"('20', '3', '8', '4')",0.9413364778859976
"('20', '3', '9', '4')",0.9888450068021986
"('20', '3', '1', '5')",0.0
"('20', '3', '2', '5')",0.0007332499999999991
"('20', '3', '3', '5')",0.009087137500000005
"('20', '3', '4', '5')",0.06516660500000017
"('20', '3', '5', '5')",0.25918228162499923
"('20', '3', '6', '5')",0.6183721569343765
"('20', '3', '7', '5')",0.8892989481657834
"('20', '3', '8', '5')",0.9803388213981451
"('20', '3', '9', '5')",0.9976763480072671
"('20', '3', '1', '6')",0.0
"('20', '3', '2', '6')",0.0014422500000000052
"('20', '3', '3', '6')",0.014787375000000007
"('20', '3', '4', '6')",0.09887897499999981
"('20', '3', '5', '6')",0.38089446115624964
"('20', '3', '6', '6')",0.8233182672531277
"('20', '3', '7', '6')",0.9829681201351581
"('20', '3', '8', '6')",0.9991951480277204
"('20', '3', '9', '6')",0.9999771155937411
"('20', '3', '1', '7')",0.0
"('20', '3', '2', '7')",0.0016040000000000045
"('20', '3', '3', '7')",0.024796799999999997
"('20', '3', '4', '7')",0.15168816000000013
"('20', '3', '5', '7')",0.5248633600000034
"('20', '3', '6', '7')",0.9861354496000012
"('20', '3', '7', '7')",1.0
"('20', '3', '8', '7')",0.9999999999999999
"('20', '3', '9', '7')",1.0
"('20', '3', '1', '8')",0.0
"('20', '3', '2', '8')",0.002872000000000002
"('20', '3', '3', '8')",0.06027559999999996
"('20', '3', '4', '8')",0.261065300000001
"('20', '3', '5', '8')",0.8225776420000013
"('20', '3', '6', '8')",0.9999819517000011
"('20', '3', '7', '8')",1.0000000000000002
"('20', '3', '8', '8')",1.0000000000000002
"('20', '3', '9', '8')",1.0000000000000004
"('20', '4', '1', '0')",0.0
"('20', '4', '2', '0')",0.0003969999999999993
"('20', '4', '3', '0')",0.002425700000000004
"('20', '4', '4', '0')",0.014045190000000032
"('20', '4', '5', '0')",0.0557470589999998
"('20', '4', '6', '0')",0.16718695600000008
"('20', '4', '7', '0')",0.3610424708600003
"('20', '4', '8', '0')",0.5962546822610012
"('20', '4', '9', '0')",0.7940528322116026
"('20', '4', '1', '1')",0.0
"('20', '4', '2', '1')",0.0006319999999999989
"('20', '4', '3', '1')",0.004144087500000027
"('20', '4', '4', '1')",0.024180791249999976
"('20', '4', '5', '1')",0.09209583112500014
"('20', '4', '6', '1')",0.2520665906781249
"('20', '4', '7', '1')",0.4918000146502351
"('20', '4', '8', '1')",0.7268998049491849
"('20', '4', '9', '1')",0.8857564513428
"('20', '4', '1', '2')",0.0
"('20', '4', '2', '2')",0.0008509999999999995
"('20', '4', '3', '2')",0.006587199999999994
"('20', '4', '4', '2')",0.03778712999999991
"('20', '4', '5', '2')",0.14191221800000034
"('20', '4', '6', '2')",0.35144458889999874
"('20', '4', '7', '2')",0.6212151269300007
"('20', '4', '8', '2')",0.8337542072160001
"('20', '4', '9', '2')",0.945746528061198
"('20', '4', '1', '3')",0.0
"('20', '4', '2', '3')",0.0011002499999999997
"('20', '4', '3', '3')",0.009126149999999958
"('20', '4', '4', '3')",0.05460683187500006
"('20', '4', '5', '3')",0.19749660909374966
"('20', '4', '6', '3')",0.4624312183640612
"('20', '4', '7', '3')",0.7406275673825761
"('20', '4', '8', '3')",0.9123456635394647
"('20', '4', '9', '3')",0.9785057414702194
"('20', '4', '1', '4')",0.0
"('20', '4', '2', '4')",0.0014549999999999967
"('20', '4', '3', '4')",0.013164799999999987
"('20', '4', '4', '4')",0.07752945999999963
"('20', '4', '5', '4')",0.26689021600000007
"('20', '4', '6', '4')",0.5794194777999995
"('20', '4', '7', '4')",0.8429046522899993
"('20', '4', '8', '4')",0.9612424182999953
"('20', '4', '9', '4')",0.993457086709899
"('20', '4', '1', '5')",0.0
"('20', '4', '2', '5')",0.0016720000000000025
"('20', '4', '3', '5')",0.017560125000000072
"('20', '4', '4', '5')",0.1053324081249998
"('20', '4', '5', '5')",0.3478097534374984
"('20', '4', '6', '5')",0.699869277342188
"('20', '4', '7', '5')",0.9219404664264838
"('20', '4', '8', '5')",0.9875501845396424
"('20', '4', '9', '5')",0.9986903898815179
"('20', '4', '1', '6')",0.0
"('20', '4', '2', '6')",0.0023157499999999966
"('20', '4', '3', '6')",0.026629287499999935
"('20', '4', '4', '6')",0.14887899312499958
"('20', '4', '5', '6')",0.4812147723125006
"('20', '4', '6', '6')",0.8708601273515628
"('20', '4', '7', '6')",0.9888538405710133
"('20', '4', '8', '6')",0.9995271482358146
"('20', '4', '9', '6')",0.9999879235749655
"('20', '4', '1', '7')",0.0
"('20', '4', '2', '7')",0.0030519999999999922
"('20', '4', '3', '7')",0.042251199999999774
"('20', '4', '4', '7')",0.21886384000000034
"('20', '4', '5', '7')",0.6298963200000026
"('20', '4', '6', '7')",0.9905335295999994
"('20', '4', '7', '7')",1.0
"('20', '4', '8', '7')",1.0
"('20', '4', '9', '7')",1.0
"('20', '4', '1', '8')",0.0
"('20', '4', '2', '8')",0.003930000000000005
"('20', '4', '3', '8')",0.08937630000000009
"('20', '4', '4', '8')",0.3512838400000009
"('20', '4', '5', '8')",0.8683599369999987
"('20', '4', '6', '8')",0.9999882705999981
"('20', '4', '7', '8')",1.0000000000000002
"('20', '4', '8', '8')",1.0000000000000002
"('20', '4', '9', '8')",1.0000000000000002
"('20', '5', '1', '0')",1.0000000000000013e-05
"('20', '5', '2', '0')",0.0007670000000000014
"('20', '5', '3', '0')",0.004593300000000011
"('20', '5', '4', '0')",0.023537820000000036
"('20', '5', '5', '0')",0.08806333700000013
"('20', '5', '6', '0')",0.23554462269999976
"('20', '5', '7', '0')",0.4637518113900007
"('20', '5', '8', '0')",0.6953624172399983
"('20', '5', '9', '0')",0.8633971509872995
"('20', '5', '1', '1')",1.5000000000000109e-05
"('20', '5', '2', '1')",0.0010350000000000036
"('20', '5', '3', '1')",0.0075988374999999934
"('20', '5', '4', '1')",0.03938449999999996
"('20', '5', '5', '1')",0.13626445146874955
"('20', '5', '6', '1')",0.3359112729312489
"('20', '5', '7', '1')",0.5894961392347646
"('20', '5', '8', '1')",0.802879337144771
"('20', '5', '9', '1')",0.9280704659294591
"('20', '5', '1', '2')",0.0
"('20', '5', '2', '2')",0.0016610000000000004
"('20', '5', '3', '2')",0.011230199999999989
"('20', '5', '4', '2')",0.058960769999999926
"('20', '5', '5', '2')",0.19685949699999958
"('20', '5', '6', '2')",0.4422705818999994
"('20', '5', '7', '2')",0.704454075959998
"('20', '5', '8', '2')",0.885287474680999
"('20', '5', '9', '2')",0.9668746952500991
"('20', '5', '1', '3')",0.0
"('20', '5', '2', '3')",0.002025749999999995
"('20', '5', '3', '3')",0.015810612500000047
"('20', '5', '4', '3')",0.084464665625
"('20', '5', '5', '3')",0.2632047937187471
"('20', '5', '6', '3')",0.5513072998124983
"('20', '5', '7', '3')",0.8058943373312476
"('20', '5', '8', '3')",0.941577409299666
"('20', '5', '9', '3')",0.9874956997203376
"('20', '5', '1', '4')",0.0
"('20', '5', '2', '4')",0.0027089999999999944
"('20', '5', '3', '4')",0.021300999999999987
"('20', '5', '4', '4')",0.1145773799999999
"('20', '5', '5', '4')",0.345029084999999
"('20', '5', '6', '4')",0.6625882514999983
"('20', '5', '7', '4')",0.8871346769499986
"('20', '5', '8', '4')",0.9752432082200011
"('20', '5', '9', '4')",0.9963560201926013
"('20', '5', '1', '5')",0.0
"('20', '5', '2', '5')",0.0032515000000000096
"('20', '5', '3', '5')",0.028498162500000035
"('20', '5', '4', '5')",0.14612816437499956
"('20', '5', '5', '5')",0.4304271461250014
"('20', '5', '6', '5')",0.7669458599031268
"('20', '5', '7', '5')",0.946049681850388
"('20', '5', '8', '5')",0.9923349231342908
"('20', '5', '9', '5')",0.9992836065787729
"('20', '5', '1', '6')",4.4999999999999874e-05
"('20', '5', '2', '6')",0.0037934999999999918
"('20', '5', '3', '6')",0.0405211500000001
"('20', '5', '4', '6')",0.2087450981250006
"('20', '5', '5', '6')",0.5737542373437515
"('20', '5', '6', '6')",0.9086802793921868
"('20', '5', '7', '6')",0.992885733308674
"('20', '5', '8', '6')",0.9997337410572141
"('20', '5', '9', '6')",0.9999940659287611
"('20', '5', '1', '7')",0.0
"('20', '5', '2', '7')",0.005307999999999984
"('20', '5', '3', '7')",0.06720320000000006
"('20', '5', '4', '7')",0.28749232000000136
"('20', '5', '5', '7')",0.7148774400000002
"('20', '5', '6', '7')",0.9941890047999988
"('20', '5', '7', '7')",1.0
"('20', '5', '8', '7')",1.0
"('20', '5', '9', '7')",1.0
"('20', '5', '1', '8')",0.0
"('20', '5', '2', '8')",0.00936999999999997
"('20', '5', '3', '8')",0.12554200000000018
"('20', '5', '4', '8')",0.4231357499999995
"('20', '5', '5', '8')",0.9065079460000008
"('20', '5', '6', '8')",0.9999926259999989
"('20', '5', '7', '8')",1.0
"('20', '5', '8', '8')",1.0000000000000002
"('20', '5', '9', '8')",1.0
"('20', '6', '1', '0')",0.0
"('20', '6', '2', '0')",0.0010900000000000026
"('20', '6', '3', '0')",0.0079312
"('20', '6', '4', '0')",0.035805889999999854
"('20', '6', '5', '0')",0.12970374599999984
"('20', '6', '6', '0')",0.31738537179999954
"('20', '6', '7', '0')",0.5633405302900012
"('20', '6', '8', '0')",0.7796677741790029
"('20', '6', '9', '0')",0.9131480874807024
"('20', '6', '1', '1')",1.5000000000000116e-05
"('20', '6', '2', '1')",0.0017452499999999983
"('20', '6', '3', '1')",0.011970324999999967
"('20', '6', '4', '1')",0.059981767500000054
"('20', '6', '5', '1')",0.18913225878124923
"('20', '6', '6', '1')",0.4226929060546879
"('20', '6', '7', '1')",0.6757867330428886
"('20', '6', '8', '1')",0.863294438034799
"('20', '6', '9', '1')",0.9563197431163213
"('20', '6', '1', '2')",0.0
"('20', '6', '2', '2')",0.002647999999999998
"('20', '6', '3', '2')",0.017807899999999852
"('20', '6', '4', '2')",0.08554709000000012
"('20', '6', '5', '2')",0.2591627020000015
"('20', '6', '6', '2')",0.5302934656999991
"('20', '6', '7', '2')",0.7761325692100007
"('20', '6', '8', '2')",0.9237585859509992
"('20', '6', '9', '2')",0.9806763773805027
"('20', '6', '1', '3')",0.0
"('20', '6', '2', '3')",0.0032557499999999926
"('20', '6', '3', '3')",0.02495123750000002
"('20', '6', '4', '3')",0.11720980562500012
"('20', '6', '5', '3')",0.3363371800625006
"('20', '6', '6', '3')",0.6359210536046902
"('20', '6', '7', '3')",0.8593069758947685
"('20', '6', '8', '3')",0.9625909284322103
"('20', '6', '9', '3')",0.9930495823113468
"('20', '6', '1', '4')",0.0
"('20', '6', '2', '4')",0.003768999999999988
"('20', '6', '3', '4')",0.033343700000000094
"('20', '6', '4', '4')",0.15665139999999977
"('20', '6', '5', '4')",0.42596703200000174
"('20', '6', '6', '4')",0.734728452999998
"('20', '6', '7', '4')",0.9216574171899966
"('20', '6', '8', '4')",0.9847421379740002
"('20', '6', '9', '4')",0.9980342106518015
"('20', '6', '1', '5')",0.0
"('20', '6', '2', '5')",0.004579750000000011
"('20', '6', '3', '5')",0.04219113749999997
"('20', '6', '4', '5')",0.19871852187500055
"('20', '6', '5', '5')",0.5153627639375002
"('20', '6', '6', '5')",0.8249182069875008
"('20', '6', '7', '5')",0.9641434011360951
"('20', '6', '8', '5')",0.9954830706226332
"('20', '6', '9', '5')",0.9996353370426542
"('20', '6', '1', '6')",0.0
"('20', '6', '2', '6')",0.0070787500000000095
"('20', '6', '3', '6')",0.06354000000000012
"('20', '6', '4', '6')",0.2721920818750003
"('20', '6', '5', '6')",0.6551365945312485
"('20', '6', '6', '6')",0.936304930957812
"('20', '6', '7', '6')",0.9956536464826585
"('20', '6', '8', '6')",0.9998553666051126
"('20', '6', '9', '6')",0.9999972513616522
"('20', '6', '1', '7')",0.0
"('20', '6', '2', '7')",0.008839999999999985
"('20', '6', '3', '7')",0.08946799999999988
"('20', '6', '4', '7')",0.3684017600000004
"('20', '6', '5', '7')",0.7877669120000037
"('20', '6', '6', '7')",0.9963228159999985
"('20', '6', '7', '7')",1.0
"('20', '6', '8', '7')",1.0
"('20', '6', '9', '7')",0.9999999999999999
"('20', '6', '1', '8')",0.0
"('20', '6', '2', '8')",0.01548300000000004
"('20', '6', '3', '8')",0.15874770000000035
"('20', '6', '4', '8')",0.515295700000003
"('20', '6', '5', '8')",0.9345473650000002
"('20', '6', '6', '8')",0.9999954218000008
"('20', '6', '7', '8')",1.0000000000000002
"('20', '6', '8', '8')",1.0000000000000002
"('20', '6', '9', '8')",1.0
"('20', '7', '1', '0')",1.0000000000000028e-05
"('20', '7', '2', '0')",0.0016889999999999974
"('20', '7', '3', '0')",0.010998899999999999
"('20', '7', '4', '0')",0.05537653999999989
"('20', '7', '5', '0')",0.18004620600000068
"('20', '7', '6', '0')",0.39921096780000054
"('20', '7', '7', '0')",0.6533640119000003
"('20', '7', '8', '0')",0.8460796667490033
"('20', '7', '9', '0')",0.9476325453712034
"('20', '7', '1', '1')",0.0
"('20', '7', '2', '1')",0.002791500000000001
"('20', '7', '3', '1')",0.01824071250000007
"('20', '7', '4', '1')",0.08291753125000031
"('20', '7', '5', '1')",0.24903327646874965
"('20', '7', '6', '1')",0.5082348169406238
"('20', '7', '7', '1')",0.754910130957266
"('20', '7', '8', '1')",0.9089078917198146
"('20', '7', '9', '1')",0.9751581748071196
"('20', '7', '1', '2')",0.0
"('20', '7', '2', '2')",0.0037759999999999994
"('20', '7', '3', '2')",0.02573039999999997
"('20', '7', '4', '2')",0.11638599000000029
"('20', '7', '5', '2')",0.32793107400000093
"('20', '7', '6', '2')",0.6114849536000021
"('20', '7', '7', '2')",0.8365342226399985
"('20', '7', '8', '2')",0.9509879060899986
"('20', '7', '9', '2')",0.9895483488075985
"('20', '7', '1', '3')",0.0
"('20', '7', '2', '3')",0.004537749999999972
"('20', '7', '3', '3')",0.03537040000000017
"('20', '7', '4', '3')",0.15753529437500063
"('20', '7', '5', '3')",0.4136731119374993
"('20', '7', '6', '3')",0.7097619004781245
"('20', '7', '7', '3')",0.8999413950228121
"('20', '7', '8', '3')",0.9768782760973024
"('20', '7', '9', '3')",0.9963223148781474
"('20', '7', '1', '4')",0.0
"('20', '7', '2', '4')",0.006288000000000008
"('20', '7', '3', '4')",0.04630420000000007
"('20', '7', '4', '4')",0.2044779299999997
"('20', '7', '5', '4')",0.49850151999999925
"('20', '7', '6', '4')",0.7962252995000004
"('20', '7', '7', '4')",0.9468330209700009
"('20', '7', '8', '4')",0.9910944828639977
"('20', '7', '9', '4')",0.999000035052203
"('20', '7', '1', '5')",0.0
"('20', '7', '2', '5')",0.007236250000000017
"('20', '7', '3', '5')",0.06025257499999993
"('20', '7', '4', '5')",0.25450387125000024
"('20', '7', '5', '5')",0.5946906923749987
"('20', '7', '6', '5')",0.8700277202937473
"('20', '7', '7', '5')",0.9768957095059361
"('20', '7', '8', '5')",0.9974656538901895
"('20', '7', '9', '5')",0.9998223368909905
"('20', '7', '1', '6')",0.0
"('20', '7', '2', '6')",0.009403499999999987
"('20', '7', '3', '6')",0.08490206249999967
"('20', '7', '4', '6')",0.33745203499999993
"('20', '7', '5', '6')",0.7260977396249999
"('20', '7', '6', '6')",0.9565128128203102
"('20', '7', '7', '6')",0.9974399197404703
"('20', '7', '8', '6')",0.9999270542462969
"('20', '7', '9', '6')",0.9999988328682874
"('20', '7', '1', '7')",0.0
"('20', '7', '2', '7')",0.01429599999999998
"('20', '7', '3', '7')",0.12020799999999972
"('20', '7', '4', '7')",0.4410329600000014
"('20', '7', '5', '7')",0.8439756159999979
"('20', '7', '6', '7')",0.9978186752000014
"('20', '7', '7', '7')",1.0
"('20', '7', '8', '7')",1.0
"('20', '7', '9', '7')",0.9999999999999999
"('20', '7', '1', '8')",0.0
"('20', '7', '2', '8')",0.020761000000000078
"('20', '7', '3', '8')",0.20986359999999937
"('20', '7', '4', '8')",0.5793013199999986
"('20', '7', '5', '8')",0.9558178269999983
"('20', '7', '6', '8')",0.9999973969000004
"('20', '7', '7', '8')",1.0000000000000004
"('20', '7', '8', '8')",1.0000000000000004
"('20', '7', '9', '8')",1.0000000000000002
"('21', '0', '1', '0')",0.0
"('21', '0', '2', '0')",0.0
"('21', '0', '3', '0')",0.0
"('21', '0', '4', '0')",0.0
"('21', '0', '5', '0')",0.0
"('21', '0', '6', '0')",0.0004550000000000002
"('21', '0', '7', '0')",0.009584
"('21', '0', '8', '0')",0.06133787000000002
"('21', '0', '9', '0')",0.20135115
"('21', '0', '1', '1')",0.0
"('21', '0', '2', '1')",0.0
"('21', '0', '3', '1')",0.0
"('21', '0', '4', '1')",0.0
"('21', '0', '5', '1')",0.0
"('21', '0', '6', '1')",0.0028771875
"('21', '0', '7', '1')",0.039441156250000005
"('21', '0', '8', '1')",0.172520964453125
"('21', '0', '9', '1')",0.4088791456093749
"('21', '0', '1', '2')",0.0
"('21', '0', '2', '2')",0.0
"('21', '0', '3', '2')",0.0
"('21', '0', '4', '2')",0.0
"('21', '0', '5', '2')",0.0
"('21', '0', '6', '2')",0.010960000000000003
"('21', '0', '7', '2')",0.10652090000000002
"('21', '0', '8', '2')",0.34180329000000004
"('21', '0', '9', '2')",0.626533418
"('21', '0', '1', '3')",0.0
"('21', '0', '2', '3')",0.0
"('21', '0', '3', '3')",0.0
"('21', '0', '4', '3')",0.0
"('21', '0', '5', '3')",0.0
"('21', '0', '6', '3')",0.0313671875
"('21', '0', '7', '3')",0.22315075624999992
"('21', '0', '8', '3')",0.543328576953125
"('21', '0', '9', '3')",0.8057540479218748
"('21', '0', '1', '4')",0.0
"('21', '0', '2', '4')",0.0
"('21', '0', '3', '4')",0.0
"('21', '0', '4', '4')",0.0
"('21', '0', '5', '4')",0.0
"('21', '0', '6', '4')",0.07465499999999997
"('21', '0', '7', '4')",0.39117399999999997
"('21', '0', '8', '4')",0.73745819
"('21', '0', '9', '4')",0.922132174
"('21', '0', '1', '5')",0.0
"('21', '0', '2', '5')",0.0
"('21', '0', '3', '5')",0.0
"('21', '0', '4', '5')",0.0
"('21', '0', '5', '5')",0.0
"('21', '0', '6', '5')",0.1561721875
"('21', '0', '7', '5')",0.5959384062499999
"('21', '0', '8', '5')",0.8864543219531248
"('21', '0', '9', '5')",0.9789127927343747
"('21', '0', '1', '6')",0.0
"('21', '0', '2', '6')",0.0
"('21', '0', '3', '6')",0.0
"('21', '0', '4', '6')",0.0
"('21', '0', '5', '6')",0.0
"('21', '0', '6', '6')",0.3875090625000002
"('21', '0', '7', '6')",0.8904917250000004
"('21', '0', '8', '6')",0.9912979019531253
"('21', '0', '9', '6')",0.9995961545156253
"('21', '0', '1', '7')",0.0
"('21', '0', '2', '7')",0.0
"('21', '0', '3', '7')",0.0
"('21', '0', '4', '7')",0.0
"('21', '0', '5', '7')",0.0
"('21', '0', '6', '7')",0.8208000000000001
"('21', '0', '7', '7')",1.0
"('21', '0', '8', '7')",1.0
"('21', '0', '9', '7')",1.0
"('21', '0', '1', '8')",0.0
"('21', '0', '2', '8')",0.0
"('21', '0', '3', '8')",0.0
"('21', '0', '4', '8')",0.0
"('21', '0', '5', '8')",0.0
"('21', '0', '6', '8')",0.9987300000000003
"('21', '0', '7', '8')",1.0000000000000002
"('21', '0', '8', '8')",1.0000000000000002
"('21', '0', '9', '8')",1.0000000000000002
"('21', '1', '1', '0')",0.0
"('21', '1', '2', '0')",0.0
"('21', '1', '3', '0')",0.0
"('21', '1', '4', '0')",0.0002465700000000003
"('21', '1', '5', '0')",0.0022057379999999875
"('21', '1', '6', '0')",0.011969140699999986
"('21', '1', '7', '0')",0.051994475879999995
"('21', '1', '8', '0')",0.15969341751900012
"('21', '1', '9', '0')",0.3455416407497016
"('21', '1', '1', '1')",0.0
"('21', '1', '2', '1')",0.0
"('21', '1', '3', '1')",0.0
"('21', '1', '4', '1')",0.000763910625000001
"('21', '1', '5', '1')",0.005474408437499997
"('21', '1', '6', '1')",0.02895541041250004
"('21', '1', '7', '1')",0.11417380455937517
"('21', '1', '8', '1')",0.2983107635337592
"('21', '1', '9', '1')",0.5446969001500456
"('21', '1', '1', '2')",0.0
"('21', '1', '2', '2')",0.0
"('21', '1', '3', '2')",0.0
"('21', '1', '4', '2')",0.0016220800000000001
"('21', '1', '5', '2')",0.01159447900000003
"('21', '1', '6', '2')",0.05921430330000021
"('21', '1', '7', '2')",0.2109914446000001
"('21', '1', '8', '2')",0.4693248034010007
"('21', '1', '9', '2')",0.7254517857160021
"('21', '1', '1', '3')",0.0
"('21', '1', '2', '3')",0.0
"('21', '1', '3', '3')",0.0
"('21', '1', '4', '3')",0.003063496874999994
"('21', '1', '5', '3')",0.020523491531249997
"('21', '1', '6', '3')",0.10655602670781238
"('21', '1', '7', '3')",0.3429511518815647
"('21', '1', '8', '3')",0.6479651183737741
"('21', '1', '9', '3')",0.8630270601064314
"('21', '1', '1', '4')",0.0
"('21', '1', '2', '4')",0.0
"('21', '1', '3', '4')",0.0
"('21', '1', '4', '4')",0.004889910000000025
"('21', '1', '5', '4')",0.03469212799999977
"('21', '1', '6', '4')",0.17752822859999942
"('21', '1', '7', '4')",0.5076093687999994
"('21', '1', '8', '4')",0.805269940367001
"('21', '1', '9', '4')",0.9469937705488011
"('21', '1', '1', '5')",0.0
"('21', '1', '2', '5')",0.0
"('21', '1', '3', '5')",0.0
"('21', '1', '4', '5')",0.007270094999999997
"('21', '1', '5', '5')",0.052985291531250006
"('21', '1', '6', '5')",0.28093071203437414
"('21', '1', '7', '5')",0.6859170315179679
"('21', '1', '8', '5')",0.9189457996741014
"('21', '1', '9', '5')",0.9860867533919137
"('21', '1', '1', '6')",0.0
"('21', '1', '2', '6')",0.0
"('21', '1', '3', '6')",0.0
"('21', '1', '4', '6')",0.011909126249999989
"('21', '1', '5', '6')",0.0935027904375001
"('21', '1', '6', '6')",0.5127655296093747
"('21', '1', '7', '6')",0.9206524034571119
"('21', '1', '8', '6')",0.9941422902927658
"('21', '1', '9', '6')",0.9997495670572923
"('21', '1', '1', '7')",0.0
"('21', '1', '2', '7')",0.0
"('21', '1', '3', '7')",0.0
"('21', '1', '4', '7')",0.020510879999999954
"('21', '1', '5', '7')",0.14543801599999878
"('21', '1', '6', '7')",0.8679369728000014
"('21', '1', '7', '7')",1.0
"('21', '1', '8', '7')",1.0
"('21', '1', '9', '7')",1.0
"('21', '1', '1', '8')",0.0
"('21', '1', '2', '8')",0.0
"('21', '1', '3', '8')",0.0
"('21', '1', '4', '8')",0.02988189000000005
"('21', '1', '5', '8')",0.20632828299999922
"('21', '1', '6', '8')",0.9990796760000029
"('21', '1', '7', '8')",1.0000000000000002
"('21', '1', '8', '8')",1.0000000000000004
"('21', '1', '9', '8')",1.0000000000000002
"('21', '2', '1', '0')",0.0
"('21', '2', '2', '0')",1.9999999999999958e-05
"('21', '2', '3', '0')",0.00020310000000000087
"('21', '2', '4', '0')",0.001417690000000001
"('21', '2', '5', '0')",0.008111850000000016
"('21', '2', '6', '0')",0.03379303209999992
"('21', '2', '7', '0')",0.11251403903000007
"('21', '2', '8', '0')",0.26929106855600116
"('21', '2', '9', '0')",0.4814479905465007
"('21', '2', '1', '1')",0.0
"('21', '2', '2', '1')",7.500000000000013e-05
"('21', '2', '3', '1')",0.0003210125000000003
"('21', '2', '4', '1')",0.0030866524999999985
"('21', '2', '5', '1')",0.018041476499999896
"('21', '2', '6', '1')",0.06784198698437513
"('21', '2', '7', '1')",0.2009691331628913
"('21', '2', '8', '1')",0.41861158977760515
"('21', '2', '9', '1')",0.6568122418952296
"('21', '2', '1', '2')",0.0
"('21', '2', '2', '2')",8.3e-05
"('21', '2', '3', '2')",0.00046780000000000026
"('21', '2', '4', '2')",0.00577914
"('21', '2', '5', '2')",0.030271803999999944
"('21', '2', '6', '2')",0.11977285990000053
"('21', '2', '7', '2')",0.31582242140000005
"('21', '2', '8', '2')",0.5816067631689988
"('21', '2', '9', '2')",0.8033078290301001
"('21', '2', '1', '3')",0.0
"('21', '2', '2', '3')",0.0001157499999999997
"('21', '2', '3', '3')",0.0007625125000000036
"('21', '2', '4', '3')",0.009571939375000029
"('21', '2', '5', '3')",0.05158726365624982
"('21', '2', '6', '3')",0.187419901567188
"('21', '2', '7', '3')",0.4551001369974226
"('21', '2', '8', '3')",0.7340205623555771
"('21', '2', '9', '3')",0.9055991823891478
"('21', '2', '1', '4')",0.0
"('21', '2', '2', '4')",7.499999999999971e-05
"('21', '2', '3', '4')",0.0009590000000000013
"('21', '2', '4', '4')",0.015041899999999966
"('21', '2', '5', '4')",0.07973462500000035
"('21', '2', '6', '4')",0.27856211899999916
"('21', '2', '7', '4')",0.6085697187700004
"('21', '2', '8', '4')",0.8585164726979986
"('21', '2', '9', '4')",0.9648308059727009
"('21', '2', '1', '5')",0.0
"('21', '2', '2', '5')",0.00015700000000000083
"('21', '2', '3', '5')",0.0011313124999999989
"('21', '2', '4', '5')",0.021140216249999972
"('21', '2', '5', '5')",0.11561679040624978
"('21', '2', '6', '5')",0.39522466513906324
"('21', '2', '7', '5')",0.7596196598721082
"('21', '2', '8', '5')",0.9433177464497979
"('21', '2', '9', '5')",0.9910972812288686
"('21', '2', '1', '6')",0.0
"('21', '2', '2', '6')",0.00013274999999999992
"('21', '2', '3', '6')",0.002104087500000005
"('21', '2', '4', '6')",0.0335342025000001
"('21', '2', '5', '6')",0.18429825403124944
"('21', '2', '6', '6')",0.6172351309531289
"('21', '2', '7', '6')",0.9431689585918775
"('21', '2', '8', '6')",0.9961675159485405
"('21', '2', '9', '6')",0.999850441939782
"('21', '2', '1', '7')",0.0
"('21', '2', '2', '7')",0.00015600000000000024
"('21', '2', '3', '7')",0.0029983999999999966
"('21', '2', '4', '7')",0.05274767999999981
"('21', '2', '5', '7')",0.2835012160000005
"('21', '2', '6', '7')",0.9041212416000012
"('21', '2', '7', '7')",0.9999999999999999
"('21', '2', '8', '7')",1.0
"('21', '2', '9', '7')",0.9999999999999999
"('21', '2', '1', '8')",0.0
"('21', '2', '2', '8')",0.00022599999999999874
"('21', '2', '3', '8')",0.004368200000000002
"('21', '2', '4', '8')",0.07274375000000058
"('21', '2', '5', '8')",0.37568153299999907
"('21', '2', '6', '8')",0.9993515210999997
"('21', '2', '7', '8')",1.0000000000000004
"('21', '2', '8', '8')",1.0000000000000002
"('21', '2', '9', '8')",1.0000000000000002
"('21', '3', '1', '0')",0.0
"('21', '3', '2', '0')",0.00011100000000000007
"('21', '3', '3', '0')",0.0006743000000000009
"('21', '3', '4', '0')",0.003697029999999992
"('21', '3', '5', '0')",0.018665019999999994
"('21', '3', '6', '0')",0.06770631240000025
"('21', '3', '7', '0')",0.18556507845000025
"('21', '3', '8', '0')",0.38081397588500115
"('21', '3', '9', '0')",0.6030531332364981
"('21', '3', '1', '1')",0.0
"('21', '3', '2', '1')",0.00015999999999999966
"('21', '3', '3', '1')",0.001064787499999996
"('21', '3', '4', '1')",0.0075021731250000155
"('21', '3', '5', '1')",0.03499034412500002
"('21', '3', '6', '1')",0.12041564687343771
"('21', '3', '7', '1')",0.2942585114977337
"('21', '3', '8', '1')",0.5334710271812045
"('21', '3', '9', '1')",0.7502963879270956
"('21', '3', '1', '2')",0.0
"('21', '3', '2', '2')",0.00021600000000000007
"('21', '3', '3', '2')",0.001533299999999996
"('21', '3', '4', '2')",0.012740199999999957
"('21', '3', '5', '2')",0.06002384900000004
"('21', '3', '6', '2')",0.1882289514999998
"('21', '3', '7', '2')",0.42083699444999995
"('21', '3', '8', '2')",0.6766526100029991
"('21', '3', '9', '2')",0.8636505522936002
"('21', '3', '1', '3')",0.0
"('21', '3', '2', '3')",0.0003510000000000002
"('21', '3', '3', '3')",0.0021879000000000013
"('21', '3', '4', '3')",0.02052541437500006
"('21', '3', '5', '3')",0.09090504349999991
"('21', '3', '6', '3')",0.2747732967312495
"('21', '3', '7', '3')",0.5569580469086718
"('21', '3', '8', '3')",0.8042365232094377
"('21', '3', '9', '3')",0.9369681862491888
"('21', '3', '1', '4')",0.0
"('21', '3', '2', '4')",0.0004400000000000001
"('21', '3', '3', '4')",0.0034413000000000087
"('21', '3', '4', '4')",0.02943672000000004
"('21', '3', '5', '4')",0.13260893099999996
"('21', '3', '6', '4')",0.37863646030000037
"('21', '3', '7', '4')",0.6939666357700036
"('21', '3', '8', '4')",0.8994969099739984
"('21', '3', '9', '4')",0.9774431386725055
"('21', '3', '1', '5')",0.0
"('21', '3', '2', '5')",0.00039099999999999964
"('21', '3', '3', '5')",0.004250549999999991
"('21', '3', '4', '5')",0.041775403125
"('21', '3', '5', '5')",0.18409691784375035
"('21', '3', '6', '5')",0.49761572573124907
"('21', '3', '7', '5')",0.8197188864664045
"('21', '3', '8', '5')",0.9611074198378613
"('21', '3', '9', '5')",0.994460698220391
"('21', '3', '1', '6')",0.0
"('21', '3', '2', '6')",0.0004679999999999978
"('21', '3', '3', '6')",0.006574962500000001
"('21', '3', '4', '6')",0.06522717312499977
"('21', '3', '5', '6')",0.2826993778437496
"('21', '3', '6', '6')",0.7052400294578127
"('21', '3', '7', '6')",0.9600562935497657
"('21', '3', '8', '6')",0.9975652768399599
"('21', '3', '9', '6')",0.9999133699096677
"('21', '3', '1', '7')",0.0
"('21', '3', '2', '7')",0.0005959999999999994
"('21', '3', '3', '7')",0.008156799999999948
"('21', '3', '4', '7')",0.10089792000000013
"('21', '3', '5', '7')",0.4072913920000013
"('21', '3', '6', '7')",0.9322784768000011
"('21', '3', '7', '7')",1.0
"('21', '3', '8', '7')",0.9999999999999998
"('21', '3', '9', '7')",1.0
"('21', '3', '1', '8')",0.0
"('21', '3', '2', '8')",0.0004660000000000004
"('21', '3', '3', '8')",0.011814700000000018
"('21', '3', '4', '8')",0.1378453700000002
"('21', '3', '5', '8')",0.5140220930000016
"('21', '3', '6', '8')",0.9995445246999999
"('21', '3', '7', '8')",1.0000000000000002
"('21', '3', '8', '8')",1.0000000000000004
"('21', '3', '9', '8')",1.0000000000000002
"('21', '4', '1', '0')",0.0
"('21', '4', '2', '0')",0.0002360000000000002
"('21', '4', '3', '0')",0.0015067000000000019
"('21', '4', '4', '0')",0.008026899999999988
"('21', '4', '5', '0')",0.034501551999999894
"('21', '4', '6', '0')",0.11307797719999997
"('21', '4', '7', '0')",0.27243502688999965
"('21', '4', '8', '0')",0.49104469747900054
"('21', '4', '9', '0')",0.7061393435230005
"('21', '4', '1', '1')",0.0
"('21', '4', '2', '1')",0.000365999999999999
"('21', '4', '3', '1')",0.002577787499999998
"('21', '4', '4', '1')",0.014340368124999977
"('21', '4', '5', '1')",0.06021471409374991
"('21', '4', '6', '1')",0.18067212032656232
"('21', '4', '7', '1')",0.38949080802726516
"('21', '4', '8', '1')",0.6322499501677077
"('21', '4', '9', '1')",0.8247644702001627
"('21', '4', '1', '2')",0.0
"('21', '4', '2', '2')",0.0005869999999999964
"('21', '4', '3', '2')",0.003703400000000001
"('21', '4', '4', '2')",0.02349327999999998
"('21', '4', '5', '2')",0.09495959199999995
"('21', '4', '6', '2')",0.26583596619999844
"('21', '4', '7', '2')",0.5197902107500021
"('21', '4', '8', '2')",0.7567510150159962
"('21', '4', '9', '2')",0.9071669100291019
"('21', '4', '1', '3')",0.0
"('21', '4', '2', '3')",0.0006734999999999997
"('21', '4', '3', '3')",0.005182900000000003
"('21', '4', '4', '3')",0.03467645499999994
"('21', '4', '5', '3')",0.13913359803125042
"('21', '4', '6', '3')",0.36582548090156114
"('21', '4', '7', '3')",0.6446237385516403
"('21', '4', '8', '3')",0.8588292200428544
"('21', '4', '9', '3')",0.9593202945368186
"('21', '4', '1', '4')",0.0
"('21', '4', '2', '4')",0.0009229999999999995
"('21', '4', '3', '4')",0.0066957000000000015
"('21', '4', '4', '4')",0.04982598000000009
"('21', '4', '5', '4')",0.19283746600000098
"('21', '4', '6', '4')",0.47225187239999916
"('21', '4', '7', '4')",0.7646878378700025
"('21', '4', '8', '4')",0.9302049696450015
"('21', '4', '9', '4')",0.9858611498147011
"('21', '4', '1', '5')",0.0
"('21', '4', '2', '5')",0.000868500000000001
"('21', '4', '3', '5')",0.00928694999999996
"('21', '4', '4', '5')",0.0685730006250003
"('21', '4', '5', '5')",0.2585131521875011
"('21', '4', '6', '5')",0.5887259153749995
"('21', '4', '7', '5')",0.8666926216560162
"('21', '4', '8', '5')",0.974490903742834
"('21', '4', '9', '5')",0.996656745813217
"('21', '4', '1', '6')",0.0
"('21', '4', '2', '6')",0.0009494999999999986
"('21', '4', '3', '6')",0.01249628750000001
"('21', '4', '4', '6')",0.10551068937499995
"('21', '4', '5', '6')",0.37835981271875024
"('21', '4', '6', '6')",0.7764373964437505
"('21', '4', '7', '6')",0.9729231801088276
"('21', '4', '8', '6')",0.9984964343568492
"('21', '4', '9', '6')",0.9999519858904768
"('21', '4', '1', '7')",0.0
"('21', '4', '2', '7')",0.0014679999999999997
"('21', '4', '3', '7')",0.016831999999999955
"('21', '4', '4', '7')",0.14999775999999992
"('21', '4', '5', '7')",0.5129845759999991
"('21', '4', '6', '7')",0.9527601151999978
"('21', '4', '7', '7')",1.0
"('21', '4', '8', '7')",0.9999999999999999
"('21', '4', '9', '7')",0.9999999999999999
"('21', '4', '1', '8')",0.0
"('21', '4', '2', '8')",0.001443999999999995
"('21', '4', '3', '8')",0.025391500000000036
"('21', '4', '4', '8')",0.20025098000000005
"('21', '4', '5', '8')",0.629580761
"('21', '4', '6', '8')",0.999697009100001
"('21', '4', '7', '8')",1.0000000000000002
"('21', '4', '8', '8')",1.0000000000000002
"('21', '4', '9', '8')",1.0000000000000002
"('21', '5', '1', '0')",0.0
"('21', '5', '2', '0')",0.0005760000000000023
"('21', '5', '3', '0')",0.0028260999999999933
"('21', '5', '4', '0')",0.014218630000000034
"('21', '5', '5', '0')",0.05759540999999995
"('21', '5', '6', '0')",0.16946288100000015
"('21', '5', '7', '0')",0.3635519048399997
"('21', '5', '8', '0')",0.5959406666169974
"('21', '5', '9', '0')",0.7900469004036038
"('21', '5', '1', '1')",0.0
"('21', '5', '2', '1')",0.000616249999999998
"('21', '5', '3', '1')",0.004669362500000001
"('21', '5', '4', '1')",0.02462589812500012
"('21', '5', '5', '1')",0.09214394128124995
"('21', '5', '6', '1')",0.2500833237515636
"('21', '5', '7', '1')",0.4856364088595312
"('21', '5', '8', '1')",0.720507815203297
"('21', '5', '9', '1')",0.8803880047127746
"('21', '5', '1', '2')",0.0
"('21', '5', '2', '2')",0.0008820000000000008
"('21', '5', '3', '2')",0.006953000000000003
"('21', '5', '4', '2')",0.03783485999999995
"('21', '5', '5', '2')",0.13923318399999976
"('21', '5', '6', '2')",0.3436548947000016
"('21', '5', '7', '2')",0.6107329043300036
"('21', '5', '8', '2')",0.8237882308049989
"('21', '5', '9', '2')",0.9402208839120008
"('21', '5', '1', '3')",0.0
"('21', '5', '2', '3')",0.0012930000000000012
"('21', '5', '3', '3')",0.009510587499999973
"('21', '5', '4', '3')",0.05501972374999989
"('21', '5', '5', '3')",0.19247882143749961
"('21', '5', '6', '3')",0.45050607239999907
"('21', '5', '7', '3')",0.7228696217334364
"('21', '5', '8', '3')",0.9001876949965024
"('21', '5', '9', '3')",0.9745286228194104
"('21', '5', '1', '4')",0.0
"('21', '5', '2', '4')",0.001595999999999997
"('21', '5', '3', '4')",0.012708399999999988
"('21', '5', '4', '4')",0.07695847
"('21', '5', '5', '4')",0.2613506000000002
"('21', '5', '6', '4')",0.5594028389999998
"('21', '5', '7', '4')",0.8235696834300009
"('21', '5', '8', '4')",0.9537795925349993
"('21', '5', '9', '4')",0.9915173794632017
"('21', '5', '1', '5')",0.0
"('21', '5', '2', '5')",0.0018712500000000007
"('21', '5', '3', '5')",0.015885375000000042
"('21', '5', '4', '5')",0.10300864187499992
"('21', '5', '5', '5')",0.33601118296874943
"('21', '5', '6', '5')",0.6700467038765646
"('21', '5', '7', '5')",0.9044617026012487
"('21', '5', '8', '5')",0.9832536470581609
"('21', '5', '9', '5')",0.9980853758522493
"('21', '5', '1', '6')",0.0
"('21', '5', '2', '6')",0.0019259999999999967
"('21', '5', '3', '6')",0.022758750000000005
"('21', '5', '4', '6')",0.1496694712500004
"('21', '5', '5', '6')",0.4642494990312497
"('21', '5', '6', '6')",0.8332472052250013
"('21', '5', '7', '6')",0.9818301318863268
"('21', '5', '8', '6')",0.9991057607481257
"('21', '5', '9', '6')",0.9999742709027739
"('21', '5', '1', '7')",0.0
"('21', '5', '2', '7')",0.002467999999999997
"('21', '5', '3', '7')",0.030791999999999993
"('21', '5', '4', '7')",0.20664240000000011
"('21', '5', '5', '7')",0.6086489600000007
"('21', '5', '6', '7')",0.968323379200003
"('21', '5', '7', '7')",0.9999999999999999
"('21', '5', '8', '7')",1.0
"('21', '5', '9', '7')",1.0
"('21', '5', '1', '8')",0.0
"('21', '5', '2', '8')",0.0031559999999999887
"('21', '5', '3', '8')",0.04347940000000009
"('21', '5', '4', '8')",0.27897039000000096
"('21', '5', '5', '8')",0.724242641000004
"('21', '5', '6', '8')",0.9998011993000006
"('21', '5', '7', '8')",1.0000000000000002
"('21', '5', '8', '8')",1.0000000000000002
"('21', '5', '9', '8')",1.0000000000000002
"('21', '6', '1', '0')",0.0
"('21', '6', '2', '0')",0.0007349999999999985
"('21', '6', '3', '0')",0.0046667000000000115
"('21', '6', '4', '0')",0.02294645
"('21', '6', '5', '0')",0.08797495800000035
"('21', '6', '6', '0')",0.23207619439999985
"('21', '6', '7', '0')",0.4589616538200008
"('21', '6', '8', '0')",0.6858833179069971
"('21', '6', '9', '0')",0.8573108122899993
"('21', '6', '1', '1')",0.0
"('21', '6', '2', '1')",0.0011340000000000015
"('21', '6', '3', '1')",0.007724037499999985
"('21', '6', '4', '1')",0.03827991874999999
"('21', '6', '5', '1')",0.1332126802187498
"('21', '6', '6', '1')",0.3269113653250012
"('21', '6', '7', '1')",0.576049933763672
"('21', '6', '8', '1')",0.7927703985093302
"('21', '6', '9', '1')",0.9214141528898648
"('21', '6', '1', '2')",0.0
"('21', '6', '2', '2')",0.0015640000000000027
"('21', '6', '3', '2')",0.01122429999999999
"('21', '6', '4', '2')",0.05667751000000007
"('21', '6', '5', '2')",0.1905849280000005
"('21', '6', '6', '2')",0.4282549436999988
"('21', '6', '7', '2')",0.6915284749100037
"('21', '6', '8', '2')",0.8746021934520002
"('21', '6', '9', '2')",0.9622647957213999
"('21', '6', '1', '3')",0.0
"('21', '6', '2', '3')",0.0021992500000000016
"('21', '6', '3', '3')",0.015230024999999916
"('21', '6', '4', '3')",0.08048454374999997
"('21', '6', '5', '3')",0.25652357687500077
"('21', '6', '6', '3')",0.5358960464859391
"('21', '6', '7', '3')",0.7896607570535938
"('21', '6', '8', '3')",0.9328640337811925
"('21', '6', '9', '3')",0.9846336703022666
"('21', '6', '1', '4')",0.0
"('21', '6', '2', '4')",0.0025339999999999946
"('21', '6', '3', '4')",0.019889300000000002
"('21', '6', '4', '4')",0.10816189999999955
"('21', '6', '5', '4')",0.3301391629999993
"('21', '6', '6', '4')",0.6397039121999973
"('21', '6', '7', '4')",0.8714060799399993
"('21', '6', '8', '4')",0.9699191449120008
"('21', '6', '9', '4')",0.995109395186801
"('21', '6', '1', '5')",0.0
"('21', '6', '2', '5')",0.0031812500000000014
"('21', '6', '3', '5')",0.024971974999999976
"('21', '6', '4', '5')",0.14289261375000012
"('21', '6', '5', '5')",0.4111823062187488
"('21', '6', '6', '5')",0.7404258832828136
"('21', '6', '7', '5')",0.9331571672047679
"('21', '6', '8', '5')",0.989560357592121
"('21', '6', '9', '5')",0.9989414639092304
"('21', '6', '1', '6')",0.0
"('21', '6', '2', '6')",0.004009499999999994
"('21', '6', '3', '6')",0.035174849999999806
"('21', '6', '4', '6')",0.200457890625
"('21', '6', '5', '6')",0.5500565284999989
"('21', '6', '6', '6')",0.8783823696625034
"('21', '6', '7', '6')",0.9884542142764821
"('21', '6', '8', '6')",0.999487183114428
"('21', '6', '9', '6')",0.9999873390986517
"('21', '6', '1', '7')",0.0
"('21', '6', '2', '7')",0.004343999999999976
"('21', '6', '3', '7')",0.04920560000000006
"('21', '6', '4', '7')",0.2694702399999995
"('21', '6', '5', '7')",0.6885934079999989
"('21', '6', '6', '7')",0.9792037888000026
"('21', '6', '7', '7')",1.0
"('21', '6', '8', '7')",1.0
"('21', '6', '9', '7')",0.9999999999999999
"('21', '6', '1', '8')",0.0
"('21', '6', '2', '8')",0.005347000000000005
"('21', '6', '3', '8')",0.07246030000000003
"('21', '6', '4', '8')",0.3512002100000005
"('21', '6', '5', '8')",0.7929642479999958
"('21', '6', '6', '8')",0.9998732263000031
"('21', '6', '7', '8')",1.0
"('21', '6', '8', '8')",1.0000000000000004
"('21', '6', '9', '8')",1.0000000000000002
"('21', '7', '1', '0')",0.0
"('21', '7', '2', '0')",0.0011880000000000011
"('21', '7', '3', '0')",0.007476199999999987
"('21', '7', '4', '0')",0.03599396999999998
"('21', '7', '5', '0')",0.12345138600000018
"('21', '7', '6', '0')",0.3061225431
"('21', '7', '7', '0')",0.5517482018399985
"('21', '7', '8', '0')",0.7680114834819992
"('21', '7', '9', '0')",0.9064633452164
"('21', '7', '1', '1')",0.0
"('21', '7', '2', '1')",0.0017372499999999964
"('21', '7', '3', '1')",0.01168647499999999
"('21', '7', '4', '1')",0.05589058375
"('21', '7', '5', '1')",0.17965068800000025
"('21', '7', '6', '1')",0.4066833967468754
"('21', '7', '7', '1')",0.6641638942512482
"('21', '7', '8', '1')",0.8532316829380923
"('21', '7', '9', '1')",0.9511003314349057
"('21', '7', '1', '2')",0.0
"('21', '7', '2', '2')",0.002488
"('21', '7', '3', '2')",0.016216599999999914
"('21', '7', '4', '2')",0.08087826999999995
"('21', '7', '5', '2')",0.24775648300000036
"('21', '7', '6', '2')",0.5097212901000024
"('21', '7', '7', '2')",0.76179058229
"('21', '7', '8', '2')",0.9142029406840002
"('21', '7', '9', '2')",0.9772390944794977
"('21', '7', '1', '3')",0.0
"('21', '7', '2', '3')",0.003252999999999994
"('21', '7', '3', '3')",0.022396112500000096
"('21', '7', '4', '3')",0.10940816312500004
"('21', '7', '5', '3')",0.31914794537500024
"('21', '7', '6', '3')",0.6131832070109401
"('21', '7', '7', '3')",0.8424538609855482
"('21', '7', '8', '3')",0.9555425127212571
"('21', '7', '9', '3')",0.9912939117822903
"('21', '7', '1', '4')",0.0
"('21', '7', '2', '4')",0.0035770000000000008
"('21', '7', '3', '4')",0.02922869999999998
"('21', '7', '4', '4')",0.1432800400000005
"('21', '7', '5', '4')",0.4010041329999988
"('21', '7', '6', '4')",0.7107927087999992
"('21', '7', '7', '4')",0.9087271175099999
"('21', '7', '8', '4')",0.9809139352170021
"('21', '7', '9', '4')",0.9973133619199005
"('21', '7', '1', '5')",0.0
"('21', '7', '2', '5')",0.004419999999999966
"('21', '7', '3', '5')",0.0377743249999999
"('21', '7', '4', '5')",0.18436074062499963
"('21', '7', '5', '5')",0.4890783990937507
"('21', '7', '6', '5')",0.7987917799468762
"('21', '7', '7', '5')",0.9544518880467956
"('21', '7', '8', '5')",0.9937475748939036
"('21', '7', '9', '5')",0.999450776434509
"('21', '7', '1', '6')",0.0
"('21', '7', '2', '6')",0.005974250000000009
"('21', '7', '3', '6')",0.05225878750000011
"('21', '7', '4', '6')",0.25524410249999885
"('21', '7', '5', '6')",0.627348503687498
"('21', '7', '6', '6')",0.9134181310843739
"('21', '7', '7', '6')",0.9926878054385964
"('21', '7', '8', '6')",0.9997245377134851
"('21', '7', '9', '6')",0.999993902914741
"('21', '7', '1', '7')",0.0
"('21', '7', '2', '7')",0.007171999999999992
"('21', '7', '3', '7')",0.07080080000000007
"('21', '7', '4', '7')",0.3389411199999995
"('21', '7', '5', '7')",0.7592712319999978
"('21', '7', '6', '7')",0.9868516352000039
"('21', '7', '7', '7')",1.0
"('21', '7', '8', '7')",0.9999999999999999
"('21', '7', '9', '7')",1.0
"('21', '7', '1', '8')",0.0
"('21', '7', '2', '8')",0.006884000000000009
"('21', '7', '3', '8')",0.09748590000000006
"('21', '7', '4', '8')",0.4290364800000002
"('21', '7', '5', '8')",0.8544106549999987
"('21', '7', '6', '8')",0.9999184895000013
"('21', '7', '7', '8')",1.0000000000000002
"('21', '7', '8', '8')",1.0000000000000002
"('21', '7', '9', '8')",1.0000000000000004
"('22', '0', '1', '0')",0.0
"('22', '0', '2', '0')",0.0
"('22', '0', '3', '0')",0.0
"('22', '0', '4', '0')",0.0
"('22', '0', '5', '0')",0.0
"('22', '0', '6', '0')",9.100000000000003e-05
"('22', '0', '7', '0')",0.0034980000000000002
"('22', '0', '8', '0')",0.030668910000000008
"('22', '0', '9', '0')",0.12498027
"('22', '0', '1', '1')",0.0
"('22', '0', '2', '1')",0.0
"('22', '0', '3', '1')",0.0
"('22', '0', '4', '1')",0.0
"('22', '0', '5', '1')",0.0
"('22', '0', '6', '1')",0.0007138124999999999
"('22', '0', '7', '1')",0.017609437499999995
"('22', '0', '8', '1')",0.103466073828125
"('22', '0', '9', '1')",0.29731097277343743
"('22', '0', '1', '2')",0.0
"('22', '0', '2', '2')",0.0
"('22', '0', '3', '2')",0.0
"('22', '0', '4', '2')",0.0
"('22', '0', '5', '2')",0.0
"('22', '0', '6', '2')",0.0031840000000000006
"('22', '0', '7', '2')",0.05555780000000002
"('22', '0', '8', '2')",0.23545257000000008
"('22', '0', '9', '2')",0.5110316300000001
"('22', '0', '1', '3')",0.0
"('22', '0', '2', '3')",0.0
"('22', '0', '3', '3')",0.0
"('22', '0', '4', '3')",0.0
"('22', '0', '5', '3')",0.0
"('22', '0', '6', '3')",0.0103515625
"('22', '0', '7', '3')",0.13294424999999996
"('22', '0', '8', '3')",0.41932100882812495
"('22', '0', '9', '3')",0.7159382034140624
"('22', '0', '1', '4')",0.0
"('22', '0', '2', '4')",0.0
"('22', '0', '3', '4')",0.0
"('22', '0', '4', '4')",0.0
"('22', '0', '5', '4')",0.0
"('22', '0', '6', '4')",0.027458999999999997
"('22', '0', '7', '4')",0.2630442
"('22', '0', '8', '4')",0.6260305100000002
"('22', '0', '9', '4')",0.8705413660000002
"('22', '0', '1', '5')",0.0
"('22', '0', '2', '5')",0.0
"('22', '0', '3', '5')",0.0
"('22', '0', '4', '5')",0.0
"('22', '0', '5', '5')",0.0
"('22', '0', '6', '5')",0.0631763125
"('22', '0', '7', '5')",0.4494310625
"('22', '0', '8', '5')",0.813012846328125
"('22', '0', '9', '5')",0.9590523848046875
"('22', '0', '1', '6')",0.0
"('22', '0', '2', '6')",0.0
"('22', '0', '3', '6')",0.0
"('22', '0', '4', '6')",0.0
"('22', '0', '5', '6')",0.0
"('22', '0', '6', '6')",0.1882186875000001
"('22', '0', '7', '6')",0.7905594937500005
"('22', '0', '8', '6')",0.9783968800781253
"('22', '0', '9', '6')",0.9987722876953129
"('22', '0', '1', '7')",0.0
"('22', '0', '2', '7')",0.0
"('22', '0', '3', '7')",0.0
"('22', '0', '4', '7')",0.0
"('22', '0', '5', '7')",0.0
"('22', '0', '6', '7')",0.54432
"('22', '0', '7', '7')",0.9983616000000001
"('22', '0', '8', '7')",1.0
"('22', '0', '9', '7')",1.0
"('22', '0', '1', '8')",0.0
"('22', '0', '2', '8')",0.0
"('22', '0', '3', '8')",0.0
"('22', '0', '4', '8')",0.0
"('22', '0', '5', '8')",0.0
"('22', '0', '6', '8')",0.9841500000000003
"('22', '0', '7', '8')",0.9999999000000002
"('22', '0', '8', '8')",1.0000000000000002
"('22', '0', '9', '8')",1.0000000000000002
"('22', '1', '1', '0')",0.0
"('22', '1', '2', '0')",0.0
"('22', '1', '3', '0')",0.0
"('22', '1', '4', '0')",7.705999999999993e-05
"('22', '1', '5', '0')",0.001008371
"('22', '1', '6', '0')",0.006209752100000009
"('22', '1', '7', '0')",0.029305594479999985
"('22', '1', '8', '0')",0.10337762258699985
"('22', '1', '9', '0')",0.2521058845073005
"('22', '1', '1', '1')",0.0
"('22', '1', '2', '1')",0.0
"('22', '1', '3', '1')",0.0
"('22', '1', '4', '1')",0.0002874712500000003
"('22', '1', '5', '1')",0.002882306999999995
"('22', '1', '6', '1')",0.016369891601562412
"('22', '1', '7', '1')",0.07173223527796893
"('22', '1', '8', '1')",0.21045332697274244
"('22', '1', '9', '1')",0.43443357767302976
"('22', '1', '1', '2')",0.0
"('22', '1', '2', '2')",0.0
"('22', '1', '3', '2')",0.0
"('22', '1', '4', '2')",0.0006965999999999975
"('22', '1', '5', '2')",0.006140804000000012
"('22', '1', '6', '2')",0.03412790630000012
"('22', '1', '7', '2')",0.13949801903999956
"('22', '1', '8', '2')",0.36074470987400004
"('22', '1', '9', '2')",0.6259056231955002
"('22', '1', '1', '3')",0.0
"('22', '1', '2', '3')",0.0
"('22', '1', '3', '3')",0.0
"('22', '1', '4', '3')",0.0014463281249999997
"('22', '1', '5', '3')",0.011157268281249983
"('22', '1', '6', '3')",0.06259847018749948
"('22', '1', '7', '3')",0.2429225145878122
"('22', '1', '8', '3')",0.5372050847839234
"('22', '1', '9', '3')",0.791813418939256
"('22', '1', '1', '4')",0.0
"('22', '1', '2', '4')",0.0
"('22', '1', '3', '4')",0.0
"('22', '1', '4', '4')",0.002735730000000006
"('22', '1', '5', '4')",0.01952976599999986
"('22', '1', '6', '4')",0.10946426460000007
"('22', '1', '7', '4')",0.38385652381999963
"('22', '1', '8', '4')",0.7141027411420043
"('22', '1', '9', '4')",0.9089141925916999
"('22', '1', '1', '5')",0.0
"('22', '1', '2', '5')",0.0
"('22', '1', '3', '5')",0.0
"('22', '1', '4', '5')",0.004579448125000008
"('22', '1', '5', '5')",0.03171595043749982
"('22', '1', '6', '5')",0.17435927491718703
"('22', '1', '7', '5')",0.5586641390849203
"('22', '1', '8', '5')",0.8622981609400674
"('22', '1', '9', '5')",0.9721167006782294
"('22', '1', '1', '6')",0.0
"('22', '1', '2', '6')",0.0
"('22', '1', '3', '6')",0.0
"('22', '1', '4', '6')",0.008293286249999999
"('22', '1', '5', '6')",0.060444554062499906
"('22', '1', '6', '6')",0.33401618201249966
"('22', '1', '7', '6')",0.8436690314796068
"('22', '1', '8', '6')",0.9850637880699765
"('22', '1', '9', '6')",0.999214031502562
"('22', '1', '1', '7')",0.0
"('22', '1', '2', '7')",0.0
"('22', '1', '3', '7')",0.0
"('22', '1', '4', '7')",0.015465600000000008
"('22', '1', '5', '7')",0.10690137600000016
"('22', '1', '6', '7')",0.6535783424000033
"('22', '1', '7', '7')",0.9988739276799969
"('22', '1', '8', '7')",1.0
"('22', '1', '9', '7')",1.0
"('22', '1', '1', '8')",0.0
"('22', '1', '2', '8')",0.0
"('22', '1', '3', '8')",0.0
"('22', '1', '4', '8')",0.025250939999999982
"('22', '1', '5', '8')",0.15135596100000012
"('22', '1', '6', '8')",0.9882973540999996
"('22', '1', '7', '8')",0.9999999310400021
"('22', '1', '8', '8')",1.0000000000000004
"('22', '1', '9', '8')",1.0000000000000004
"('22', '2', '1', '0')",0.0
"('22', '2', '2', '0')",2.2999999999999932e-05
"('22', '2', '3', '0')",0.00012419999999999977
"('22', '2', '4', '0')",0.0006335599999999995
"('22', '2', '5', '0')",0.004422069000000008
"('22', '2', '6', '0')",0.01998710439999996
"('22', '2', '7', '0')",0.07191922168999972
"('22', '2', '8', '0')",0.19093604073500048
"('22', '2', '9', '0')",0.37763665243009903
"('22', '2', '1', '1')",0.0
"('22', '2', '2', '1')",3.450000000000011e-05
"('22', '2', '3', '1')",0.0002461875000000005
"('22', '2', '4', '1')",0.0015619312499999978
"('22', '2', '5', '1')",0.009665736468750014
"('22', '2', '6', '1')",0.04250695840156254
"('22', '2', '7', '1')",0.13768502862296927
"('22', '2', '8', '1')",0.32211459889933247
"('22', '2', '9', '1')",0.5546595896932214
"('22', '2', '1', '2')",0.0
"('22', '2', '2', '2')",3.199999999999984e-05
"('22', '2', '3', '2')",0.00036159999999999974
"('22', '2', '4', '2')",0.0029480700000000058
"('22', '2', '5', '2')",0.018618342000000062
"('22', '2', '6', '2')",0.07724756840000008
"('22', '2', '7', '2')",0.23121537482000035
"('22', '2', '8', '2')",0.47490390317300024
"('22', '2', '9', '2')",0.7199870993583992
"('22', '2', '1', '3')",0.0
"('22', '2', '2', '3')",6.124999999999994e-05
"('22', '2', '3', '3')",0.000421075
"('22', '2', '4', '3')",0.005169711249999985
"('22', '2', '5', '3')",0.03136143437500002
"('22', '2', '6', '3')",0.12767865280937488
"('22', '2', '7', '3')",0.3508120715255476
"('22', '2', '8', '3')",0.6362738871412941
"('22', '2', '9', '3')",0.8510064046009074
"('22', '2', '1', '4')",0.0
"('22', '2', '2', '4')",5.4000000000000134e-05
"('22', '2', '3', '4')",0.0006288999999999989
"('22', '2', '4', '4')",0.008823930000000015
"('22', '2', '5', '4')",0.04996528400000013
"('22', '2', '6', '4')",0.1952983555999996
"('22', '2', '7', '4')",0.49363446708000075
"('22', '2', '8', '4')",0.7849270615049987
"('22', '2', '9', '4')",0.9368005915957024
"('22', '2', '1', '5')",0.0
"('22', '2', '2', '5')",0.00012774999999999993
"('22', '2', '3', '5')",0.0008214875000000008
"('22', '2', '4', '5')",0.013441850625000008
"('22', '2', '5', '5')",0.07440921837500009
"('22', '2', '6', '5')",0.28040981450000146
"('22', '2', '7', '5')",0.6522993811359391
"('22', '2', '8', '5')",0.9004387281843363
"('22', '2', '9', '5')",0.9814231548755671
"('22', '2', '1', '6')",0.0
"('22', '2', '2', '6')",6.749999999999978e-05
"('22', '2', '3', '6')",0.0012498749999999984
"('22', '2', '4', '6')",0.023447351250000078
"('22', '2', '5', '6')",0.12822090187499868
"('22', '2', '6', '6')",0.4588878681078123
"('22', '2', '7', '6')",0.8850948882334373
"('22', '2', '8', '6')",0.9898582772418163
"('22', '2', '9', '6')",0.9995114597703397
"('22', '2', '1', '7')",0.0
"('22', '2', '2', '7')",0.00021599999999999956
"('22', '2', '3', '7')",0.0019880000000000015
"('22', '2', '4', '7')",0.03947632000000002
"('22', '2', '5', '7')",0.21180035199999972
"('22', '2', '6', '7')",0.7393673727999982
"('22', '2', '7', '7')",0.9992532172800007
"('22', '2', '8', '7')",0.9999999999999999
"('22', '2', '9', '7')",1.0
"('22', '2', '1', '8')",0.0
"('22', '2', '2', '8')",0.00020699999999999975
"('22', '2', '3', '8')",0.0017737000000000041
"('22', '2', '4', '8')",0.06166480000000001
"('22', '2', '5', '8')",0.29341676200000083
"('22', '2', '6', '8')",0.9914871073999985
"('22', '2', '7', '8')",0.9999999542299991
"('22', '2', '8', '8')",1.0000000000000002
"('22', '2', '9', '8')",1.0000000000000002
"('22', '3', '1', '0')",0.0
"('22', '3', '2', '0')",5.5000000000000144e-05
"('22', '3', '3', '0')",0.0003848000000000017
"('22', '3', '4', '0')",0.002070769999999991
"('22', '3', '5', '0')",0.010709570999999982
"('22', '3', '6', '0')",0.04308777130000004
"('22', '3', '7', '0')",0.1291110779200007
"('22', '3', '8', '0')",0.2889365040469987
"('22', '3', '9', '0')",0.4985909772125
"('22', '3', '1', '1')",0.0
"('22', '3', '2', '1')",0.00016725000000000043
"('22', '3', '3', '1')",0.0006298499999999997
"('22', '3', '4', '1')",0.004224111875000009
"('22', '3', '5', '1')",0.02167919271874988
"('22', '3', '6', '1')",0.08059723288125016
"('22', '3', '7', '1')",0.21741738382109327
"('22', '3', '8', '1')",0.42818462428394755
"('22', '3', '9', '1')",0.6589140527682661
"('22', '3', '1', '2')",0.0
"('22', '3', '2', '2')",0.00013700000000000057
"('22', '3', '3', '2')",0.0010998999999999968
"('22', '3', '4', '2')",0.0074161199999999905
"('22', '3', '5', '2')",0.03610353000000013
"('22', '3', '6', '2')",0.13117890979999924
"('22', '3', '7', '2')",0.32492623035000046
"('22', '3', '8', '2')",0.5776579118560039
"('22', '3', '9', '2')",0.7969563195691004
"('22', '3', '1', '3')",0.0
"('22', '3', '2', '3')",0.00022624999999999992
"('22', '3', '3', '3')",0.0013838624999999982
"('22', '3', '4', '3')",0.01218221999999995
"('22', '3', '5', '3')",0.05832703921875003
"('22', '3', '6', '3')",0.19737053904843713
"('22', '3', '7', '3')",0.4535556552663286
"('22', '3', '8', '3')",0.7204107894927121
"('22', '3', '9', '3')",0.8955333136726746
"('22', '3', '1', '4')",0.0
"('22', '3', '2', '4')",0.0003030000000000005
"('22', '3', '3', '4')",0.0018279000000000004
"('22', '3', '4', '4')",0.017982979999999905
"('22', '3', '5', '4')",0.0896868679999999
"('22', '3', '6', '4')",0.2828148186999983
"('22', '3', '7', '4')",0.5887921379599989
"('22', '3', '8', '4')",0.8412115688050008
"('22', '3', '9', '4')",0.9576412163797994
"('22', '3', '1', '5')",0.0
"('22', '3', '2', '5')",0.0003009999999999984
"('22', '3', '3', '5')",0.002912500000000008
"('22', '3', '4', '5')",0.027733914999999984
"('22', '3', '5', '5')",0.12489518509375004
"('22', '3', '6', '5')",0.3833213043046867
"('22', '3', '7', '5')",0.7313961443364838
"('22', '3', '8', '5')",0.9291521924129463
"('22', '3', '9', '5')",0.9879398306116448
"('22', '3', '1', '6')",0.0
"('22', '3', '2', '6')",0.0003779999999999986
"('22', '3', '3', '6')",0.003418662499999996
"('22', '3', '4', '6')",0.04472050250000029
"('22', '3', '5', '6')",0.19993617181249973
"('22', '3', '6', '6')",0.5669347189593745
"('22', '3', '7', '6')",0.9170778107633629
"('22', '3', '8', '6')",0.9933047119969476
"('22', '3', '9', '6')",0.9997043317635013
"('22', '3', '1', '7')",0.0
"('22', '3', '2', '7')",0.0005760000000000004
"('22', '3', '3', '7')",0.005534399999999992
"('22', '3', '4', '7')",0.0716569600000001
"('22', '3', '5', '7')",0.31772191999999916
"('22', '3', '6', '7')",0.8082629120000026
"('22', '3', '7', '7')",0.9995097907199987
"('22', '3', '8', '7')",1.0
"('22', '3', '9', '7')",0.9999999999999999
"('22', '3', '1', '8')",0.0
"('22', '3', '2', '8')",0.00037799999999999786
"('22', '3', '3', '8')",0.006402700000000003
"('22', '3', '4', '8')",0.10582441000000012
"('22', '3', '5', '8')",0.42041584200000154
"('22', '3', '6', '8')",0.993889957299999
"('22', '3', '7', '8')",0.9999999702699978
"('22', '3', '8', '8')",1.0000000000000004
"('22', '3', '9', '8')",1.0000000000000004
"('22', '4', '1', '0')",0.0
"('22', '4', '2', '0')",0.0002019999999999998
"('22', '4', '3', '0')",0.0009558000000000005
"('22', '4', '4', '0')",0.004594989999999995
"('22', '4', '5', '0')",0.021197011999999984
"('22', '4', '6', '0')",0.07485383680000032
"('22', '4', '7', '0')",0.19706135839000097
"('22', '4', '8', '0')",0.3929865865579998
"('22', '4', '9', '0')",0.6080763248891006
"('22', '4', '1', '1')",0.0
"('22', '4', '2', '1')",0.0002542500000000001
"('22', '4', '3', '1')",0.0014505000000000013
"('22', '4', '4', '1')",0.008758706874999932
"('22', '4', '5', '1')",0.03892502790625008
"('22', '4', '6', '1')",0.12643650323281236
"('22', '4', '7', '1')",0.3019547329535931
"('22', '4', '8', '1')",0.5352389476614009
"('22', '4', '9', '1')",0.7480887364119287
"('22', '4', '1', '2')",0.0
"('22', '4', '2', '2')",0.0003290000000000015
"('22', '4', '3', '2')",0.0023256999999999987
"('22', '4', '4', '2')",0.014160480000000013
"('22', '4', '5', '2')",0.06280456699999996
"('22', '4', '6', '2')",0.19213461330000042
"('22', '4', '7', '2')",0.41878712425999837
"('22', '4', '8', '2')",0.6690525558910004
"('22', '4', '9', '2')",0.854908353269501
"('22', '4', '1', '3')",0.0
"('22', '4', '2', '3')",0.0004772500000000007
"('22', '4', '3', '3')",0.003321225000000011
"('22', '4', '4', '3')",0.022302121250000008
"('22', '4', '5', '3')",0.09525343906249968
"('22', '4', '6', '3')",0.2747001705796866
"('22', '4', '7', '3')",0.5464765857744511
"('22', '4', '8', '3')",0.7906619114924487
"('22', '4', '9', '3')",0.9291484839632331
"('22', '4', '1', '4')",0.0
"('22', '4', '2', '4')",0.0004929999999999994
"('22', '4', '3', '4')",0.004602399999999999
"('22', '4', '4', '4')",0.032265580000000064
"('22', '4', '5', '4')",0.13519485599999995
"('22', '4', '6', '4')",0.371412291900001
"('22', '4', '7', '4')",0.6733233252400002
"('22', '4', '8', '4')",0.8854479335170026
"('22', '4', '9', '4')",0.9721298144121022
"('22', '4', '1', '5')",0.0
"('22', '4', '2', '5')",0.0007080000000000012
"('22', '4', '3', '5')",0.005994400000000003
"('22', '4', '4', '5')",0.045865073750000075
"('22', '4', '5', '5')",0.18661543696875008
"('22', '4', '6', '5')",0.4804413397218756
"('22', '4', '7', '5')",0.7945412180544552
"('22', '4', '8', '5')",0.9507704087716883
"('22', '4', '9', '5')",0.9924015609891349
"('22', '4', '1', '6')",0.0
"('22', '4', '2', '6')",0.0008594999999999963
"('22', '4', '3', '6')",0.009111187500000015
"('22', '4', '4', '6')",0.0724065006250002
"('22', '4', '5', '6')",0.2798043992499992
"('22', '4', '6', '6')",0.6601684745687506
"('22', '4', '7', '6')",0.9412518169435966
"('22', '4', '8', '6')",0.9956895396772961
"('22', '4', '9', '6')",0.9998263301666588
"('22', '4', '1', '7')",0.0
"('22', '4', '2', '7')",0.0015240000000000023
"('22', '4', '3', '7')",0.011857599999999979
"('22', '4', '4', '7')",0.11644336000000012
"('22', '4', '5', '7')",0.40965715199999975
"('22', '4', '6', '7')",0.8605847552000004
"('22', '4', '7', '7')",0.9996803481600025
"('22', '4', '8', '7')",1.0
"('22', '4', '9', '7')",1.0
"('22', '4', '1', '8')",0.0
"('22', '4', '2', '8')",0.001234
"('22', '4', '3', '8')",0.016251000000000012
"('22', '4', '4', '8')",0.15668928999999937
"('22', '4', '5', '8')",0.5270079329999986
"('22', '4', '6', '8')",0.9957274773999978
"('22', '4', '7', '8')",0.9999999802900029
"('22', '4', '8', '8')",1.0000000000000002
"('22', '4', '9', '8')",1.0000000000000002
"('22', '5', '1', '0')",0.0
"('22', '5', '2', '0')",0.0003460000000000016
"('22', '5', '3', '0')",0.0018228999999999936
"('22', '5', '4', '0')",0.008933549999999978
"('22', '5', '5', '0')",0.03740023299999997
"('22', '5', '6', '0')",0.11805330030000005
"('22', '5', '7', '0')",0.2760688520500009
"('22', '5', '8', '0')",0.4931865140389988
"('22', '5', '9', '0')",0.7042659464062002
"('22', '5', '1', '1')",0.0
"('22', '5', '2', '1')",0.00044149999999999984
"('22', '5', '3', '1')",0.0028221499999999873
"('22', '5', '4', '1')",0.01558732874999997
"('22', '5', '5', '1')",0.06208043084374989
"('22', '5', '6', '1')",0.18285030257343743
"('22', '5', '7', '1')",0.3883844941617967
"('22', '5', '8', '1')",0.6264800790818045
"('22', '5', '9', '1')",0.8193612922722829
"('22', '5', '1', '2')",0.0
"('22', '5', '2', '2')",0.0006039999999999974
"('22', '5', '3', '2')",0.0041723000000000185
"('22', '5', '4', '2')",0.02374849000000002
"('22', '5', '5', '2')",0.0960806229999996
"('22', '5', '6', '2')",0.265583662000001
"('22', '5', '7', '2')",0.5110225467800005
"('22', '5', '8', '2')",0.7473324167700016
"('22', '5', '9', '2')",0.8993486421229016
"('22', '5', '1', '3')",0.0
"('22', '5', '2', '3')",0.0008159999999999991
"('22', '5', '3', '3')",0.006177499999999989
"('22', '5', '4', '3')",0.03623848250000002
"('22', '5', '5', '3')",0.1394914461562493
"('22', '5', '6', '3')",0.355849014984374
"('22', '5', '7', '3')",0.6318160405364064
"('22', '5', '8', '3')",0.8456061829808221
"('22', '5', '9', '3')",0.953072498450569
"('22', '5', '1', '4')",0.0
"('22', '5', '2', '4')",0.0009799999999999993
"('22', '5', '3', '4')",0.008578600000000065
"('22', '5', '4', '4')",0.05073144000000004
"('22', '5', '5', '4')",0.18917617200000045
"('22', '5', '6', '4')",0.45770920819999994
"('22', '5', '7', '4')",0.7442615968400004
"('22', '5', '8', '4')",0.9193642795839994
"('22', '5', '9', '4')",0.9825739414828024
"('22', '5', '1', '5')",0.0
"('22', '5', '2', '5')",0.0013205000000000035
"('22', '5', '3', '5')",0.010440049999999952
"('22', '5', '4', '5')",0.07052387812500015
"('22', '5', '5', '5')",0.2523755677187496
"('22', '5', '6', '5')",0.5660144716343747
"('22', '5', '7', '5')",0.8456842264542965
"('22', '5', '8', '5')",0.9670740826621473
"('22', '5', '9', '5')",0.9953503187166655
"('22', '5', '1', '6')",0.0
"('22', '5', '2', '6')",0.0015704999999999975
"('22', '5', '3', '6')",0.015066399999999957
"('22', '5', '4', '6')",0.10789620000000005
"('22', '5', '5', '6')",0.3671061206250005
"('22', '5', '6', '6')",0.7360786916640618
"('22', '5', '7', '6')",0.959457552578046
"('22', '5', '8', '6')",0.9973331876963489
"('22', '5', '9', '6')",0.9999037042911876
"('22', '5', '1', '7')",0.0
"('22', '5', '2', '7')",0.002119999999999997
"('22', '5', '3', '7')",0.020011200000000038
"('22', '5', '4', '7')",0.16055631999999875
"('22', '5', '5', '7')",0.5050648319999995
"('22', '5', '6', '7')",0.9015982592000001
"('22', '5', '7', '7')",0.9998102732799997
"('22', '5', '8', '7')",1.0
"('22', '5', '9', '7')",1.0
"('22', '5', '1', '8')",0.0
"('22', '5', '2', '8')",0.002230000000000011
"('22', '5', '3', '8')",0.030196300000000058
"('22', '5', '4', '8')",0.2160703099999997
"('22', '5', '5', '8')",0.6166154730000036
"('22', '5', '6', '8')",0.9971203715999984
"('22', '5', '7', '8')",0.9999999877300005
"('22', '5', '8', '8')",1.0000000000000004
"('22', '5', '9', '8')",1.0000000000000004
"('22', '6', '1', '0')",0.0
"('22', '6', '2', '0')",0.000553000000000002
"('22', '6', '3', '0')",0.0030150999999999924
"('22', '6', '4', '0')",0.014728969999999996
"('22', '6', '5', '0')",0.05769787400000011
"('22', '6', '6', '0')",0.16781028770000048
"('22', '6', '7', '0')",0.3602072832300009
"('22', '6', '8', '0')",0.5913602676499986
"('22', '6', '9', '0')",0.7850223632195997
"('22', '6', '1', '1')",0.0
"('22', '6', '2', '1')",0.0007349999999999992
"('22', '6', '3', '1')",0.004565637499999998
"('22', '6', '4', '1')",0.024829372500000155
"('22', '6', '5', '1')",0.09328735049999977
"('22', '6', '6', '1')",0.24729294210312527
"('22', '6', '7', '1')",0.48000679595359397
"('22', '6', '8', '1')",0.7123771763830065
"('22', '6', '9', '1')",0.8731885036671545
"('22', '6', '1', '2')",0.0
"('22', '6', '2', '2')",0.0009859999999999962
"('22', '6', '3', '2')",0.006869399999999977
"('22', '6', '4', '2')",0.0372887399999999
"('22', '6', '5', '2')",0.13620666299999948
"('22', '6', '6', '2')",0.337255957700001
"('22', '6', '7', '2')",0.5962640048600008
"('22', '6', '8', '2')",0.8122181887279972
"('22', '6', '9', '2')",0.9329988285179972
"('22', '6', '1', '3')",0.0
"('22', '6', '2', '3')",0.0013704999999999933
"('22', '6', '3', '3')",0.009877037500000008
"('22', '6', '4', '3')",0.053488996875000146
"('22', '6', '5', '3')",0.18891670128124938
"('22', '6', '6', '3')",0.4357115062328132
"('22', '6', '7', '3')",0.7072546727599219
"('22', '6', '8', '3')",0.8907472113496295
"('22', '6', '9', '3')",0.9700482741588361
"('22', '6', '1', '4')",0.0
"('22', '6', '2', '4')",0.00153
"('22', '6', '3', '4')",0.01302230000000001
"('22', '6', '4', '4')",0.07437286000000018
"('22', '6', '5', '4')",0.2511709560000001
"('22', '6', '6', '4')",0.5405118454000003
"('22', '6', '7', '4')",0.8047524116700019
"('22', '6', '8', '4')",0.944751137781001
"('22', '6', '9', '4')",0.9892395673684997
"('22', '6', '1', '5')",0.0
"('22', '6', '2', '5')",0.002076250000000004
"('22', '6', '3', '5')",0.016781537499999836
"('22', '6', '4', '5')",0.09945852687499986
"('22', '6', '5', '5')",0.32265542012500015
"('22', '6', '6', '5')",0.642278785864065
"('22', '6', '7', '5')",0.8872897358024973
"('22', '6', '8', '5')",0.9783435634581374
"('22', '6', '9', '5')",0.9972728492948755
"('22', '6', '1', '6')",0.0
"('22', '6', '2', '6')",0.002009500000000004
"('22', '6', '3', '6')",0.022598162500000022
"('22', '6', '4', '6')",0.1487517037500004
"('22', '6', '5', '6')",0.44400929124999905
"('22', '6', '6', '6')",0.7986500722468747
"('22', '6', '7', '6')",0.9726224423749247
"('22', '6', '8', '6')",0.9983764316702737
"('22', '6', '9', '6')",0.9999478129234431
"('22', '6', '1', '7')",0.0
"('22', '6', '2', '7')",0.0031999999999999954
"('22', '6', '3', '7')",0.032430399999999984
"('22', '6', '4', '7')",0.2092038399999993
"('22', '6', '5', '7')",0.5882505279999989
"('22', '6', '6', '7')",0.9308386304000018
"('22', '6', '7', '7')",0.9998866227199992
"('22', '6', '8', '7')",0.9999999999999999
"('22', '6', '9', '7')",1.0
"('22', '6', '1', '8')",0.0
"('22', '6', '2', '8')",0.0027019999999999987
"('22', '6', '3', '8')",0.04286559999999992
"('22', '6', '4', '8')",0.27427554000000054
"('22', '6', '5', '8')",0.6919285919999986
"('22', '6', '6', '8')",0.9980594029000012
"('22', '6', '7', '8')",0.999999992609997
"('22', '6', '8', '8')",1.0000000000000002
"('22', '6', '9', '8')",1.0000000000000004
"('22', '7', '1', '0')",0.0
"('22', '7', '2', '0')",0.0008259999999999998
"('22', '7', '3', '0')",0.004613800000000005
"('22', '7', '4', '0')",0.02275904999999998
"('22', '7', '5', '0')",0.08400427199999995
"('22', '7', '6', '0')",0.22762486459999987
"('22', '7', '7', '0')",0.44992130002000014
"('22', '7', '8', '0')",0.6793824739309995
"('22', '7', '9', '0')",0.8500874706471004
"('22', '7', '1', '1')",0.0
"('22', '7', '2', '1')",0.0012735000000000003
"('22', '7', '3', '1')",0.007312687500000008
"('22', '7', '4', '1')",0.036027433749999976
"('22', '7', '5', '1')",0.12782118303124923
"('22', '7', '6', '1')",0.31625358537812376
"('22', '7', '7', '1')",0.565965403134767
"('22', '7', '8', '1')",0.7808943624161891
"('22', '7', '9', '1')",0.9163825488896066
"('22', '7', '1', '2')",0.0
"('22', '7', '2', '2')",0.0016599999999999994
"('22', '7', '3', '2')",0.010889699999999974
"('22', '7', '4', '2')",0.05363154000000014
"('22', '7', '5', '2')",0.1811170899999995
"('22', '7', '6', '2')",0.41399114900000017
"('22', '7', '7', '2')",0.6738095156400006
"('22', '7', '8', '2')",0.8643604355370013
"('22', '7', '9', '2')",0.9577888912418988
"('22', '7', '1', '3')",0.0
"('22', '7', '2', '3')",0.0019227500000000024
"('22', '7', '3', '3')",0.014739199999999982
"('22', '7', '4', '3')",0.0759641287499995
"('22', '7', '5', '3')",0.2462626649062498
"('22', '7', '6', '3')",0.5170519024062543
"('22', '7', '7', '3')",0.7728085897505479
"('22', '7', '8', '3')",0.9243759459669487
"('22', '7', '9', '3')",0.9816433118221446
"('22', '7', '1', '4')",0.0
"('22', '7', '2', '4')",0.0026260000000000038
"('22', '7', '3', '4')",0.02015679999999997
"('22', '7', '4', '4')",0.10348975000000003
"('22', '7', '5', '4')",0.31382200699999907
"('22', '7', '6', '4')",0.6171304958000022
"('22', '7', '7', '4')",0.854305972389996
"('22', '7', '8', '4')",0.9634862842170014
"('22', '7', '9', '4')",0.9936637339519001
"('22', '7', '1', '5')",0.0
"('22', '7', '2', '5')",0.002505749999999994
"('22', '7', '3', '5')",0.024942862499999992
"('22', '7', '4', '5')",0.1356684624999999
"('22', '7', '5', '5')",0.39312835068749724
"('22', '7', '6', '5')",0.7143701505125013
"('22', '7', '7', '5')",0.9195119922039846
"('22', '7', '8', '5')",0.9861785799356108
"('22', '7', '9', '5')",0.9984808508224432
"('22', '7', '1', '6')",0.0
"('22', '7', '2', '6')",0.0033842500000000036
"('22', '7', '3', '6')",0.034499337500000005
"('22', '7', '4', '6')",0.19364474999999948
"('22', '7', '5', '6')",0.5207889928437534
"('22', '7', '6', '6')",0.8496857822859355
"('22', '7', '7', '6')",0.9818155366583597
"('22', '7', '8', '6')",0.999072249338298
"('22', '7', '9', '6')",0.9999730615625586
"('22', '7', '1', '7')",0.0
"('22', '7', '2', '7')",0.0053400000000000175
"('22', '7', '3', '7')",0.04778719999999969
"('22', '7', '4', '7')",0.2682803199999981
"('22', '7', '5', '7')",0.6599628799999989
"('22', '7', '6', '7')",0.9540047360000006
"('22', '7', '7', '7')",0.9999336448000006
"('22', '7', '8', '7')",0.9999999999999999
"('22', '7', '9', '7')",1.0
"('22', '7', '1', '8')",0.0
"('22', '7', '2', '8')",0.00585600000000001
"('22', '7', '3', '8')",0.0655448999999999
"('22', '7', '4', '8')",0.3437525500000013
"('22', '7', '5', '8')",0.7668694540000026
"('22', '7', '6', '8')",0.9987817626000025
"('22', '7', '7', '8')",0.9999999958299985
"('22', '7', '8', '8')",1.0000000000000004
"('22', '7', '9', '8')",1.0000000000000002
"('23', '0', '1', '0')",0.0
"('23', '0', '2', '0')",0.0
"('23', '0', '3', '0')",0.0
"('23', '0', '4', '0')",0.0
"('23', '0', '5', '0')",0.0
"('23', '0', '6', '0')",1.3000000000000008e-05
"('23', '0', '7', '0')",0.0011131000000000003
"('23', '0', '8', '0')",0.013948350000000005
"('23', '0', '9', '0')",0.07193013000000001
"('23', '0', '1', '1')",0.0
"('23', '0', '2', '1')",0.0
"('23', '0', '3', '1')",0.0
"('23', '0', '4', '1')",0.0
"('23', '0', '5', '1')",0.0
"('23', '0', '6', '1')",0.00012529687499999997
"('23', '0', '7', '1')",0.006895631250000001
"('23', '0', '8', '1')",0.05689622226562502
"('23', '0', '9', '1')",0.202567267890625
"('23', '0', '1', '2')",0.0
"('23', '0', '2', '2')",0.0
"('23', '0', '3', '2')",0.0
"('23', '0', '4', '2')",0.0
"('23', '0', '5', '2')",0.0
"('23', '0', '6', '2')",0.0006400000000000003
"('23', '0', '7', '2')",0.0255124
"('23', '0', '8', '2')",0.14983009000000003
"('23', '0', '9', '2')",0.394732838
"('23', '0', '1', '3')",0.0
"('23', '0', '2', '3')",0.0
"('23', '0', '3', '3')",0.0
"('23', '0', '4', '3')",0.0
"('23', '0', '5', '3')",0.0
"('23', '0', '6', '3')",0.002294921875
"('23', '0', '7', '3')",0.06995453124999998
"('23', '0', '8', '3')",0.30154643976562484
"('23', '0', '9', '3')",0.6097590789843749
"('23', '0', '1', '4')",0.0
"('23', '0', '2', '4')",0.0
"('23', '0', '3', '4')",0.0
"('23', '0', '4', '4')",0.0
"('23', '0', '5', '4')",0.0
"('23', '0', '6', '4')",0.006560999999999998
"('23', '0', '7', '4')",0.15686190000000003
"('23', '0', '8', '4')",0.5007192300000002
"('23', '0', '9', '4')",0.7986656020000001
"('23', '0', '1', '5')",0.0
"('23', '0', '2', '5')",0.0
"('23', '0', '3', '5')",0.0
"('23', '0', '4', '5')",0.0
"('23', '0', '5', '5')",0.0
"('23', '0', '6', '5')",0.016019171874999995
"('23', '0', '7', '5')",0.30292688124999995
"('23', '0', '8', '5')",0.713051109765625
"('23', '0', '9', '5')",0.925778287578125
"('23', '0', '1', '6')",0.0
"('23', '0', '2', '6')",0.0
"('23', '0', '3', '6')",0.0
"('23', '0', '4', '6')",0.0
"('23', '0', '5', '6')",0.0
"('23', '0', '6', '6')",0.05812635937500001
"('23', '0', '7', '6')",0.6421578750000001
"('23', '0', '8', '6')",0.9510810222656252
"('23', '0', '9', '6')",0.9965591746875001
"('23', '0', '1', '7')",0.0
"('23', '0', '2', '7')",0.0
"('23', '0', '3', '7')",0.0
"('23', '0', '4', '7')",0.0
"('23', '0', '5', '7')",0.0
"('23', '0', '6', '7')",0.23327999999999996
"('23', '0', '7', '7')",0.9811584
"('23', '0', '8', '7')",1.0
"('23', '0', '9', '7')",1.0
"('23', '0', '1', '8')",0.0
"('23', '0', '2', '8')",0.0
"('23', '0', '3', '8')",0.0
"('23', '0', '4', '8')",0.0
"('23', '0', '5', '8')",0.0
"('23', '0', '6', '8')",0.8857350000000003
"('23', '0', '7', '8')",0.9999936000000003
"('23', '0', '8', '8')",1.0000000000000002
"('23', '0', '9', '8')",1.0000000000000002
"('23', '1', '1', '0')",0.0
"('23', '1', '2', '0')",0.0
"('23', '1', '3', '0')",0.0
"('23', '1', '4', '0')",1.785000000000006e-05
"('23', '1', '5', '0')",0.0004537039999999985
"('23', '1', '6', '0')",0.0032134035
"('23', '1', '7', '0')",0.016473257980000003
"('23', '1', '8', '0')",0.06327156799300016
"('23', '1', '9', '0')",0.1752453062118002
"('23', '1', '1', '1')",0.0
"('23', '1', '2', '1')",0.0
"('23', '1', '3', '1')",0.0
"('23', '1', '4', '1')",8.30587500000002e-05
"('23', '1', '5', '1')",0.0014373263437500023
"('23', '1', '6', '1')",0.008823811985937511
"('23', '1', '7', '1')",0.04220220868242174
"('23', '1', '8', '1')",0.1422227668324219
"('23', '1', '9', '1')",0.3307019462907851
"('23', '1', '1', '2')",0.0
"('23', '1', '2', '2')",0.0
"('23', '1', '3', '2')",0.0
"('23', '1', '4', '2')",0.00023576000000000082
"('23', '1', '5', '2')",0.0031088260000000025
"('23', '1', '6', '2')",0.019415190700000005
"('23', '1', '7', '2')",0.08820450062000015
"('23', '1', '8', '2')",0.2642158058920012
"('23', '1', '9', '2')",0.5187926183322982
"('23', '1', '1', '3')",0.0
"('23', '1', '2', '3')",0.0
"('23', '1', '3', '3')",0.0
"('23', '1', '4', '3')",0.0005950781250000007
"('23', '1', '5', '3')",0.0064918781249999865
"('23', '1', '6', '3')",0.036647836399999884
"('23', '1', '7', '3')",0.16398376075367174
"('23', '1', '8', '3')",0.42234130442591367
"('23', '1', '9', '3')",0.703676302590989
"('23', '1', '1', '4')",0.0
"('23', '1', '2', '4')",0.0
"('23', '1', '3', '4')",0.0
"('23', '1', '4', '4')",0.0011688299999999979
"('23', '1', '5', '4')",0.010709481000000026
"('23', '1', '6', '4')",0.06516931240000036
"('23', '1', '7', '4')",0.2732687979600005
"('23', '1', '8', '4')",0.605612952404999
"('23', '1', '9', '4')",0.8530512437555046
"('23', '1', '1', '5')",0.0
"('23', '1', '2', '5')",0.0
"('23', '1', '3', '5')",0.0
"('23', '1', '4', '5')",0.002045351874999989
"('23', '1', '5', '5')",0.01727565174999998
"('23', '1', '6', '5')",0.10363057093281254
"('23', '1', '7', '5')",0.42539557442749876
"('23', '1', '8', '5')",0.7823393922072229
"('23', '1', '9', '5')",0.9478100276973128
"('23', '1', '1', '6')",0.0
"('23', '1', '2', '6')",0.0
"('23', '1', '3', '6')",0.0
"('23', '1', '4', '6')",0.004404071250000013
"('23', '1', '5', '6')",0.034691059687500046
"('23', '1', '6', '6')",0.19805454142031154
"('23', '1', '7', '6')",0.7254800796712515
"('23', '1', '8', '6')",0.9652705021411968
"('23', '1', '9', '6')",0.9977266932813469
"('23', '1', '1', '7')",0.0
"('23', '1', '2', '7')",0.0
"('23', '1', '3', '7')",0.0
"('23', '1', '4', '7')",0.01095552000000002
"('23', '1', '5', '7')",0.0657940799999997
"('23', '1', '6', '7')",0.39632097280000034
"('23', '1', '7', '7')",0.9866930790400031
"('23', '1', '8', '7')",1.0
"('23', '1', '9', '7')",1.0
"('23', '1', '1', '8')",0.0
"('23', '1', '2', '8')",0.0
"('23', '1', '3', '8')",0.0
"('23', '1', '4', '8')",0.02261358000000012
"('23', '1', '5', '8')",0.12556665000000022
"('23', '1', '6', '8')",0.913778949999997
"('23', '1', '7', '8')",0.999995488320001
"('23', '1', '8', '8')",1.0000000000000004
"('23', '1', '9', '8')",1.0000000000000002
"('23', '2', '1', '0')",0.0
"('23', '2', '2', '0')",1.2999999999999867e-05
"('23', '2', '3', '0')",6.65e-05
"('23', '2', '4', '0')",0.0003621399999999991
"('23', '2', '5', '0')",0.0022992510000000056
"('23', '2', '6', '0')",0.011241417100000019
"('23', '2', '7', '0')",0.04489399687000004
"('23', '2', '8', '0')",0.13169562733199947
"('23', '2', '9', '0')",0.2863640278344006
"('23', '2', '1', '1')",0.0
"('23', '2', '2', '1')",7.500000000000037e-06
"('23', '2', '3', '1')",0.0001284624999999997
"('23', '2', '4', '1')",0.0008519912499999986
"('23', '2', '5', '1')",0.0054915434999999934
"('23', '2', '6', '1')",0.02597559132500011
"('23', '2', '7', '1')",0.09158894503179718
"('23', '2', '8', '1')",0.23799980438418347
"('23', '2', '9', '1')",0.45149253285018276
"('23', '2', '1', '2')",0.0
"('23', '2', '2', '2')",4.1999999999999754e-05
"('23', '2', '3', '2')",0.0001529000000000003
"('23', '2', '4', '2')",0.001473539999999997
"('23', '2', '5', '2')",0.010347267000000033
"('23', '2', '6', '2')",0.04921484670000002
"('23', '2', '7', '2')",0.1627341193299992
"('23', '2', '8', '2')",0.3735135686590005
"('23', '2', '9', '2')",0.6254510463891008
"('23', '2', '1', '3')",0.0
"('23', '2', '2', '3')",4.1249999999999905e-05
"('23', '2', '3', '3')",0.00029738750000000004
"('23', '2', '4', '3')",0.002770447500000004
"('23', '2', '5', '3')",0.019021309031250013
"('23', '2', '6', '3')",0.08309598799374945
"('23', '2', '7', '3')",0.2588218643004694
"('23', '2', '8', '3')",0.531404466915471
"('23', '2', '9', '3')",0.7799477502006453
"('23', '2', '1', '4')",0.0
"('23', '2', '2', '4')",6.299999999999967e-05
"('23', '2', '3', '4')",0.0004227999999999993
"('23', '2', '4', '4')",0.004389510000000019
"('23', '2', '5', '4')",0.02983832099999997
"('23', '2', '6', '4')",0.13148757020000013
"('23', '2', '7', '4')",0.3800886857799982
"('23', '2', '8', '4')",0.692972124387998
"('23', '2', '9', '4')",0.8948706406006021
"('23', '2', '1', '5')",0.0
"('23', '2', '2', '5')",2.4499999999999874e-05
"('23', '2', '3', '5')",0.0005821500000000026
"('23', '2', '4', '5')",0.006917499999999997
"('23', '2', '5', '5')",0.0453706497499999
"('23', '2', '6', '5')",0.1942846442343758
"('23', '2', '7', '5')",0.533637454196013
"('23', '2', '8', '5')",0.8376008305420933
"('23', '2', '9', '5')",0.9640128905304354
"('23', '2', '1', '6')",0.0
"('23', '2', '2', '6')",2.475000000000005e-05
"('23', '2', '3', '6')",0.0008212500000000004
"('23', '2', '4', '6')",0.013688910000000007
"('23', '2', '5', '6')",0.08038534556249996
"('23', '2', '6', '6')",0.32615351542343757
"('23', '2', '7', '6')",0.7929743171544503
"('23', '2', '8', '6')",0.9756925270609419
"('23', '2', '9', '6')",0.9985320826015969
"('23', '2', '1', '7')",0.0
"('23', '2', '2', '7')",0.00016800000000000053
"('23', '2', '3', '7')",0.001248799999999999
"('23', '2', '4', '7')",0.027842879999999976
"('23', '2', '5', '7')",0.1391712639999998
"('23', '2', '6', '7')",0.5279173887999989
"('23', '2', '7', '7')",0.9908505190400001
"('23', '2', '8', '7')",1.0
"('23', '2', '9', '7')",1.0
"('23', '2', '1', '8')",0.0
"('23', '2', '2', '8')",0.00010799999999999968
"('23', '2', '3', '8')",0.0023629000000000124
"('23', '2', '4', '8')",0.05536910000000001
"('23', '2', '5', '8')",0.25164351000000007
"('23', '2', '6', '8')",0.9362791616999988
"('23', '2', '7', '8')",0.9999969062800035
"('23', '2', '8', '8')",1.0000000000000002
"('23', '2', '9', '8')",1.0000000000000002
"('23', '3', '1', '0')",0.0
"('23', '3', '2', '0')",7.300000000000013e-05
"('23', '3', '3', '0')",0.00025349999999999846
"('23', '3', '4', '0')",0.0012738400000000115
"('23', '3', '5', '0')",0.006533315000000009
"('23', '3', '6', '0')",0.02665314600000001
"('23', '3', '7', '0')",0.08585450812999974
"('23', '3', '8', '0')",0.21252407681299937
"('23', '3', '9', '0')",0.39939935412950145
"('23', '3', '1', '1')",0.0
"('23', '3', '2', '1')",7.875000000000007e-05
"('23', '3', '3', '1')",0.0004377125000000005
"('23', '3', '4', '1')",0.0025064349999999965
"('23', '3', '5', '1')",0.012891709437499997
"('23', '3', '6', '1')",0.05165644976249996
"('23', '3', '7', '1')",0.15459786770703052
"('23', '3', '8', '1')",0.3374155100557263
"('23', '3', '9', '1')",0.5616872778382672
"('23', '3', '1', '2')",0.0
"('23', '3', '2', '2')",0.0001500000000000003
"('23', '3', '3', '2')",0.0006643999999999973
"('23', '3', '4', '2')",0.004412269999999993
"('23', '3', '5', '2')",0.022930020999999925
"('23', '3', '6', '2')",0.08973077490000018
"('23', '3', '7', '2')",0.24345041488000044
"('23', '3', '8', '2')",0.48007927412700024
"('23', '3', '9', '2')",0.7138638794271012
"('23', '3', '1', '3')",0.0
"('23', '3', '2', '3')",0.00010375000000000012
"('23', '3', '3', '3')",0.0009117125000000002
"('23', '3', '4', '3')",0.006934104999999997
"('23', '3', '5', '3')",0.03714417881250018
"('23', '3', '6', '3')",0.13913352022812525
"('23', '3', '7', '3')",0.3568366292982048
"('23', '3', '8', '3')",0.6252295678516718
"('23', '3', '9', '3')",0.8379856274922319
"('23', '3', '1', '4')",0.0
"('23', '3', '2', '4')",0.00015800000000000007
"('23', '3', '3', '4')",0.0015635999999999962
"('23', '3', '4', '4')",0.010654009999999988
"('23', '3', '5', '4')",0.05754723200000003
"('23', '3', '6', '4')",0.20535867959999918
"('23', '3', '7', '4')",0.4815929802599991
"('23', '3', '8', '4')",0.7665359655130014
"('23', '3', '9', '4')",0.9266116460451999
"('23', '3', '1', '5')",0.0
"('23', '3', '2', '5')",0.00021700000000000048
"('23', '3', '3', '5')",0.0018763874999999962
"('23', '3', '4', '5')",0.01585468937500004
"('23', '3', '5', '5')",0.08266808974999987
"('23', '3', '6', '5')",0.2877893379234371
"('23', '3', '7', '5')",0.6241225484300812
"('23', '3', '8', '5')",0.8804322024694488
"('23', '3', '9', '5')",0.9757637325979274
"('23', '3', '1', '6')",0.0
"('23', '3', '2', '6')",0.00015975000000000006
"('23', '3', '3', '6')",0.0029148750000000025
"('23', '3', '4', '6')",0.027560042499999937
"('23', '3', '5', '6')",0.13665862215624971
"('23', '3', '6', '6')",0.4375388241453125
"('23', '3', '7', '6')",0.8447258049374256
"('23', '3', '8', '6')",0.9835231947741887
"('23', '3', '9', '6')",0.9990828969475108
"('23', '3', '1', '7')",0.0
"('23', '3', '2', '7')",0.00033600000000000107
"('23', '3', '3', '7')",0.003918400000000018
"('23', '3', '4', '7')",0.0520286399999999
"('23', '3', '5', '7')",0.22419408
"('23', '3', '6', '7')",0.6392514559999987
"('23', '3', '7', '7')",0.9937855487999977
"('23', '3', '8', '7')",1.0
"('23', '3', '9', '7')",1.0
"('23', '3', '1', '8')",0.0
"('23', '3', '2', '8')",0.0003600000000000008
"('23', '3', '3', '8')",0.006922100000000014
"('23', '3', '4', '8')",0.08986140999999984
"('23', '3', '5', '8')",0.3590514969999996
"('23', '3', '6', '8')",0.9531043918000026
"('23', '3', '7', '8')",0.9999979052500007
"('23', '3', '8', '8')",1.0000000000000004
"('23', '3', '9', '8')",1.0000000000000002
"('23', '4', '1', '0')",0.0
"('23', '4', '2', '0')",0.00011300000000000012
"('23', '4', '3', '0')",0.000577400000000002
"('23', '4', '4', '0')",0.002787699999999995
"('23', '4', '5', '0')",0.013178681000000058
"('23', '4', '6', '0')",0.04805264360000012
"('23', '4', '7', '0')",0.1394379320900004
"('23', '4', '8', '0')",0.30410363855100175
"('23', '4', '9', '0')",0.512649197740998
"('23', '4', '1', '1')",0.0
"('23', '4', '2', '1')",0.00016350000000000048
"('23', '4', '3', '1')",0.0009514750000000014
"('23', '4', '4', '1')",0.005094235624999984
"('23', '4', '5', '1')",0.024275160625
"('23', '4', '6', '1')",0.08444925657031209
"('23', '4', '7', '1')",0.22567420620640596
"('23', '4', '8', '1')",0.4355136941809881
"('23', '4', '9', '1')",0.6620001592432713
"('23', '4', '1', '2')",0.0
"('23', '4', '2', '2')",0.00026100000000000147
"('23', '4', '3', '2')",0.0016510999999999995
"('23', '4', '4', '2')",0.008504529999999982
"('23', '4', '5', '2')",0.040894777000000035
"('23', '4', '6', '2')",0.13641877839999977
"('23', '4', '7', '2')",0.32935045585
"('23', '4', '8', '2')",0.5762712357559977
"('23', '4', '9', '2')",0.7887816572616023
"('23', '4', '1', '3')",0.0
"('23', '4', '2', '3')",0.00024025000000000045
"('23', '4', '3', '3')",0.002269287499999992
"('23', '4', '4', '3')",0.013367546874999985
"('23', '4', '5', '3')",0.06411311565624989
"('23', '4', '6', '3')",0.20236509436562555
"('23', '4', '7', '3')",0.44768359012609354
"('23', '4', '8', '3')",0.7073145022368436
"('23', '4', '9', '3')",0.8853834236962385
"('23', '4', '1', '4')",0.0
"('23', '4', '2', '4')",0.0003010000000000007
"('23', '4', '3', '4')",0.002799999999999997
"('23', '4', '4', '4')",0.019734300000000017
"('23', '4', '5', '4')",0.09326679599999976
"('23', '4', '6', '4')",0.28236306339999945
"('23', '4', '7', '4')",0.5744573163899999
"('23', '4', '8', '4')",0.8247731911920007
"('23', '4', '9', '4')",0.9501524649829988
"('23', '4', '1', '5')",0.0
"('23', '4', '2', '5')",0.0004777499999999996
"('23', '4', '3', '5')",0.0040322625
"('23', '4', '4', '5')",0.028359632499999912
"('23', '4', '5', '5')",0.1295679969687497
"('23', '4', '6', '5')",0.37717040209687597
"('23', '4', '7', '5')",0.7038579590565661
"('23', '4', '8', '5')",0.913969128725166
"('23', '4', '9', '5')",0.9840685023987501
"('23', '4', '1', '6')",0.0
"('23', '4', '2', '6')",0.0004882499999999989
"('23', '4', '3', '6')",0.006218450000000005
"('23', '4', '4', '6')",0.04622745187500013
"('23', '4', '5', '6')",0.20077673884374997
"('23', '4', '6', '6')",0.5408764350031238
"('23', '4', '7', '6')",0.8876597566107051
"('23', '4', '8', '6')",0.9890067727788048
"('23', '4', '9', '6')",0.9994407472283495
"('23', '4', '1', '7')",0.0
"('23', '4', '2', '7')",0.000723999999999998
"('23', '4', '3', '7')",0.008942399999999996
"('23', '4', '4', '7')",0.08104832000000045
"('23', '4', '5', '7')",0.3081531519999995
"('23', '4', '6', '7')",0.7264270591999993
"('23', '4', '7', '7')",0.9959086694399994
"('23', '4', '8', '7')",1.0
"('23', '4', '9', '7')",1.0
"('23', '4', '1', '8')",0.0
"('23', '4', '2', '8')",0.0011610000000000056
"('23', '4', '3', '8')",0.013449
"('23', '4', '4', '8')",0.13872148999999942
"('23', '4', '5', '8')",0.45402241700000023
"('23', '4', '6', '8')",0.9662162725999988
"('23', '4', '7', '8')",0.9999986496700041
"('23', '4', '8', '8')",1.0000000000000004
"('23', '4', '9', '8')",1.0000000000000004
"('23', '5', '1', '0')",0.0
"('23', '5', '2', '0')",0.00022200000000000022
"('23', '5', '3', '0')",0.0011838999999999981
"('23', '5', '4', '0')",0.005067999999999999
"('23', '5', '5', '0')",0.02346087300000001
"('23', '5', '6', '0')",0.07946543940000042
"('23', '5', '7', '0')",0.20316725541999964
"('23', '5', '8', '0')",0.39772030133199987
"('23', '5', '9', '0')",0.6132095129669034
"('23', '5', '1', '1')",0.0
"('23', '5', '2', '1')",0.00041625000000000093
"('23', '5', '3', '1')",0.0017260249999999971
"('23', '5', '4', '1')",0.009342269374999997
"('23', '5', '5', '1')",0.04025764178125008
"('23', '5', '6', '1')",0.13027362952968755
"('23', '5', '7', '1')",0.3034866652167971
"('23', '5', '8', '1')",0.5333511617719889
"('23', '5', '9', '1')",0.7426963672715186
"('23', '5', '1', '2')",0.0
"('23', '5', '2', '2')",0.00042100000000000026
"('23', '5', '3', '2')",0.0027596999999999847
"('23', '5', '4', '2')",0.014976500000000037
"('23', '5', '5', '2')",0.06480114899999966
"('23', '5', '6', '2')",0.19504723280000025
"('23', '5', '7', '2')",0.4156804704499998
"('23', '5', '8', '2')",0.6607168775039969
"('23', '5', '9', '2')",0.8480708305545974
"('23', '5', '1', '3')",0.0
"('23', '5', '2', '3')",0.0003527500000000005
"('23', '5', '3', '3')",0.004065612499999997
"('23', '5', '4', '3')",0.023481411875000018
"('23', '5', '5', '3')",0.0954255536875
"('23', '5', '6', '3')",0.2722966737515626
"('23', '5', '7', '3')",0.5351998007553915
"('23', '5', '8', '3')",0.7772617290979373
"('23', '5', '9', '3')",0.9209254772802822
"('23', '5', '1', '4')",0.0
"('23', '5', '2', '4')",0.0006409999999999987
"('23', '5', '3', '4')",0.005525600000000001
"('23', '5', '4', '4')",0.03186321000000003
"('23', '5', '5', '4')",0.135582622999999
"('23', '5', '6', '4')",0.363289695
"('23', '5', '7', '4')",0.6521552308800018
"('23', '5', '8', '4')",0.8712945158309973
"('23', '5', '9', '4')",0.9669927553656995
"('23', '5', '1', '5')",0.0
"('23', '5', '2', '5')",0.0008627499999999977
"('23', '5', '3', '5')",0.007274337500000041
"('23', '5', '4', '5')",0.04488192999999999
"('23', '5', '5', '5')",0.18284386524999968
"('23', '5', '6', '5')",0.46420090748281295
"('23', '5', '7', '5')",0.7698665346637491
"('23', '5', '8', '5')",0.9399412099185767
"('23', '5', '9', '5')",0.9898400771122108
"('23', '5', '1', '6')",0.0
"('23', '5', '2', '6')",0.0007290000000000012
"('23', '5', '3', '6')",0.010696512499999995
"('23', '5', '4', '6')",0.07159338375000018
"('23', '5', '5', '6')",0.27056621125000097
"('23', '5', '6', '6')",0.6274538068921879
"('23', '5', '7', '6')",0.919638989361093
"('23', '5', '8', '6')",0.9927729559388969
"('23', '5', '9', '6')",0.9996705278340947
"('23', '5', '1', '7')",0.0
"('23', '5', '2', '7')",0.0009879999999999973
"('23', '5', '3', '7')",0.016283199999999977
"('23', '5', '4', '7')",0.11610352000000013
"('23', '5', '5', '7')",0.39071612799999855
"('23', '5', '6', '7')",0.7969933311999985
"('23', '5', '7', '7')",0.997271982079998
"('23', '5', '8', '7')",1.0
"('23', '5', '9', '7')",1.0
"('23', '5', '1', '8')",0.0
"('23', '5', '2', '8')",0.0016470000000000054
"('23', '5', '3', '8')",0.02324939999999991
"('23', '5', '4', '8')",0.1893954699999995
"('23', '5', '5', '8')",0.5500637319999995
"('23', '5', '6', '8')",0.9763978650000003
"('23', '5', '7', '8')",0.9999991281699997
"('23', '5', '8', '8')",1.0000000000000002
"('23', '5', '9', '8')",1.0000000000000004
"('23', '6', '1', '0')",0.0
"('23', '6', '2', '0')",0.00039899999999999896
"('23', '6', '3', '0')",0.0019635000000000043
"('23', '6', '4', '0')",0.00875886999999996
"('23', '6', '5', '0')",0.037737020999999996
"('23', '6', '6', '0')",0.11812650009999968
"('23', '6', '7', '0')",0.2775008893499996
"('23', '6', '8', '0')",0.4929092917980006
"('23', '6', '9', '0')",0.7028074304532965
"('23', '6', '1', '1')",0.0
"('23', '6', '2', '1')",0.0005275000000000004
"('23', '6', '3', '1')",0.0032765625
"('23', '6', '4', '1')",0.015491836249999974
"('23', '6', '5', '1')",0.06270797459375019
"('23', '6', '6', '1')",0.18137413197031255
"('23', '6', '7', '1')",0.38438941402609356
"('23', '6', '8', '1')",0.6218412213503841
"('23', '6', '9', '1')",0.8116024734187548
"('23', '6', '1', '2')",0.0
"('23', '6', '2', '2')",0.0006119999999999984
"('23', '6', '3', '2')",0.004772500000000015
"('23', '6', '4', '2')",0.024389680000000018
"('23', '6', '5', '2')",0.09407999700000005
"('23', '6', '6', '2')",0.25818648250000004
"('23', '6', '7', '2')",0.5003294526700012
"('23', '6', '8', '2')",0.7362993397759996
"('23', '6', '9', '2')",0.8935055211851001
"('23', '6', '1', '3')",0.0
"('23', '6', '2', '3')",0.0008832500000000033
"('23', '6', '3', '3')",0.006155275000000004
"('23', '6', '4', '3')",0.03553305187500024
"('23', '6', '5', '3')",0.1348009923749996
"('23', '6', '6', '3')",0.3446659158609363
"('23', '6', '7', '3')",0.6177648529129687
"('23', '6', '8', '3')",0.8335727317740925
"('23', '6', '9', '3')",0.9467056749258569
"('23', '6', '1', '4')",0.0
"('23', '6', '2', '4')",0.0012550000000000037
"('23', '6', '3', '4')",0.008679600000000034
"('23', '6', '4', '4')",0.049708079999999974
"('23', '6', '5', '4')",0.18298631100000023
"('23', '6', '6', '4')",0.4430554063999992
"('23', '6', '7', '4')",0.7248661763500043
"('23', '6', '8', '4')",0.9077231329319996
"('23', '6', '9', '4')",0.9787128651637993
"('23', '6', '1', '5')",0.0
"('23', '6', '2', '5')",0.0014182500000000005
"('23', '6', '3', '5')",0.01179557500000001
"('23', '6', '4', '5')",0.06689591249999977
"('23', '6', '5', '5')",0.24056688087499978
"('23', '6', '6', '5')",0.5460852860843761
"('23', '6', '7', '5')",0.8250360146140626
"('23', '6', '8', '5')",0.9584609331129211
"('23', '6', '9', '5')",0.9937377627567119
"('23', '6', '1', '6')",0.0
"('23', '6', '2', '6')",0.0019732500000000045
"('23', '6', '3', '6')",0.01696768749999987
"('23', '6', '4', '6')",0.1027484168749999
"('23', '6', '5', '6')",0.34369883590624906
"('23', '6', '6', '6')",0.7048098978453098
"('23', '6', '7', '6')",0.9431383981096858
"('23', '6', '8', '6')",0.9955174842713633
"('23', '6', '9', '6')",0.9998138238903984
"('23', '6', '1', '7')",0.0
"('23', '6', '2', '7')",0.001912000000000002
"('23', '6', '3', '7')",0.024780000000000035
"('23', '6', '4', '7')",0.15941856000000074
"('23', '6', '5', '7')",0.47363599999999983
"('23', '6', '6', '7')",0.8494590208000015
"('23', '6', '7', '7')",0.9982416691199995
"('23', '6', '8', '7')",0.9999999999999999
"('23', '6', '9', '7')",1.0
"('23', '6', '1', '8')",0.0
"('23', '6', '2', '8')",0.0026840000000000084
"('23', '6', '3', '8')",0.03778410000000009
"('23', '6', '4', '8')",0.23871125999999984
"('23', '6', '5', '8')",0.6287574819999958
"('23', '6', '6', '8')",0.9833613984999968
"('23', '6', '7', '8')",0.9999994662699996
"('23', '6', '8', '8')",1.0000000000000002
"('23', '6', '9', '8')",1.0
"('23', '7', '1', '0')",0.0
"('23', '7', '2', '0')",0.00048499999999999845
"('23', '7', '3', '0')",0.002883699999999998
"('23', '7', '4', '0')",0.014163129999999975
"('23', '7', '5', '0')",0.05622415300000011
"('23', '7', '6', '0')",0.16500809889999965
"('23', '7', '7', '0')",0.35695698249999985
"('23', '7', '8', '0')",0.5858661246589989
"('23', '7', '9', '0')",0.7811552326915996
"('23', '7', '1', '1')",0.0
"('23', '7', '2', '1')",0.0009517499999999973
"('23', '7', '3', '1')",0.004785224999999987
"('23', '7', '4', '1')",0.024346918125000002
"('23', '7', '5', '1')",0.08923759075000019
"('23', '7', '6', '1')",0.23936651278124982
"('23', '7', '7', '1')",0.46611845226601567
"('23', '7', '8', '1')",0.7005492472355263
"('23', '7', '9', '1')",0.8667088917527334
"('23', '7', '1', '2')",0.0
"('23', '7', '2', '2')",0.0012759999999999991
"('23', '7', '3', '2')",0.006907099999999984
"('23', '7', '4', '2')",0.03564225999999999
"('23', '7', '5', '2')",0.13049061000000034
"('23', '7', '6', '2')",0.3276075176999997
"('23', '7', '7', '2')",0.5829451694300012
"('23', '7', '8', '2')",0.7992754584410027
"('23', '7', '9', '2')",0.926218849163299
"('23', '7', '1', '3')",0.0
"('23', '7', '2', '3')",0.0014650000000000023
"('23', '7', '3', '3')",0.010001724999999982
"('23', '7', '4', '3')",0.051758738125
"('23', '7', '5', '3')",0.17894773903125039
"('23', '7', '6', '3')",0.42061377116250076
"('23', '7', '7', '3')",0.6894744173096075
"('23', '7', '8', '3')",0.8775405701982929
"('23', '7', '9', '3')",0.9650087148305061
"('23', '7', '1', '4')",0.0
"('23', '7', '2', '4')",0.0015410000000000024
"('23', '7', '3', '4')",0.012649200000000015
"('23', '7', '4', '4')",0.07050962000000004
"('23', '7', '5', '4')",0.23741054900000075
"('23', '7', '6', '4')",0.5219902565000029
"('23', '7', '7', '4')",0.7865604497099993
"('23', '7', '8', '4')",0.9354951923080029
"('23', '7', '9', '4')",0.9865853368456972
"('23', '7', '1', '5')",0.0
"('23', '7', '2', '5')",0.001973499999999993
"('23', '7', '3', '5')",0.018242037500000054
"('23', '7', '4', '5')",0.09265144687500025
"('23', '7', '5', '5')",0.3040625823124994
"('23', '7', '6', '5')",0.623090230890628
"('23', '7', '7', '5')",0.8689581802532033
"('23', '7', '8', '5')",0.9719844723885526
"('23', '7', '9', '5')",0.9962601750382586
"('23', '7', '1', '6')",0.0
"('23', '7', '2', '6')",0.0023467500000000038
"('23', '7', '3', '6')",0.02423216250000003
"('23', '7', '4', '6')",0.13637624374999946
"('23', '7', '5', '6')",0.41833245462499985
"('23', '7', '6', '6')",0.7691870850093748
"('23', '7', '7', '6')",0.9609022993524228
"('23', '7', '8', '6')",0.9972253552078733
"('23', '7', '9', '6')",0.9998988189652479
"('23', '7', '1', '7')",0.0
"('23', '7', '2', '7')",0.002796000000000008
"('23', '7', '3', '7')",0.03470080000000007
"('23', '7', '4', '7')",0.20543072000000062
"('23', '7', '5', '7')",0.5538781439999962
"('23', '7', '6', '7')",0.8934324992000002
"('23', '7', '7', '7')",0.9989919743999967
"('23', '7', '8', '7')",1.0
"('23', '7', '9', '7')",1.0
"('23', '7', '1', '8')",0.0
"('23', '7', '2', '8')",0.004714999999999997
"('23', '7', '3', '8')",0.053563
"('23', '7', '4', '8')",0.29751843999999933
"('23', '7', '5', '8')",0.6939468399999998
"('23', '7', '6', '8')",0.9892445669999975
"('23', '7', '7', '8')",0.99999967458
"('23', '7', '8', '8')",1.0
"('23', '7', '9', '8')",1.0000000000000004
"('24', '0', '1', '0')",0.0
"('24', '0', '2', '0')",0.0
"('24', '0', '3', '0')",0.0
"('24', '0', '4', '0')",0.0
"('24', '0', '5', '0')",0.0
"('24', '0', '6', '0')",1.0000000000000004e-06
"('24', '0', '7', '0')",0.0003025000000000001
"('24', '0', '8', '0')",0.005733790000000002
"('24', '0', '9', '0')",0.03826329000000001
"('24', '0', '1', '1')",0.0
"('24', '0', '2', '1')",0.0
"('24', '0', '3', '1')",0.0
"('24', '0', '4', '1')",0.0
"('24', '0', '5', '1')",0.0
"('24', '0', '6', '1')",1.1390624999999999e-05
"('24', '0', '7', '1')",0.0023160726562500003
"('24', '0', '8', '1')",0.028476435390625002
"('24', '0', '9', '1')",0.1287275395703125
"('24', '0', '1', '2')",0.0
"('24', '0', '2', '2')",0.0
"('24', '0', '3', '2')",0.0
"('24', '0', '4', '2')",0.0
"('24', '0', '5', '2')",0.0
"('24', '0', '6', '2')",6.400000000000002e-05
"('24', '0', '7', '2')",0.010064800000000002
"('24', '0', '8', '2')",0.08730337000000002
"('24', '0', '9', '2')",0.28697465
"('24', '0', '1', '3')",0.0
"('24', '0', '2', '3')",0.0
"('24', '0', '3', '3')",0.0
"('24', '0', '4', '3')",0.0
"('24', '0', '5', '3')",0.0
"('24', '0', '6', '3')",0.000244140625
"('24', '0', '7', '3')",0.03166357421875
"('24', '0', '8', '3')",0.19991466039062492
"('24', '0', '9', '3')",0.49402426896093726
"('24', '0', '1', '4')",0.0
"('24', '0', '2', '4')",0.0
"('24', '0', '3', '4')",0.0
"('24', '0', '4', '4')",0.0
"('24', '0', '5', '4')",0.0
"('24', '0', '6', '4')",0.0007289999999999999
"('24', '0', '7', '4')",0.0806571
"('24', '0', '8', '4')",0.3725987500000001
"('24', '0', '9', '4')",0.7061205460000003
"('24', '0', '1', '5')",0.0
"('24', '0', '2', '5')",0.0
"('24', '0', '3', '5')",0.0
"('24', '0', '4', '5')",0.0
"('24', '0', '5', '5')",0.0
"('24', '0', '6', '5')",0.0018382656249999992
"('24', '0', '7', '5')",0.17682051953124997
"('24', '0', '8', '5')",0.589818427890625
"('24', '0', '9', '5')",0.8741147716015625
"('24', '0', '1', '6')",0.0
"('24', '0', '2', '6')",0.0
"('24', '0', '3', '6')",0.0
"('24', '0', '4', '6')",0.0
"('24', '0', '5', '6')",0.0
"('24', '0', '6', '6')",0.008303765625000003
"('24', '0', '7', '6')",0.4551847523437501
"('24', '0', '8', '6')",0.8991958141406253
"('24', '0', '9', '6')",0.9911163638671878
"('24', '0', '1', '7')",0.0
"('24', '0', '2', '7')",0.0
"('24', '0', '3', '7')",0.0
"('24', '0', '4', '7')",0.0
"('24', '0', '5', '7')",0.0
"('24', '0', '6', '7')",0.046655999999999996
"('24', '0', '7', '7')",0.9037439999999999
"('24', '0', '8', '7')",0.9999999999999999
"('24', '0', '9', '7')",0.9999999999999999
"('24', '0', '1', '8')",0.0
"('24', '0', '2', '8')",0.0
"('24', '0', '3', '8')",0.0
"('24', '0', '4', '8')",0.0
"('24', '0', '5', '8')",0.0
"('24', '0', '6', '8')",0.5314410000000002
"('24', '0', '7', '8')",0.9998235000000002
"('24', '0', '8', '8')",1.0000000000000002
"('24', '0', '9', '8')",1.0000000000000002
"('24', '1', '1', '0')",0.0
"('24', '1', '2', '0')",0.0
"('24', '1', '3', '0')",0.0
"('24', '1', '4', '0')",3.0199999999999952e-06
"('24', '1', '5', '0')",0.00017974799999999932
"('24', '1', '6', '0')",0.0015311691000000037
"('24', '1', '7', '0')",0.008895539470000007
"('24', '1', '8', '0')",0.038643032636999954
"('24', '1', '9', '0')",0.11739792264420006
"('24', '1', '1', '1')",0.0
"('24', '1', '2', '1')",0.0
"('24', '1', '3', '1')",0.0
"('24', '1', '4', '1')",1.3263749999999996e-05
"('24', '1', '5', '1')",0.0005975324999999992
"('24', '1', '6', '1')",0.004646773131249999
"('24', '1', '7', '1')",0.02472772972531242
"('24', '1', '8', '1')",0.09246619358522282
"('24', '1', '9', '1')",0.24338574579519504
"('24', '1', '1', '2')",0.0
"('24', '1', '2', '2')",0.0
"('24', '1', '3', '2')",0.0
"('24', '1', '4', '2')",4.320000000000004e-05
"('24', '1', '5', '2')",0.0014432160000000015
"('24', '1', '6', '2')",0.010889073500000025
"('24', '1', '7', '2')",0.05477288530000009
"('24', '1', '8', '2')",0.1840810095889998
"('24', '1', '9', '2')",0.4117409686753996
"('24', '1', '1', '3')",0.0
"('24', '1', '2', '3')",0.0
"('24', '1', '3', '3')",0.0
"('24', '1', '4', '3')",0.00010351562500000073
"('24', '1', '5', '3')",0.0032095387500000027
"('24', '1', '6', '3')",0.021411055868750074
"('24', '1', '7', '3')",0.10423897362304684
"('24', '1', '8', '3')",0.3167074919649683
"('24', '1', '9', '3')",0.6034460917268736
"('24', '1', '1', '4')",0.0
"('24', '1', '2', '4')",0.0
"('24', '1', '3', '4')",0.0
"('24', '1', '4', '4')",0.00022031999999999963
"('24', '1', '5', '4')",0.0056496930000000094
"('24', '1', '6', '4')",0.038115514099999935
"('24', '1', '7', '4')",0.18337414841999897
"('24', '1', '8', '4')",0.4895557317930001
"('24', '1', '9', '4')",0.7792013681600996
"('24', '1', '1', '5')",0.0
"('24', '1', '2', '5')",0.0
"('24', '1', '3', '5')",0.0
"('24', '1', '4', '5')",0.0004081699999999989
"('24', '1', '5', '5')",0.009389325312499966
"('24', '1', '6', '5')",0.06327547940468727
"('24', '1', '7', '5')",0.30008450032031314
"('24', '1', '8', '5')",0.678983297541642
"('24', '1', '9', '5')",0.9088439657466753
"('24', '1', '1', '6')",0.0
"('24', '1', '2', '6')",0.0
"('24', '1', '3', '6')",0.0
"('24', '1', '4', '6')",0.0011481749999999954
"('24', '1', '5', '6')",0.01823768915624999
"('24', '1', '6', '6')",0.11909858338124982
"('24', '1', '7', '6')",0.5696557407977326
"('24', '1', '8', '6')",0.9266015902084477
"('24', '1', '9', '6')",0.993974412411617
"('24', '1', '1', '7')",0.0
"('24', '1', '2', '7')",0.0
"('24', '1', '3', '7')",0.0
"('24', '1', '4', '7')",0.0038102399999999856
"('24', '1', '5', '7')",0.03474182399999981
"('24', '1', '6', '7')",0.21465591040000012
"('24', '1', '7', '7')",0.9302133350399997
"('24', '1', '8', '7')",1.0
"('24', '1', '9', '7')",1.0
"('24', '1', '1', '8')",0.0
"('24', '1', '2', '8')",0.0
"('24', '1', '3', '8')",0.0
"('24', '1', '4', '8')",0.01738664999999998
"('24', '1', '5', '8')",0.09043712100000013
"('24', '1', '6', '8')",0.6382024940000013
"('24', '1', '7', '8')",0.9998731411199966
"('24', '1', '8', '8')",1.0000000000000004
"('24', '1', '9', '8')",1.0000000000000002
"('24', '2', '1', '0')",0.0
"('24', '2', '2', '0')",2.8000000000000047e-05
"('24', '2', '3', '0')",3.670000000000004e-05
"('24', '2', '4', '0')",0.00021484999999999975
"('24', '2', '5', '0')",0.0012941459999999993
"('24', '2', '6', '0')",0.006415201099999997
"('24', '2', '7', '0')",0.027502795419999955
"('24', '2', '8', '0')",0.0874365511419998
"('24', '2', '9', '0')",0.21193840322999977
"('24', '2', '1', '1')",0.0
"('24', '2', '2', '1')",1.874999999999995e-05
"('24', '2', '3', '1')",7.012500000000044e-05
"('24', '2', '4', '1')",0.00046554874999999953
"('24', '2', '5', '1')",0.002900671749999998
"('24', '2', '6', '1')",0.015282588696874967
"('24', '2', '7', '1')",0.0608113982665626
"('24', '2', '8', '1')",0.16977416670005058
"('24', '2', '9', '1')",0.3565106993798798
"('24', '2', '1', '2')",0.0
"('24', '2', '2', '2')",2.9999999999999804e-05
"('24', '2', '3', '2')",0.00015139999999999972
"('24', '2', '4', '2')",0.0007808400000000015
"('24', '2', '5', '2')",0.006280561999999994
"('24', '2', '6', '2')",0.03051334919999999
"('24', '2', '7', '2')",0.11223426123
"('24', '2', '8', '2')",0.28339407794699906
"('24', '2', '9', '2')",0.5257590998447023
"('24', '2', '1', '3')",0.0
"('24', '2', '2', '3')",2.625e-05
"('24', '2', '3', '3')",0.00015839999999999922
"('24', '2', '4', '3')",0.0012096093750000039
"('24', '2', '5', '3')",0.010920515874999946
"('24', '2', '6', '3')",0.0529531184687499
"('24', '2', '7', '3')",0.18540887301992073
"('24', '2', '8', '3')",0.42525817572700336
"('24', '2', '9', '3')",0.69309272407562
"('24', '2', '1', '4')",0.0
"('24', '2', '2', '4')",3.6000000000000035e-05
"('24', '2', '3', '4')",0.00024779999999999973
"('24', '2', '4', '4')",0.0018056800000000003
"('24', '2', '5', '4')",0.017687526000000054
"('24', '2', '6', '4')",0.08866330520000033
"('24', '2', '7', '4')",0.2836833156999999
"('24', '2', '8', '4')",0.5901719779670015
"('24', '2', '9', '4')",0.8365668434741991
"('24', '2', '1', '5')",0.0
"('24', '2', '2', '5')",8.57499999999998e-05
"('24', '2', '3', '5')",0.0002603374999999997
"('24', '2', '4', '5')",0.002994858125000005
"('24', '2', '5', '5')",0.027318688000000004
"('24', '2', '6', '5')",0.13547519069843714
"('24', '2', '7', '5')",0.414145849112813
"('24', '2', '8', '5')",0.7542625797742238
"('24', '2', '9', '5')",0.935234111656683
"('24', '2', '1', '6')",0.0
"('24', '2', '2', '6')",0.00012824999999999932
"('24', '2', '3', '6')",0.0004743000000000012
"('24', '2', '4', '6')",0.004772463750000024
"('24', '2', '5', '6')",0.04805102503125009
"('24', '2', '6', '6')",0.2282247853734374
"('24', '2', '7', '6')",0.665680722189919
"('24', '2', '8', '6')",0.9475052624424646
"('24', '2', '9', '6')",0.9960012247596401
"('24', '2', '1', '7')",0.0
"('24', '2', '2', '7')",0.00010799999999999935
"('24', '2', '3', '7')",0.0008624000000000003
"('24', '2', '4', '7')",0.011266400000000006
"('24', '2', '5', '7')",0.08508569600000006
"('24', '2', '6', '7')",0.36237427200000044
"('24', '2', '7', '7')",0.9500639027199997
"('24', '2', '8', '7')",1.0
"('24', '2', '9', '7')",1.0
"('24', '2', '1', '8')",0.0
"('24', '2', '2', '8')",0.00019800000000000118
"('24', '2', '3', '8')",0.0015501999999999985
"('24', '2', '4', '8')",0.03946028999999999
"('24', '2', '5', '8')",0.18188088499999944
"('24', '2', '6', '8')",0.723393270000002
"('24', '2', '7', '8')",0.9999115786400017
"('24', '2', '8', '8')",1.0000000000000004
"('24', '2', '9', '8')",1.0000000000000004
"('24', '3', '1', '0')",0.0
"('24', '3', '2', '0')",5.7000000000000064e-05
"('24', '3', '3', '0')",0.0001876
"('24', '3', '4', '0')",0.0007537099999999984
"('24', '3', '5', '0')",0.0036076589999999914
"('24', '3', '6', '0')",0.015599518999999918
"('24', '3', '7', '0')",0.05618961368000005
"('24', '3', '8', '0')",0.151589219141
"('24', '3', '9', '0')",0.3121821814232985
"('24', '3', '1', '1')",0.0
"('24', '3', '2', '1')",7.950000000000017e-05
"('24', '3', '3', '1')",0.00029040000000000045
"('24', '3', '4', '1')",0.0014788406249999976
"('24', '3', '5', '1')",0.007599566968749996
"('24', '3', '6', '1')",0.032591603617187374
"('24', '3', '7', '1')",0.10709589406820294
"('24', '3', '8', '1')",0.256174390732143
"('24', '3', '9', '1')",0.46633395010544065
"('24', '3', '1', '2')",0.0
"('24', '3', '2', '2')",0.00013199999999999996
"('24', '3', '3', '2')",0.00046590000000000124
"('24', '3', '4', '2')",0.002599970000000003
"('24', '3', '5', '2')",0.01411004600000001
"('24', '3', '6', '2')",0.05873657850000002
"('24', '3', '7', '2')",0.17663376927000057
"('24', '3', '8', '2')",0.3833517510700006
"('24', '3', '9', '2')",0.6239844101466003
"('24', '3', '1', '3')",0.0
"('24', '3', '2', '3')",0.00010500000000000005
"('24', '3', '3', '3')",0.0005928625000000004
"('24', '3', '4', '3')",0.0039024625000000017
"('24', '3', '5', '3')",0.02316611043749999
"('24', '3', '6', '3')",0.09545552983437468
"('24', '3', '7', '3')",0.26975333949460967
"('24', '3', '8', '3')",0.5273613641840021
"('24', '3', '9', '3')",0.7683112247120659
"('24', '3', '1', '4')",0.0
"('24', '3', '2', '4')",0.0001349999999999993
"('24', '3', '3', '4')",0.000839799999999999
"('24', '3', '4', '4')",0.005427520000000006
"('24', '3', '5', '4')",0.037098154999999855
"('24', '3', '6', '4')",0.14660740989999888
"('24', '3', '7', '4')",0.3793261955100006
"('24', '3', '8', '4')",0.675412663931001
"('24', '3', '9', '4')",0.8818978323893021
"('24', '3', '1', '5')",0.0
"('24', '3', '2', '5')",0.00023450000000000077
"('24', '3', '3', '5')",0.0012722749999999892
"('24', '3', '4', '5')",0.008371410624999997
"('24', '3', '5', '5')",0.053936642187500064
"('24', '3', '6', '5')",0.21109195884843857
"('24', '3', '7', '5')",0.515359376562187
"('24', '3', '8', '5')",0.8144398894021758
"('24', '3', '9', '5')",0.9546210003479794
"('24', '3', '1', '6')",0.0
"('24', '3', '2', '6')",0.00016649999999999928
"('24', '3', '3', '6')",0.0017283374999999942
"('24', '3', '4', '6')",0.01357898812499997
"('24', '3', '5', '6')",0.09005108428125043
"('24', '3', '6', '6')",0.3334976730968739
"('24', '3', '7', '6')",0.743285598826641
"('24', '3', '8', '6')",0.9630226102053938
"('24', '3', '9', '6')",0.9973979508079823
"('24', '3', '1', '7')",0.0
"('24', '3', '2', '7')",0.0004439999999999994
"('24', '3', '3', '7')",0.002349599999999995
"('24', '3', '4', '7')",0.025369120000000016
"('24', '3', '5', '7')",0.14518336000000043
"('24', '3', '6', '7')",0.4896466175999997
"('24', '3', '7', '7')",0.9648644710400013
"('24', '3', '8', '7')",1.0
"('24', '3', '9', '7')",1.0
"('24', '3', '1', '8')",0.0
"('24', '3', '2', '8')",0.00035100000000000024
"('24', '3', '3', '8')",0.00570669999999998
"('24', '3', '4', '8')",0.06770399999999994
"('24', '3', '5', '8')",0.27171182999999965
"('24', '3', '6', '8')",0.7953271309999981
"('24', '3', '7', '8')",0.9999390133399991
"('24', '3', '8', '8')",1.0000000000000004
"('24', '3', '9', '8')",1.0000000000000002
"('24', '4', '1', '0')",0.0
"('24', '4', '2', '0')",0.00010399999999999983
"('24', '4', '3', '0')",0.00036479999999999906
"('24', '4', '4', '0')",0.0016118099999999956
"('24', '4', '5', '0')",0.007962136999999979
"('24', '4', '6', '0')",0.030735959700000013
"('24', '4', '7', '0')",0.09686943825999997
"('24', '4', '8', '0')",0.22646735943599944
"('24', '4', '9', '0')",0.41884293451410043
"('24', '4', '1', '1')",0.0
"('24', '4', '2', '1')",0.00019424999999999984
"('24', '4', '3', '1')",0.0005444875000000024
"('24', '4', '4', '1')",0.003146231249999992
"('24', '4', '5', '1')",0.01569251962499998
"('24', '4', '6', '1')",0.05887817730312494
"('24', '4', '7', '1')",0.16431354984906207
"('24', '4', '8', '1')",0.34790268747583153
"('24', '4', '9', '1')",0.5677955861014664
"('24', '4', '1', '2')",0.0
"('24', '4', '2', '2')",0.0002350000000000001
"('24', '4', '3', '2')",0.0009851000000000029
"('24', '4', '4', '2')",0.0053212100000000016
"('24', '4', '5', '2')",0.02666651199999987
"('24', '4', '6', '2')",0.09491329819999972
"('24', '4', '7', '2')",0.2500647031999982
"('24', '4', '8', '2')",0.47942435013299833
"('24', '4', '9', '2')",0.7089177488898026
"('24', '4', '1', '3')",0.0
"('24', '4', '2', '3')",0.00029424999999999764
"('24', '4', '3', '3')",0.0013263249999999967
"('24', '4', '4', '3')",0.007932320625000018
"('24', '4', '5', '3')",0.0415098569687499
"('24', '4', '6', '3')",0.14719380474687435
"('24', '4', '7', '3')",0.35432389259828173
"('24', '4', '8', '3')",0.615856950161329
"('24', '4', '9', '3')",0.8281931683820349
"('24', '4', '1', '4')",0.0
"('24', '4', '2', '4')",0.00037700000000000087
"('24', '4', '3', '4')",0.0018191000000000012
"('24', '4', '4', '4')",0.01157785000000004
"('24', '4', '5', '4')",0.06231054799999992
"('24', '4', '6', '4')",0.21026717760000027
"('24', '4', '7', '4')",0.475119704769999
"('24', '4', '8', '4')",0.7486491476160019
"('24', '4', '9', '4')",0.9158852746810995
"('24', '4', '1', '5')",0.0
"('24', '4', '2', '5')",0.0003125000000000006
"('24', '4', '3', '5')",0.002218600000000006
"('24', '4', '4', '5')",0.016457836250000014
"('24', '4', '5', '5')",0.09000919137499992
"('24', '4', '6', '5')",0.2892780265046873
"('24', '4', '7', '5')",0.6049149443697636
"('24', '4', '8', '5')",0.8615357980503214
"('24', '4', '9', '5')",0.9692434319824151
"('24', '4', '1', '6')",0.0
"('24', '4', '2', '6')",0.0005737499999999993
"('24', '4', '3', '6')",0.0036114750000000063
"('24', '4', '4', '6')",0.027813080000000025
"('24', '4', '5', '6')",0.13887650346875052
"('24', '4', '6', '6')",0.4317108421734388
"('24', '4', '7', '6')",0.8055789306274992
"('24', '4', '8', '6')",0.9744918532134753
"('24', '4', '9', '6')",0.9983433098542212
"('24', '4', '1', '7')",0.0
"('24', '4', '2', '7')",0.000528000000000001
"('24', '4', '3', '7')",0.005651199999999984
"('24', '4', '4', '7')",0.04555280000000007
"('24', '4', '5', '7')",0.2181264320000006
"('24', '4', '6', '7')",0.6002911615999964
"('24', '4', '7', '7')",0.975747256319999
"('24', '4', '8', '7')",1.0000000000000002
"('24', '4', '9', '7')",1.0
"('24', '4', '1', '8')",0.0
"('24', '4', '2', '8')",0.0007659999999999991
"('24', '4', '3', '8')",0.010454399999999985
"('24', '4', '4', '8')",0.10730918000000013
"('24', '4', '5', '8')",0.3632276489999999
"('24', '4', '6', '8')",0.8455417989999964
"('24', '4', '7', '8')",0.9999583329299988
"('24', '4', '8', '8')",1.0000000000000002
"('24', '4', '9', '8')",1.0000000000000004
"('24', '5', '1', '0')",0.0
"('24', '5', '2', '0')",0.00018299999999999976
"('24', '5', '3', '0')",0.0007030000000000017
"('24', '5', '4', '0')",0.003297320000000007
"('24', '5', '5', '0')",0.014746185000000012
"('24', '5', '6', '0')",0.052548752800000015
"('24', '5', '7', '0')",0.1468491601499997
"('24', '5', '8', '0')",0.31171004541999925
"('24', '5', '9', '0')",0.5178931564929998
"('24', '5', '1', '1')",0.0
"('24', '5', '2', '1')",0.00031350000000000106
"('24', '5', '3', '1')",0.0011951749999999962
"('24', '5', '4', '1')",0.006097864999999986
"('24', '5', '5', '1')",0.026438520312500068
"('24', '5', '6', '1')",0.09032104057031198
"('24', '5', '7', '1')",0.22911050961140678
"('24', '5', '8', '1')",0.4385302531270907
"('24', '5', '9', '1')",0.6570312445849409
"('24', '5', '1', '2')",0.0
"('24', '5', '2', '2')",0.00045400000000000095
"('24', '5', '3', '2')",0.0016714000000000045
"('24', '5', '4', '2')",0.00968718999999999
"('24', '5', '5', '2')",0.04231987099999982
"('24', '5', '6', '2')",0.13995906209999998
"('24', '5', '7', '2')",0.32963078527999967
"('24', '5', '8', '2')",0.5703614345369983
"('24', '5', '9', '2')",0.7808553334414989
"('24', '5', '1', '3')",0.0
"('24', '5', '2', '3')",0.0005837499999999993
"('24', '5', '3', '3')",0.002736362499999987
"('24', '5', '4', '3')",0.014798581875000006
"('24', '5', '5', '3')",0.06535071743749979
"('24', '5', '6', '3')",0.2025755040375002
"('24', '5', '7', '3')",0.4396051301896886
"('24', '5', '8', '3')",0.6980070106811419
"('24', '5', '9', '3')",0.8760935750432459
"('24', '5', '1', '4')",0.0
"('24', '5', '2', '4')",0.0006960000000000014
"('24', '5', '3', '4')",0.003398300000000015
"('24', '5', '4', '4')",0.020155390000000002
"('24', '5', '5', '4')",0.09530322400000037
"('24', '5', '6', '4')",0.2808179090999993
"('24', '5', '7', '4')",0.557665031860001
"('24', '5', '8', '4')",0.8079611690960007
"('24', '5', '9', '4')",0.9417130053944031
"('24', '5', '1', '5')",0.0
"('24', '5', '2', '5')",0.0006797499999999975
"('24', '5', '3', '5')",0.004791575000000001
"('24', '5', '4', '5')",0.028313351249999997
"('24', '5', '5', '5')",0.1306927029062498
"('24', '5', '6', '5')",0.37119730210781254
"('24', '5', '7', '5')",0.680479062618203
"('24', '5', '8', '5')",0.8988832556483553
"('24', '5', '9', '5')",0.9795469571018098
"('24', '5', '1', '6')",0.0
"('24', '5', '2', '6')",0.0008054999999999988
"('24', '5', '3', '6')",0.006897712500000006
"('24', '5', '4', '6')",0.042406883750000055
"('24', '5', '5', '6')",0.19822053593750044
"('24', '5', '6', '6')",0.5227075130140608
"('24', '5', '7', '6')",0.8560617277168747
"('24', '5', '8', '6')",0.9829354635480544
"('24', '5', '9', '6')",0.9989952446358519
"('24', '5', '1', '7')",0.0
"('24', '5', '2', '7')",0.0016040000000000006
"('24', '5', '3', '7')",0.01067839999999995
"('24', '5', '4', '7')",0.06964448000000005
"('24', '5', '5', '7')",0.2883102399999969
"('24', '5', '6', '7')",0.685189785599999
"('24', '5', '7', '7')",0.9834950451200029
"('24', '5', '8', '7')",1.0
"('24', '5', '9', '7')",1.0
"('24', '5', '1', '8')",0.0
"('24', '5', '2', '8')",0.0017830000000000135
"('24', '5', '3', '8')",0.02080070000000007
"('24', '5', '4', '8')",0.14720082999999884
"('24', '5', '5', '8')",0.4550758900000006
"('24', '5', '6', '8')",0.8866564413000003
"('24', '5', '7', '8')",0.9999723639699989
"('24', '5', '8', '8')",1.0000000000000002
"('24', '5', '9', '8')",1.0000000000000002
"('24', '6', '1', '0')",0.0
"('24', '6', '2', '0')",0.0002689999999999998
"('24', '6', '3', '0')",0.0012102999999999981
"('24', '6', '4', '0')",0.005630070000000003
"('24', '6', '5', '0')",0.024605916999999977
"('24', '6', '6', '0')",0.07995260580000005
"('24', '6', '7', '0')",0.20644120777999939
"('24', '6', '8', '0')",0.40075321868700126
"('24', '6', '9', '0')",0.6127972837527
"('24', '6', '1', '1')",0.0
"('24', '6', '2', '1')",0.0004207500000000002
"('24', '6', '3', '1')",0.0020048875
"('24', '6', '4', '1')",0.009888529375000009
"('24', '6', '5', '1')",0.04138636553125003
"('24', '6', '6', '1')",0.13077492884531156
"('24', '6', '7', '1')",0.30243132446046805
"('24', '6', '8', '1')",0.5295851540801377
"('24', '6', '9', '1')",0.7371424787022635
"('24', '6', '1', '2')",0.0
"('24', '6', '2', '2')",0.000634000000000003
"('24', '6', '3', '2')",0.002995400000000002
"('24', '6', '4', '2')",0.015076600000000035
"('24', '6', '5', '2')",0.06404288099999973
"('24', '6', '6', '2')",0.19105067749999924
"('24', '6', '7', '2')",0.4083086065700005
"('24', '6', '8', '2')",0.6517996734220021
"('24', '6', '9', '2')",0.8383260927997996
"('24', '6', '1', '3')",0.0
"('24', '6', '2', '3')",0.0010017499999999972
"('24', '6', '3', '3')",0.004221262499999979
"('24', '6', '4', '3')",0.023527890625000044
"('24', '6', '5', '3')",0.09433392106249967
"('24', '6', '6', '3')",0.2667164997578125
"('24', '6', '7', '3')",0.5243496791561721
"('24', '6', '8', '3')",0.7655311310278766
"('24', '6', '9', '3')",0.9134744370760799
"('24', '6', '1', '4')",0.0
"('24', '6', '2', '4')",0.0009600000000000005
"('24', '6', '3', '4')",0.005851800000000002
"('24', '6', '4', '4')",0.03263538000000005
"('24', '6', '5', '4')",0.13222945700000013
"('24', '6', '6', '4')",0.3525948474999993
"('24', '6', '7', '4')",0.6362049595099987
"('24', '6', '8', '4')",0.8574655995710027
"('24', '6', '9', '4')",0.960862118285199
"('24', '6', '1', '5')",0.0
"('24', '6', '2', '5')",0.001292250000000001
"('24', '6', '3', '5')",0.007511349999999985
"('24', '6', '4', '5')",0.04353490812500016
"('24', '6', '5', '5')",0.17516696471874993
"('24', '6', '6', '5')",0.4485432487687496
"('24', '6', '7', '5')",0.746661298417342
"('24', '6', '8', '5')",0.9276354882476562
"('24', '6', '9', '5')",0.986853480147608
"('24', '6', '1', '6')",0.0
"('24', '6', '2', '6')",0.00142875
"('24', '6', '3', '6')",0.01095019999999998
"('24', '6', '4', '6')",0.0677912381250002
"('24', '6', '5', '6')",0.2602774160625001
"('24', '6', '6', '6')",0.6074952404078096
"('24', '6', '7', '6')",0.8948010072343715
"('24', '6', '8', '6')",0.9886818764382724
"('24', '6', '9', '6')",0.999400867112196
"('24', '6', '1', '7')",0.0
"('24', '6', '2', '7')",0.0019680000000000114
"('24', '6', '3', '7')",0.016569599999999986
"('24', '6', '4', '7')",0.1032767999999996
"('24', '6', '5', '7')",0.36431638399999927
"('24', '6', '6', '7')",0.7571769344000016
"('24', '6', '7', '7')",0.989318615040001
"('24', '6', '8', '7')",1.0000000000000002
"('24', '6', '9', '7')",1.0
"('24', '6', '1', '8')",0.0
"('24', '6', '2', '8')",0.0025150000000000055
"('24', '6', '3', '8')",0.028566
"('24', '6', '4', '8')",0.18734804000000013
"('24', '6', '5', '8')",0.5271070549999984
"('24', '6', '6', '8')",0.9196199416000007
"('24', '6', '7', '8')",0.9999821315200003
"('24', '6', '8', '8')",1.0000000000000002
"('24', '6', '9', '8')",1.0000000000000002
"('24', '7', '1', '0')",0.0
"('24', '7', '2', '0')",0.000514999999999998
"('24', '7', '3', '0')",0.0019989999999999947
"('24', '7', '4', '0')",0.009297880000000015
"('24', '7', '5', '0')",0.037110118000000074
"('24', '7', '6', '0')",0.11629663499999977
"('24', '7', '7', '0')",0.27519978752999946
"('24', '7', '8', '0')",0.48857297249000015
"('24', '7', '9', '0')",0.6982307223393008
"('24', '7', '1', '1')",0.0
"('24', '7', '2', '1')",0.0006679999999999988
"('24', '7', '3', '1')",0.0031563749999999973
"('24', '7', '4', '1')",0.015259780624999972
"('24', '7', '5', '1')",0.061209762718750026
"('24', '7', '6', '1')",0.1767460400968757
"('24', '7', '7', '1')",0.37900983983242237
"('24', '7', '8', '1')",0.6125725282184563
"('24', '7', '9', '1')",0.8035189233014054
"('24', '7', '1', '2')",0.0
"('24', '7', '2', '2')",0.0010550000000000026
"('24', '7', '3', '2')",0.00480580000000004
"('24', '7', '4', '2')",0.023051900000000018
"('24', '7', '5', '2')",0.092724958
"('24', '7', '6', '2')",0.2510267420999988
"('24', '7', '7', '2')",0.48900640511999843
"('24', '7', '8', '2')",0.7252117111530001
"('24', '7', '9', '2')",0.8842741278008988
"('24', '7', '1', '3')",0.0
"('24', '7', '2', '3')",0.0011582499999999937
"('24', '7', '3', '3')",0.00660993749999999
"('24', '7', '4', '3')",0.03408916437499994
"('24', '7', '5', '3')",0.12970369078124921
"('24', '7', '6', '3')",0.33265319342500044
"('24', '7', '7', '3')",0.6006883224325792
"('24', '7', '8', '3')",0.8200075299905576
"('24', '7', '9', '3')",0.9404005291559728
"('24', '7', '1', '4')",0.0
"('24', '7', '2', '4')",0.0013449999999999942
"('24', '7', '3', '4')",0.008593099999999998
"('24', '7', '4', '4')",0.047533610000000205
"('24', '7', '5', '4')",0.17641659099999987
"('24', '7', '6', '4')",0.4279541908999986
"('24', '7', '7', '4')",0.7075758553199999
"('24', '7', '8', '4')",0.8963631867790021
"('24', '7', '9', '4')",0.9741318246102995
"('24', '7', '1', '5')",0.0
"('24', '7', '2', '5')",0.0017837499999999993
"('24', '7', '3', '5')",0.011820787499999994
"('24', '7', '4', '5')",0.06321178937500008
"('24', '7', '5', '5')",0.23142908706249984
"('24', '7', '6', '5')",0.5242973935468753
"('24', '7', '7', '5')",0.8059367069825769
"('24', '7', '8', '5')",0.9498499564419212
"('24', '7', '9', '5')",0.9916639074682982
"('24', '7', '1', '6')",0.0
"('24', '7', '2', '6')",0.0020232499999999986
"('24', '7', '3', '6')",0.016364312500000002
"('24', '7', '4', '6')",0.09232330625000017
"('24', '7', '5', '6')",0.32827838809374965
"('24', '7', '6', '6')",0.6806031201359372
"('24', '7', '7', '6')",0.924942186698437
"('24', '7', '8', '6')",0.9927205316851132
"('24', '7', '9', '6')",0.9996590065183403
"('24', '7', '1', '7')",0.0
"('24', '7', '2', '7')",0.0032599999999999942
"('24', '7', '3', '7')",0.024340800000000058
"('24', '7', '4', '7')",0.13928496000000015
"('24', '7', '5', '7')",0.4410092479999984
"('24', '7', '6', '7')",0.8188895231999955
"('24', '7', '7', '7')",0.9931543142400052
"('24', '7', '8', '7')",1.0
"('24', '7', '9', '7')",0.9999999999999999
"('24', '7', '1', '8')",0.0
"('24', '7', '2', '8')",0.0040560000000000014
"('24', '7', '3', '8')",0.04289459999999991
"('24', '7', '4', '8')",0.2342636200000006
"('24', '7', '5', '8')",0.6004460350000002
"('24', '7', '6', '8')",0.9440154163000002
"('24', '7', '7', '8')",0.9999890444299977
"('24', '7', '8', '8')",1.0000000000000002
"('24', '7', '9', '8')",1.0
"('25', '0', '1', '0')",0.0
"('25', '0', '2', '0')",0.0
"('25', '0', '3', '0')",0.0
"('25', '0', '4', '0')",0.0
"('25', '0', '5', '0')",0.0
"('25', '0', '6', '0')",0.0
"('25', '0', '7', '0')",6.800000000000003e-05
"('25', '0', '8', '0')",0.0021129300000000003
"('25', '0', '9', '0')",0.01874559
"('25', '0', '1', '1')",0.0
"('25', '0', '2', '1')",0.0
"('25', '0', '3', '1')",0.0
"('25', '0', '4', '1')",0.0
"('25', '0', '5', '1')",0.0
"('25', '0', '6', '1')",0.0
"('25', '0', '7', '1')",0.0006453421875
"('25', '0', '8', '1')",0.012853066054687499
"('25', '0', '9', '1')",0.075935471078125
"('25', '0', '1', '2')",0.0
"('25', '0', '2', '2')",0.0
"('25', '0', '3', '2')",0.0
"('25', '0', '4', '2')",0.0
"('25', '0', '5', '2')",0.0
"('25', '0', '6', '2')",0.0
"('25', '0', '7', '2')",0.0032944000000000007
"('25', '0', '8', '2')",0.04609344
"('25', '0', '9', '2')",0.19515345800000003
"('25', '0', '1', '3')",0.0
"('25', '0', '2', '3')",0.0
"('25', '0', '3', '3')",0.0
"('25', '0', '4', '3')",0.0
"('25', '0', '5', '3')",0.0
"('25', '0', '6', '3')",0.0
"('25', '0', '7', '3')",0.0118701171875
"('25', '0', '8', '3')",0.12072724980468748
"('25', '0', '9', '3')",0.37780512839062486
"('25', '0', '1', '4')",0.0
"('25', '0', '2', '4')",0.0
"('25', '0', '3', '4')",0.0
"('25', '0', '4', '4')",0.0
"('25', '0', '5', '4')",0.0
"('25', '0', '6', '4')",0.0
"('25', '0', '7', '4')",0.034182
"('25', '0', '8', '4')",0.25438749000000005
"('25', '0', '9', '4')",0.5962413340000001
"('25', '0', '1', '5')",0.0
"('25', '0', '2', '5')",0.0
"('25', '0', '3', '5')",0.0
"('25', '0', '4', '5')",0.0
"('25', '0', '5', '5')",0.0
"('25', '0', '6', '5')",0.0
"('25', '0', '7', '5')",0.08416630468749998
"('25', '0', '8', '5')",0.45249184230468753
"('25', '0', '9', '5')",0.800240113203125
"('25', '0', '1', '6')",0.0
"('25', '0', '2', '6')",0.0
"('25', '0', '3', '6')",0.0
"('25', '0', '4', '6')",0.0
"('25', '0', '5', '6')",0.0
"('25', '0', '6', '6')",0.0
"('25', '0', '7', '6')",0.2623989937500001
"('25', '0', '8', '6')",0.8113401798046878
"('25', '0', '9', '6')",0.9788764937343754
"('25', '0', '1', '7')",0.0
"('25', '0', '2', '7')",0.0
"('25', '0', '3', '7')",0.0
"('25', '0', '4', '7')",0.0
"('25', '0', '5', '7')",0.0
"('25', '0', '6', '7')",0.0
"('25', '0', '7', '7')",0.7102079999999998
"('25', '0', '8', '7')",0.9993446399999999
"('25', '0', '9', '7')",0.9999999999999999
"('25', '0', '1', '8')",0.0
"('25', '0', '2', '8')",0.0
"('25', '0', '3', '8')",0.0
"('25', '0', '4', '8')",0.0
"('25', '0', '5', '8')",0.0
"('25', '0', '6', '8')",0.0
"('25', '0', '7', '8')",0.9972720000000003
"('25', '0', '8', '8')",0.9999999900000001
"('25', '0', '9', '8')",1.0
"('25', '1', '1', '0')",0.0
"('25', '1', '2', '0')",0.0
"('25', '1', '3', '0')",0.0
"('25', '1', '4', '0')",0.0
"('25', '1', '5', '0')",5.5188999999999976e-05
"('25', '1', '6', '0')",0.0007322912999999996
"('25', '1', '7', '0')",0.004603048800000015
"('25', '1', '8', '0')",0.02187655900699992
"('25', '1', '9', '0')",0.07567089982299977
"('25', '1', '1', '1')",0.0
"('25', '1', '2', '1')",0.0
"('25', '1', '3', '1')",0.0
"('25', '1', '4', '1')",0.0
"('25', '1', '5', '1')",0.0002364733125000004
"('25', '1', '6', '1')",0.0023966130187500043
"('25', '1', '7', '1')",0.013718068349374992
"('25', '1', '8', '1')",0.058005211118691384
"('25', '1', '9', '1')",0.17084943930531393
"('25', '1', '1', '2')",0.0
"('25', '1', '2', '2')",0.0
"('25', '1', '3', '2')",0.0
"('25', '1', '4', '2')",0.0
"('25', '1', '5', '2')",0.000683740000000002
"('25', '1', '6', '2')",0.005723141400000001
"('25', '1', '7', '2')",0.03218382709000015
"('25', '1', '8', '2')",0.12470363974100022
"('25', '1', '9', '2')",0.31392702891620056
"('25', '1', '1', '3')",0.0
"('25', '1', '2', '3')",0.0
"('25', '1', '3', '3')",0.0
"('25', '1', '4', '3')",0.0
"('25', '1', '5', '3')",0.0015468523437499986
"('25', '1', '6', '3')",0.012164583734374994
"('25', '1', '7', '3')",0.06412875570078132
"('25', '1', '8', '3')",0.22691085459271904
"('25', '1', '9', '3')",0.49624531514105785
"('25', '1', '1', '4')",0.0
"('25', '1', '2', '4')",0.0
"('25', '1', '3', '4')",0.0
"('25', '1', '4', '4')",0.0
"('25', '1', '5', '4')",0.002942073
"('25', '1', '6', '4')",0.022461608100000054
"('25', '1', '7', '4')",0.1165462822399998
"('25', '1', '8', '4')",0.3734749081319994
"('25', '1', '9', '4')",0.6869407281071962
"('25', '1', '1', '5')",0.0
"('25', '1', '2', '5')",0.0
"('25', '1', '3', '5')",0.0
"('25', '1', '4', '5')",0.0
"('25', '1', '5', '5')",0.0051725732187500205
"('25', '1', '6', '5')",0.03790532642968751
"('25', '1', '7', '5')",0.19846304180836027
"('25', '1', '8', '5')",0.5613061224289893
"('25', '1', '9', '5')",0.8514350503763927
"('25', '1', '1', '6')",0.0
"('25', '1', '2', '6')",0.0
"('25', '1', '3', '6')",0.0
"('25', '1', '4', '6')",0.0
"('25', '1', '5', '6')",0.010428914531250007
"('25', '1', '6', '6')",0.07665211515937485
"('25', '1', '7', '6')",0.4012092898150787
"('25', '1', '8', '6')",0.8593530490889661
"('25', '1', '9', '6')",0.9853306687388136
"('25', '1', '1', '7')",0.0
"('25', '1', '2', '7')",0.0
"('25', '1', '3', '7')",0.0
"('25', '1', '4', '7')",0.0
"('25', '1', '5', '7')",0.022444416000000043
"('25', '1', '6', '7')",0.14152479360000017
"('25', '1', '7', '7')",0.7840443801599973
"('25', '1', '8', '7')",0.9995490467840001
"('25', '1', '9', '7')",1.0
"('25', '1', '1', '8')",0.0
"('25', '1', '2', '8')",0.0
"('25', '1', '3', '8')",0.0
"('25', '1', '4', '8')",0.0
"('25', '1', '5', '8')",0.031891320000000015
"('25', '1', '6', '8')",0.2058251661000002
"('25', '1', '7', '8')",0.9980076257900004
"('25', '1', '8', '8')",0.9999999931769998
"('25', '1', '9', '8')",1.0000000000000004
"('25', '2', '1', '0')",0.0
"('25', '2', '2', '0')",1.2000000000000024e-05
"('25', '2', '3', '0')",3.65e-05
"('25', '2', '4', '0')",0.00013907999999999916
"('25', '2', '5', '0')",0.0006557970000000028
"('25', '2', '6', '0')",0.0035962545000000007
"('25', '2', '7', '0')",0.016164019379999995
"('25', '2', '8', '0')",0.056604789266000106
"('25', '2', '9', '0')",0.1494384261133002
"('25', '2', '1', '1')",0.0
"('25', '2', '2', '1')",3.00000000000001e-05
"('25', '2', '3', '1')",6.408749999999973e-05
"('25', '2', '4', '1')",0.00025590750000000054
"('25', '2', '5', '1')",0.0015204422812499995
"('25', '2', '6', '1')",0.008893046642187518
"('25', '2', '7', '1')",0.037392300480312606
"('25', '2', '8', '1')",0.11820676605176954
"('25', '2', '9', '1')",0.271629203086331
"('25', '2', '1', '2')",0.0
"('25', '2', '2', '2')",3.2000000000000154e-05
"('25', '2', '3', '2')",3.77999999999999e-05
"('25', '2', '4', '2')",0.0004184200000000003
"('25', '2', '5', '2')",0.003241902999999992
"('25', '2', '6', '2')",0.01873857130000003
"('25', '2', '7', '2')",0.07269249212000012
"('25', '2', '8', '2')",0.2085923443250004
"('25', '2', '9', '2')",0.4261458429096999
"('25', '2', '1', '3')",0.0
"('25', '2', '2', '3')",3.749999999999989e-05
"('25', '2', '3', '3')",0.00012687500000000012
"('25', '2', '4', '3')",0.0005729931249999952
"('25', '2', '5', '3')",0.006229318437500024
"('25', '2', '6', '3')",0.03298165302656239
"('25', '2', '7', '3')",0.1263407555550782
"('25', '2', '8', '3')",0.32964346049602045
"('25', '2', '9', '3')",0.5968833086796653
"('25', '2', '1', '4')",0.0
"('25', '2', '2', '4')",4.200000000000015e-05
"('25', '2', '3', '4')",0.00014429999999999893
"('25', '2', '4', '4')",0.001025350000000003
"('25', '2', '5', '4')",0.010700275000000016
"('25', '2', '6', '4')",0.05647602319999995
"('25', '2', '7', '4')",0.2030816429500002
"('25', '2', '8', '4')",0.4804261629489997
"('25', '2', '9', '4')",0.7615916640534985
"('25', '2', '1', '5')",0.0
"('25', '2', '2', '5')",4.374999999999999e-05
"('25', '2', '3', '5')",0.00026757500000000145
"('25', '2', '4', '5')",0.0017624724999999995
"('25', '2', '5', '5')",0.016924305156249982
"('25', '2', '6', '5')",0.08965792618125001
"('25', '2', '7', '5')",0.30429162471656285
"('25', '2', '8', '5')",0.6515785059122643
"('25', '2', '9', '5')",0.8905560831626802
"('25', '2', '1', '6')",0.0
"('25', '2', '2', '6')",7.424999999999974e-05
"('25', '2', '3', '6')",0.00022455000000000017
"('25', '2', '4', '6')",0.0023831381250000137
"('25', '2', '5', '6')",0.031513107093750124
"('25', '2', '6', '6')",0.15955208261718754
"('25', '2', '7', '6')",0.5185792431189087
"('25', '2', '8', '6')",0.896268766809394
"('25', '2', '9', '6')",0.9899457159435762
"('25', '2', '1', '7')",0.0
"('25', '2', '2', '7')",6.000000000000042e-05
"('25', '2', '3', '7')",0.0003407999999999999
"('25', '2', '4', '7')",0.003515039999999991
"('25', '2', '5', '7')",0.05517088000000001
"('25', '2', '6', '7')",0.2701465343999995
"('25', '2', '7', '7')",0.8397932134399979
"('25', '2', '8', '7')",0.9996973547519996
"('25', '2', '9', '7')",1.0
"('25', '2', '1', '8')",0.0
"('25', '2', '2', '8')",9.000000000000073e-06
"('25', '2', '3', '8')",0.00030779999999999957
"('25', '2', '4', '8')",0.004980379999999993
"('25', '2', '5', '8')",0.08271475699999992
"('25', '2', '6', '8')",0.3781501886999999
"('25', '2', '7', '8')",0.998561586600002
"('25', '2', '8', '8')",0.9999999954030026
"('25', '2', '9', '8')",1.0000000000000004
"('25', '3', '1', '0')",0.0
"('25', '3', '2', '0')",2.400000000000007e-05
"('25', '3', '3', '0')",0.00010049999999999949
"('25', '3', '4', '0')",0.00043959999999999914
"('25', '3', '5', '0')",0.0021633590000000127
"('25', '3', '6', '0')",0.009582269700000007
"('25', '3', '7', '0')",0.03642971839999997
"('25', '3', '8', '0')",0.1049497417999997
"('25', '3', '9', '0')",0.23721968499150023
"('25', '3', '1', '1')",0.0
"('25', '3', '2', '1')",5.175000000000009e-05
"('25', '3', '3', '1')",0.00019917499999999954
"('25', '3', '4', '1')",0.0008032906249999989
"('25', '3', '5', '1')",0.004451952718749981
"('25', '3', '6', '1')",0.0200610421921875
"('25', '3', '7', '1')",0.0713280536126564
"('25', '3', '8', '1')",0.18982675465379628
"('25', '3', '9', '1')",0.37510330514920326
"('25', '3', '1', '2')",0.0
"('25', '3', '2', '2')",8.199999999999973e-05
"('25', '3', '3', '2')",0.0003011999999999997
"('25', '3', '4', '2')",0.0013857699999999956
"('25', '3', '5', '2')",0.008297061999999977
"('25', '3', '6', '2')",0.03782801740000009
"('25', '3', '7', '2')",0.12450330439000021
"('25', '3', '8', '2')",0.2977113385220008
"('25', '3', '9', '2')",0.5282077638386024
"('25', '3', '1', '3')",0.0
"('25', '3', '2', '3')",0.00011374999999999982
"('25', '3', '3', '3')",0.00047448750000000017
"('25', '3', '4', '3')",0.0022206656250000185
"('25', '3', '5', '3')",0.01448205093750001
"('25', '3', '6', '3')",0.06372860692968738
"('25', '3', '7', '3')",0.19764530465406238
"('25', '3', '8', '3')",0.4305702139111676
"('25', '3', '9', '3')",0.6849627207261693
"('25', '3', '1', '4')",0.0
"('25', '3', '2', '4')",0.00013500000000000046
"('25', '3', '3', '4')",0.00047590000000000024
"('25', '3', '4', '4')",0.0032634900000000056
"('25', '3', '5', '4')",0.023399627000000103
"('25', '3', '6', '4')",0.1001603953000004
"('25', '3', '7', '4')",0.2920618574899995
"('25', '3', '8', '4')",0.576981876770001
"('25', '3', '9', '4')",0.8212173042618026
"('25', '3', '1', '5')",0.0
"('25', '3', '2', '5')",0.00014624999999999992
"('25', '3', '3', '5')",0.0008221374999999995
"('25', '3', '4', '5')",0.004889803750000018
"('25', '3', '5', '5')",0.03522358493750004
"('25', '3', '6', '5')",0.14837325517187502
"('25', '3', '7', '5')",0.40867365625320295
"('25', '3', '8', '5')",0.7292051976393077
"('25', '3', '9', '5')",0.9221196042042754
"('25', '3', '1', '6')",0.0
"('25', '3', '2', '6')",0.0002880000000000013
"('25', '3', '3', '6')",0.0008638875000000007
"('25', '3', '4', '6')",0.007615940624999991
"('25', '3', '5', '6')",0.06063806759375002
"('25', '3', '6', '6')",0.2497953652406258
"('25', '3', '7', '6')",0.6195885168794525
"('25', '3', '8', '6')",0.9250126807431458
"('25', '3', '9', '6')",0.9933086916344265
"('25', '3', '1', '7')",0.0
"('25', '3', '2', '7')",0.0003999999999999995
"('25', '3', '3', '7')",0.001219999999999999
"('25', '3', '4', '7')",0.010782399999999985
"('25', '3', '5', '7')",0.09994803199999984
"('25', '3', '6', '7')",0.3938050943999986
"('25', '3', '7', '7')",0.8832783359999989
"('25', '3', '8', '7')",0.9998020812800003
"('25', '3', '9', '7')",1.0
"('25', '3', '1', '8')",0.0
"('25', '3', '2', '8')",0.00043199999999999977
"('25', '3', '3', '8')",0.001973799999999997
"('25', '3', '4', '8')",0.016072849999999934
"('25', '3', '5', '8')",0.1402728130000004
"('25', '3', '6', '8')",0.5162190628999997
"('25', '3', '7', '8')",0.9989914847000003
"('25', '3', '8', '8')",0.9999999970060004
"('25', '3', '9', '8')",1.0000000000000002
"('25', '4', '1', '0')",0.0
"('25', '4', '2', '0')",0.00010500000000000006
"('25', '4', '3', '0')",0.0002400000000000006
"('25', '4', '4', '0')",0.0010592299999999998
"('25', '4', '5', '0')",0.004794768999999999
"('25', '4', '6', '0')",0.018818305499999955
"('25', '4', '7', '0')",0.06533215077999985
"('25', '4', '8', '0')",0.16653134174199938
"('25', '4', '9', '0')",0.32991972250310025
"('25', '4', '1', '1')",0.0
"('25', '4', '2', '1')",0.00013649999999999996
"('25', '4', '3', '1')",0.0003944624999999993
"('25', '4', '4', '1')",0.002000369999999995
"('25', '4', '5', '1')",0.009337816781250022
"('25', '4', '6', '1')",0.03654195484062475
"('25', '4', '7', '1')",0.117094229913047
"('25', '4', '8', '1')",0.27028789830018213
"('25', '4', '9', '1')",0.4757756996188964
"('25', '4', '1', '2')",0.0
"('25', '4', '2', '2')",0.0002549999999999993
"('25', '4', '3', '2')",0.0005818999999999978
"('25', '4', '4', '2')",0.003211439999999992
"('25', '4', '5', '2')",0.0164829079999999
"('25', '4', '6', '2')",0.06500345170000017
"('25', '4', '7', '2')",0.18641335352999996
"('25', '4', '8', '2')",0.39020323516199995
"('25', '4', '9', '2')",0.6231074833651015
"('25', '4', '1', '3')",0.0
"('25', '4', '2', '3')",0.0002519999999999998
"('25', '4', '3', '3')",0.0007713874999999996
"('25', '4', '4', '3')",0.005163321250000007
"('25', '4', '5', '3')",0.026750009218749843
"('25', '4', '6', '3')",0.10189548439062462
"('25', '4', '7', '3')",0.2738600151089846
"('25', '4', '8', '3')",0.523417320827847
"('25', '4', '9', '3')",0.7582418788416574
"('25', '4', '1', '4')",0.0
"('25', '4', '2', '4')",0.00030299999999999983
"('25', '4', '3', '4')",0.0011656999999999985
"('25', '4', '4', '4')",0.007145219999999977
"('25', '4', '5', '4')",0.041356296000000264
"('25', '4', '6', '4')",0.15146513980000015
"('25', '4', '7', '4')",0.38168454568000004
"('25', '4', '8', '4')",0.6631183500480002
"('25', '4', '9', '4')",0.8697792256297986
"('25', '4', '1', '5')",0.0
"('25', '4', '2', '5')",0.00034924999999999925
"('25', '4', '3', '5')",0.0012999250000000032
"('25', '4', '4', '5')",0.009826979374999986
"('25', '4', '5', '5')",0.06057689662499984
"('25', '4', '6', '5')",0.21516626593750016
"('25', '4', '7', '5')",0.4995268460150003
"('25', '4', '8', '5')",0.7918934770309695
"('25', '4', '9', '5')",0.944771409939565
"('25', '4', '1', '6')",0.0
"('25', '4', '2', '6')",0.00042525000000000055
"('25', '4', '3', '6')",0.0020980124999999948
"('25', '4', '4', '6')",0.01590404687499996
"('25', '4', '5', '6')",0.09951648324999991
"('25', '4', '6', '6')",0.3398883501234362
"('25', '4', '7', '6')",0.7054949954464822
"('25', '4', '8', '6')",0.9466058432125916
"('25', '4', '9', '6')",0.9955856314018242
"('25', '4', '1', '7')",0.0
"('25', '4', '2', '7')",0.0006760000000000017
"('25', '4', '3', '7')",0.0028096000000000093
"('25', '4', '4', '7')",0.024001760000000094
"('25', '4', '5', '7')",0.15755027199999938
"('25', '4', '6', '7')",0.4967593984000014
"('25', '4', '7', '7')",0.9172804812800005
"('25', '4', '8', '7')",0.9998763991039975
"('25', '4', '9', '7')",1.0
"('25', '4', '1', '8')",0.0
"('25', '4', '2', '8')",0.000918
"('25', '4', '3', '8')",0.0036742999999999993
"('25', '4', '4', '8')",0.03737601999999988
"('25', '4', '5', '8')",0.2185814109999999
"('25', '4', '6', '8')",0.6218797883000025
"('25', '4', '7', '8')",0.9993008459900001
"('25', '4', '8', '8')",0.9999999980850012
"('25', '4', '9', '8')",1.0000000000000002
"('25', '5', '1', '0')",0.0
"('25', '5', '2', '0')",0.000191
"('25', '5', '3', '0')",0.0005186999999999978
"('25', '5', '4', '0')",0.002032229999999994
"('25', '5', '5', '0')",0.00920321600000003
"('25', '5', '6', '0')",0.03349506019999992
"('25', '5', '7', '0')",0.1029322516400004
"('25', '5', '8', '0')",0.23774394235499938
"('25', '5', '9', '0')",0.42862107211169836
"('25', '5', '1', '1')",0.0
"('25', '5', '2', '1')",0.0002829999999999995
"('25', '5', '3', '1')",0.0008963375
"('25', '5', '4', '1')",0.003726946249999999
"('25', '5', '5', '1')",0.01706212062500001
"('25', '5', '6', '1')",0.061267712932812454
"('25', '5', '7', '1')",0.16977628507328155
"('25', '5', '8', '1')",0.35243107494995757
"('25', '5', '9', '1')",0.5710438748025822
"('25', '5', '1', '2')",0.0
"('25', '5', '2', '2')",0.0002549999999999997
"('25', '5', '3', '2')",0.0011828000000000001
"('25', '5', '4', '2')",0.005902570000000022
"('25', '5', '5', '2')",0.028169016000000012
"('25', '5', '6', '2')",0.09925504460000004
"('25', '5', '7', '2')",0.25322743590000013
"('25', '5', '8', '2')",0.4781087176909986
"('25', '5', '9', '2')",0.7043756908266027
"('25', '5', '1', '3')",0.0
"('25', '5', '2', '3')",0.00045750000000000055
"('25', '5', '3', '3')",0.0017178874999999934
"('25', '5', '4', '3')",0.009233259999999946
"('25', '5', '5', '3')",0.04348508025000007
"('25', '5', '6', '3')",0.1480074335296876
"('25', '5', '7', '3')",0.3541881863078123
"('25', '5', '8', '3')",0.6073257954618271
"('25', '5', '9', '3')",0.8185133990527088
"('25', '5', '1', '4')",0.0
"('25', '5', '2', '4')",0.0006109999999999979
"('25', '5', '3', '4')",0.002216700000000003
"('25', '5', '4', '4')",0.013383870000000004
"('25', '5', '5', '4')",0.06434303099999962
"('25', '5', '6', '4')",0.21350628099999985
"('25', '5', '7', '4')",0.46329055960999993
"('25', '5', '8', '4')",0.7338433530540014
"('25', '5', '9', '4')",0.9052542811965976
"('25', '5', '1', '5')",0.0
"('25', '5', '2', '5')",0.0004617499999999998
"('25', '5', '3', '5')",0.0026723125000000024
"('25', '5', '4', '5')",0.018122093125000013
"('25', '5', '5', '5')",0.09001427878124962
"('25', '5', '6', '5')",0.28530636186874947
"('25', '5', '7', '5')",0.586758073160001
"('25', '5', '8', '5')",0.8435535245170103
"('25', '5', '9', '5')",0.9619699069551239
"('25', '5', '1', '6')",0.0
"('25', '5', '2', '6')",0.0008370000000000007
"('25', '5', '3', '6')",0.003849762500000016
"('25', '5', '4', '6')",0.027731004374999875
"('25', '5', '5', '6')",0.14416337209374935
"('25', '5', '6', '6')",0.4227165490218757
"('25', '5', '7', '6')",0.77112598236422
"('25', '5', '8', '6')",0.9627309187504647
"('25', '5', '9', '6')",0.9971883373763667
"('25', '5', '1', '7')",0.0
"('25', '5', '2', '7')",0.000883999999999998
"('25', '5', '3', '7')",0.005692000000000007
"('25', '5', '4', '7')",0.039030719999999894
"('25', '5', '5', '7')",0.21310883199999986
"('25', '5', '6', '7')",0.5890738303999972
"('25', '5', '7', '7')",0.9418862387199974
"('25', '5', '8', '7')",0.9999232573440021
"('25', '5', '9', '7')",1.0
"('25', '5', '1', '8')",0.0
"('25', '5', '2', '8')",0.0008920000000000043
"('25', '5', '3', '8')",0.006755399999999999
"('25', '5', '4', '8')",0.0618130299999998
"('25', '5', '5', '8')",0.2961660279999988
"('25', '5', '6', '8')",0.7110472617999981
"('25', '5', '7', '8')",0.999526643220001
"('25', '5', '8', '8')",0.9999999987970016
"('25', '5', '9', '8')",1.0
"('25', '6', '1', '0')",0.0
"('25', '6', '2', '0')",0.0002599999999999996
"('25', '6', '3', '0')",0.0007964999999999998
"('25', '6', '4', '0')",0.003610870000000003
"('25', '6', '5', '0')",0.015720017000000062
"('25', '6', '6', '0')",0.05417121070000006
"('25', '6', '7', '0')",0.15128288596000014
"('25', '6', '8', '0')",0.3154541287290014
"('25', '6', '9', '0')",0.5226325895318004
"('25', '6', '1', '1')",0.0
"('25', '6', '2', '1')",0.00033150000000000096
"('25', '6', '3', '1')",0.0014009124999999978
"('25', '6', '4', '1')",0.006441823749999997
"('25', '6', '5', '1')",0.02745704150000005
"('25', '6', '6', '1')",0.09310812865937486
"('25', '6', '7', '1')",0.23082364468085925
"('25', '6', '8', '1')",0.4384136606587869
"('25', '6', '9', '1')",0.652834902130799
"('25', '6', '1', '2')",0.0
"('25', '6', '2', '2')",0.0005839999999999989
"('25', '6', '3', '2')",0.001888399999999997
"('25', '6', '4', '2')",0.009910970000000014
"('25', '6', '5', '2')",0.04361981399999996
"('25', '6', '6', '2')",0.13986504869999988
"('25', '6', '7', '2')",0.32455431945000046
"('25', '6', '8', '2')",0.5632073653590037
"('25', '6', '9', '2')",0.7709519682359005
"('25', '6', '1', '3')",0.0
"('25', '6', '2', '3')",0.0006909999999999998
"('25', '6', '3', '3')",0.0025083124999999997
"('25', '6', '4', '3')",0.014759868125000034
"('25', '6', '5', '3')",0.06446838681250028
"('25', '6', '6', '3')",0.20058967545468737
"('25', '6', '7', '3')",0.43264218211366995
"('25', '6', '8', '3')",0.6826820712693829
"('25', '6', '9', '3')",0.8656902677620969
"('25', '6', '1', '4')",0.0
"('25', '6', '2', '4')",0.0009049999999999988
"('25', '6', '3', '4')",0.0034882000000000008
"('25', '6', '4', '4')",0.02148785000000002
"('25', '6', '5', '4')",0.0934044740000005
"('25', '6', '6', '4')",0.27256006829999874
"('25', '6', '7', '4')",0.5469369768200012
"('25', '6', '8', '4')",0.792367526542998
"('25', '6', '9', '4')",0.9333978085583005
"('25', '6', '1', '5')",0.0
"('25', '6', '2', '5')",0.0007627499999999986
"('25', '6', '3', '5')",0.004897999999999985
"('25', '6', '4', '5')",0.028393485625000027
"('25', '6', '5', '5')",0.12904023659374977
"('25', '6', '6', '5')",0.36021716608593696
"('25', '6', '7', '5')",0.6600094916389847
"('25', '6', '8', '5')",0.8842444431353896
"('25', '6', '9', '5')",0.9744111515685245
"('25', '6', '1', '6')",0.0
"('25', '6', '2', '6')",0.0010980000000000009
"('25', '6', '3', '6')",0.006357549999999984
"('25', '6', '4', '6')",0.0439522268749998
"('25', '6', '5', '6')",0.19595014037499972
"('25', '6', '6', '6')",0.5053494488796877
"('25', '6', '7', '6')",0.8263441265083598
"('25', '6', '8', '6')",0.9746292450083331
"('25', '6', '9', '6')",0.9982505668140152
"('25', '6', '1', '7')",0.0
"('25', '6', '2', '7')",0.0016840000000000047
"('25', '6', '3', '7')",0.009200800000000042
"('25', '6', '4', '7')",0.06472416000000046
"('25', '6', '5', '7')",0.281977472
"('25', '6', '6', '7')",0.6665427903999971
"('25', '6', '7', '7')",0.9598952447999977
"('25', '6', '8', '7')",0.999947440128
"('25', '6', '9', '7')",1.0
"('25', '6', '1', '8')",0.0
"('25', '6', '2', '8')",0.0017840000000000026
"('25', '6', '3', '8')",0.010998700000000042
"('25', '6', '4', '8')",0.09660945000000007
"('25', '6', '5', '8')",0.37171555899999875
"('25', '6', '6', '8')",0.7885764660000023
"('25', '6', '7', '8')",0.9996775985799988
"('25', '6', '8', '8')",0.9999999992970007
"('25', '6', '9', '8')",1.0000000000000002
"('25', '7', '1', '0')",0.0
"('25', '7', '2', '0')",0.00030900000000000003
"('25', '7', '3', '0')",0.0013654999999999984
"('25', '7', '4', '0')",0.00603857999999999
"('25', '7', '5', '0')",0.024342767999999973
"('25', '7', '6', '0')",0.08079860159999991
"('25', '7', '7', '0')",0.20798826279000052
"('25', '7', '8', '0')",0.40004592551100093
"('25', '7', '9', '0')",0.6098342752499011
"('25', '7', '1', '1')",0.0
"('25', '7', '2', '1')",0.0006539999999999969
"('25', '7', '3', '1')",0.002266599999999995
"('25', '7', '4', '1')",0.009955434374999989
"('25', '7', '5', '1')",0.041957675656250026
"('25', '7', '6', '1')",0.1298919825640623
"('25', '7', '7', '1')",0.29913688425453333
"('25', '7', '8', '1')",0.5247419741242556
"('25', '7', '9', '1')",0.731915905866128
"('25', '7', '1', '2')",0.0
"('25', '7', '2', '2')",0.0007929999999999969
"('25', '7', '3', '2')",0.003315500000000011
"('25', '7', '4', '2')",0.015636299999999947
"('25', '7', '5', '2')",0.06421818499999998
"('25', '7', '6', '2')",0.18874364400000004
"('25', '7', '7', '2')",0.40032444383000043
"('25', '7', '8', '2')",0.6427016506270006
"('25', '7', '9', '2')",0.8292621296527983
"('25', '7', '1', '3')",0.0
"('25', '7', '2', '3')",0.0010530000000000008
"('25', '7', '3', '3')",0.004555724999999996
"('25', '7', '4', '3')",0.023540030625000014
"('25', '7', '5', '3')",0.09391219975000026
"('25', '7', '6', '3')",0.2599686233921868
"('25', '7', '7', '3')",0.5098617945556284
"('25', '7', '8', '3')",0.7507694844761611
"('25', '7', '9', '3')",0.9047294865441119
"('25', '7', '1', '4')",0.0
"('25', '7', '2', '4')",0.0012250000000000013
"('25', '7', '3', '4')",0.005317100000000013
"('25', '7', '4', '4')",0.031479850000000004
"('25', '7', '5', '4')",0.1284475859999997
"('25', '7', '6', '4')",0.3439050533999998
"('25', '7', '7', '4')",0.6209114658099982
"('25', '7', '8', '4')",0.844109292291
"('25', '7', '9', '4')",0.9543018665919961
"('25', '7', '1', '5')",0.0
"('25', '7', '2', '5')",0.0015635000000000041
"('25', '7', '3', '5')",0.007624787500000025
"('25', '7', '4', '5')",0.043372078750000084
"('25', '7', '5', '5')",0.1707174838437505
"('25', '7', '6', '5')",0.4304703388093737
"('25', '7', '7', '5')",0.7286891635639063
"('25', '7', '8', '5')",0.9156623149879363
"('25', '7', '9', '5')",0.9829107227895918
"('25', '7', '1', '6')",0.0
"('25', '7', '2', '6')",0.0015907500000000015
"('25', '7', '3', '6')",0.010298562499999973
"('25', '7', '4', '6')",0.0627386081250001
"('25', '7', '5', '6')",0.25049906531250127
"('25', '7', '6', '6')",0.5830046056234406
"('25', '7', '7', '6')",0.8711187211882049
"('25', '7', '8', '6')",0.983041272016339
"('25', '7', '9', '6')",0.998941977821126
"('25', '7', '1', '7')",0.0
"('25', '7', '2', '7')",0.0024759999999999986
"('25', '7', '3', '7')",0.012637600000000046
"('25', '7', '4', '7')",0.0898591999999998
"('25', '7', '5', '7')",0.3498748480000007
"('25', '7', '6', '7')",0.7377050303999996
"('25', '7', '7', '7')",0.9731963904000024
"('25', '7', '8', '7')",0.9999716229120038
"('25', '7', '9', '7')",1.0
"('25', '7', '1', '8')",0.0
"('25', '7', '2', '8')",0.0029400000000000016
"('25', '7', '3', '8')",0.017955500000000152
"('25', '7', '4', '8')",0.1310437000000008
"('25', '7', '5', '8')",0.45274830099999835
"('25', '7', '6', '8')",0.8446004617999986
"('25', '7', '7', '8')",0.9997964045400008
"('25', '7', '8', '8')",0.9999999995549996
"('25', '7', '9', '8')",1.0000000000000002
"('26', '0', '1', '0')",0.0
"('26', '0', '2', '0')",0.0
"('26', '0', '3', '0')",0.0
"('26', '0', '4', '0')",0.0
"('26', '0', '5', '0')",0.0
"('26', '0', '6', '0')",0.0
"('26', '0', '7', '0')",1.2000000000000009e-05
"('26', '0', '8', '0')",0.0006903700000000003
"('26', '0', '9', '0')",0.008421870000000005
"('26', '0', '1', '1')",0.0
"('26', '0', '2', '1')",0.0
"('26', '0', '3', '1')",0.0
"('26', '0', '4', '1')",0.0
"('26', '0', '5', '1')",0.0
"('26', '0', '6', '1')",0.0
"('26', '0', '7', '1')",0.00014124374999999997
"('26', '0', '8', '1')",0.005170211367187499
"('26', '0', '9', '1')",0.04136164860742187
"('26', '0', '1', '2')",0.0
"('26', '0', '2', '2')",0.0
"('26', '0', '3', '2')",0.0
"('26', '0', '4', '2')",0.0
"('26', '0', '5', '2')",0.0
"('26', '0', '6', '2')",0.0
"('26', '0', '7', '2')",0.0008416000000000003
"('26', '0', '8', '2')",0.02176656000000001
"('26', '0', '9', '2')",0.12332824700000006
"('26', '0', '1', '3')",0.0
"('26', '0', '2', '3')",0.0
"('26', '0', '3', '3')",0.0
"('26', '0', '4', '3')",0.0
"('26', '0', '5', '3')",0.0
"('26', '0', '6', '3')",0.0
"('26', '0', '7', '3')",0.003427734375
"('26', '0', '8', '3')",0.06543721386718748
"('26', '0', '9', '3')",0.27054051763476555
"('26', '0', '1', '4')",0.0
"('26', '0', '2', '4')",0.0
"('26', '0', '3', '4')",0.0
"('26', '0', '4', '4')",0.0
"('26', '0', '5', '4')",0.0
"('26', '0', '6', '4')",0.0
"('26', '0', '7', '4')",0.010934999999999999
"('26', '0', '8', '4')",0.15656013000000005
"('26', '0', '9', '4')",0.47623421800000015
"('26', '0', '1', '5')",0.0
"('26', '0', '2', '5')",0.0
"('26', '0', '3', '5')",0.0
"('26', '0', '4', '5')",0.0
"('26', '0', '5', '5')",0.0
"('26', '0', '6', '5')",0.0
"('26', '0', '7', '5')",0.02941224999999999
"('26', '0', '8', '5')",0.3150839401171875
"('26', '0', '9', '5')",0.7027921933496093
"('26', '0', '1', '6')",0.0
"('26', '0', '2', '6')",0.0
"('26', '0', '3', '6')",0.0
"('26', '0', '4', '6')",0.0
"('26', '0', '5', '6')",0.0
"('26', '0', '6', '6')",0.0
"('26', '0', '7', '6')",0.11127045937500005
"('26', '0', '8', '6')",0.6806020032421878
"('26', '0', '9', '6')",0.9537918557519535
"('26', '0', '1', '7')",0.0
"('26', '0', '2', '7')",0.0
"('26', '0', '3', '7')",0.0
"('26', '0', '4', '7')",0.0
"('26', '0', '5', '7')",0.0
"('26', '0', '6', '7')",0.0
"('26', '0', '7', '7')",0.419904
"('26', '0', '8', '7')",0.9914803200000001
"('26', '0', '9', '7')",1.0
"('26', '0', '1', '8')",0.0
"('26', '0', '2', '8')",0.0
"('26', '0', '3', '8')",0.0
"('26', '0', '4', '8')",0.0
"('26', '0', '5', '8')",0.0
"('26', '0', '6', '8')",0.0
"('26', '0', '7', '8')",0.9743085000000002
"('26', '0', '8', '8')",0.99999927
"('26', '0', '9', '8')",0.9999999999999999
"('26', '1', '1', '0')",0.0
"('26', '1', '2', '0')",0.0
"('26', '1', '3', '0')",0.0
"('26', '1', '4', '0')",0.0
"('26', '1', '5', '0')",1.4445000000000005e-05
"('26', '1', '6', '0')",0.00028833440000000145
"('26', '1', '7', '0')",0.0022725045900000088
"('26', '1', '8', '0')",0.012393134346000017
"('26', '1', '9', '0')",0.047258571006499946
"('26', '1', '1', '1')",0.0
"('26', '1', '2', '1')",0.0
"('26', '1', '3', '1')",0.0
"('26', '1', '4', '1')",0.0
"('26', '1', '5', '1')",6.998737499999981e-05
"('26', '1', '6', '1')",0.0011492411718749995
"('26', '1', '7', '1')",0.007679244537500014
"('26', '1', '8', '1')",0.035122146406675804
"('26', '1', '9', '1')",0.11603867045404935
"('26', '1', '1', '2')",0.0
"('26', '1', '2', '2')",0.0
"('26', '1', '3', '2')",0.0
"('26', '1', '4', '2')",0.0
"('26', '1', '5', '2')",0.0002515839999999999
"('26', '1', '6', '2')",0.003133573999999989
"('26', '1', '7', '2')",0.018364273000000073
"('26', '1', '8', '2')",0.07862853161199986
"('26', '1', '9', '2')",0.22871601717260068
"('26', '1', '1', '3')",0.0
"('26', '1', '2', '3')",0.0
"('26', '1', '3', '3')",0.0
"('26', '1', '4', '3')",0.0
"('26', '1', '5', '3')",0.000582019531250002
"('26', '1', '6', '3')",0.006521225148437511
"('26', '1', '7', '3')",0.03744698273320309
"('26', '1', '8', '3')",0.1544975015762729
"('26', '1', '9', '3')",0.38979759524557583
"('26', '1', '1', '4')",0.0
"('26', '1', '2', '4')",0.0
"('26', '1', '3', '4')",0.0
"('26', '1', '4', '4')",0.0
"('26', '1', '5', '4')",0.0014341859999999966
"('26', '1', '6', '4')",0.012301722600000032
"('26', '1', '7', '4')",0.07200437539000001
"('26', '1', '8', '4')",0.27075750263000037
"('26', '1', '9', '4')",0.5816863012287008
"('26', '1', '1', '5')",0.0
"('26', '1', '2', '5')",0.0
"('26', '1', '3', '5')",0.0
"('26', '1', '4', '5')",0.0
"('26', '1', '5', '5')",0.002779018156250004
"('26', '1', '6', '5')",0.022740885256250003
"('26', '1', '7', '5')",0.12254106082562498
"('26', '1', '8', '5')",0.4357489872102856
"('26', '1', '9', '5')",0.7735351813726222
"('26', '1', '1', '6')",0.0
"('26', '1', '2', '6')",0.0
"('26', '1', '3', '6')",0.0
"('26', '1', '4', '6')",0.0
"('26', '1', '5', '6')",0.00688269403124998
"('26', '1', '6', '6')",0.047357702367187386
"('26', '1', '7', '6')",0.25162424780765713
"('26', '1', '8', '6')",0.7560022383845514
"('26', '1', '9', '6')",0.9670262933698458
"('26', '1', '1', '7')",0.0
"('26', '1', '2', '7')",0.0
"('26', '1', '3', '7')",0.0
"('26', '1', '4', '7')",0.0
"('26', '1', '5', '7')",0.01573430399999999
"('26', '1', '6', '7')",0.09839617920000011
"('26', '1', '7', '7')",0.5513981337599977
"('26', '1', '8', '7')",0.9940033904640043
"('26', '1', '9', '7')",1.0
"('26', '1', '1', '8')",0.0
"('26', '1', '2', '8')",0.0
"('26', '1', '3', '8')",0.0
"('26', '1', '4', '8')",0.0
"('26', '1', '5', '8')",0.028869857999999957
"('26', '1', '6', '8')",0.15747268050000057
"('26', '1', '7', '8')",0.9808537577199973
"('26', '1', '8', '8')",0.9999994940440023
"('26', '1', '9', '8')",0.9999999999999999
"('26', '2', '1', '0')",0.0
"('26', '2', '2', '0')",1.100000000000001e-05
"('26', '2', '3', '0')",3.060000000000003e-05
"('26', '2', '4', '0')",6.756999999999991e-05
"('26', '2', '5', '0')",0.0003051819999999991
"('26', '2', '6', '0')",0.0018659433000000013
"('26', '2', '7', '0')",0.009387119589999986
"('26', '2', '8', '0')",0.03622443783100005
"('26', '2', '9', '0')",0.10388910050910004
"('26', '2', '1', '1')",0.0
"('26', '2', '2', '1')",7.500000000000028e-06
"('26', '2', '3', '1')",4.28249999999999e-05
"('26', '2', '4', '1')",0.00015736187499999936
"('26', '2', '5', '1')",0.0007760378437500014
"('26', '2', '6', '1')",0.00487520586718751
"('26', '2', '7', '1')",0.02301306399351561
"('26', '2', '8', '1')",0.07962494383623041
"('26', '2', '9', '1')",0.20114369543482952
"('26', '2', '1', '2')",0.0
"('26', '2', '2', '2')",1.0000000000000006e-05
"('26', '2', '3', '2')",5.039999999999978e-05
"('26', '2', '4', '2')",0.0002596999999999998
"('26', '2', '5', '2')",0.0018433289999999982
"('26', '2', '6', '2')",0.010527891099999999
"('26', '2', '7', '2')",0.047533105160000345
"('26', '2', '8', '2')",0.14772306638799917
"('26', '2', '9', '2')",0.33379046450039945
"('26', '2', '1', '3')",0.0
"('26', '2', '2', '3')",3.7500000000000166e-06
"('26', '2', '3', '3')",6.925000000000007e-05
"('26', '2', '4', '3')",0.000388469375
"('26', '2', '5', '3')",0.003335683562500006
"('26', '2', '6', '3')",0.020156946103125076
"('26', '2', '7', '3')",0.08501786812445312
"('26', '2', '8', '3')",0.24626189692755712
"('26', '2', '9', '3')",0.49801905291898796
"('26', '2', '1', '4')",0.0
"('26', '2', '2', '4')",4.4999999999999874e-05
"('26', '2', '3', '4')",6.059999999999996e-05
"('26', '2', '4', '4')",0.0006989700000000005
"('26', '2', '5', '4')",0.0058794980000000064
"('26', '2', '6', '4')",0.035337872499999916
"('26', '2', '7', '4')",0.14053657229999958
"('26', '2', '8', '4')",0.37971107629199913
"('26', '2', '9', '4')",0.6715182806287011
"('26', '2', '1', '5')",0.0
"('26', '2', '2', '5')",2.9749999999999846e-05
"('26', '2', '3', '5')",0.00011751250000000018
"('26', '2', '4', '5')",0.0008827893749999993
"('26', '2', '5', '5')",0.00998922690624992
"('26', '2', '6', '5')",0.05777874375468749
"('26', '2', '7', '5')",0.21687244932781205
"('26', '2', '8', '5')",0.5399000882402998
"('26', '2', '9', '5')",0.8297720758931925
"('26', '2', '1', '6')",0.0
"('26', '2', '2', '6')",4.050000000000031e-05
"('26', '2', '3', '6')",0.00019259999999999972
"('26', '2', '4', '6')",0.0013864556249999968
"('26', '2', '5', '6')",0.02048801399999993
"('26', '2', '6', '6')",0.1101017462906246
"('26', '2', '7', '6')",0.38155525972664045
"('26', '2', '8', '6')",0.8152991154544627
"('26', '2', '9', '6')",0.9768838613828956
"('26', '2', '1', '7')",0.0
"('26', '2', '2', '7')",2.3999999999999994e-05
"('26', '2', '3', '7')",0.0001775999999999996
"('26', '2', '4', '7')",0.002564480000000017
"('26', '2', '5', '7')",0.04062979200000009
"('26', '2', '6', '7')",0.19969726080000064
"('26', '2', '7', '7')",0.660028456959996
"('26', '2', '8', '7')",0.9959136665599995
"('26', '2', '9', '7')",1.0
"('26', '2', '1', '8')",0.0
"('26', '2', '2', '8')",8.100000000000053e-05
"('26', '2', '3', '8')",0.0002124000000000004
"('26', '2', '4', '8')",0.0028949400000000012
"('26', '2', '5', '8')",0.06786429799999996
"('26', '2', '6', '8')",0.31073733689999916
"('26', '2', '7', '8')",0.9859945847400015
"('26', '2', '8', '8')",0.999999651794001
"('26', '2', '9', '8')",1.0
"('26', '3', '1', '0')",0.0
"('26', '3', '2', '0')",2.8999999999999953e-05
"('26', '3', '3', '0')",8.479999999999995e-05
"('26', '3', '4', '0')",0.0002675500000000008
"('26', '3', '5', '0')",0.0011525879999999976
"('26', '3', '6', '0')",0.005783108400000008
"('26', '3', '7', '0')",0.022651350709999928
"('26', '3', '8', '0')",0.0715451454979995
"('26', '3', '9', '0')",0.17439767319190083
"('26', '3', '1', '1')",0.0
"('26', '3', '2', '1')",2.1749999999999997e-05
"('26', '3', '3', '1')",0.0001693750000000002
"('26', '3', '4', '1')",0.0005217618750000009
"('26', '3', '5', '1')",0.0026535564375
"('26', '3', '6', '1')",0.012554053242187505
"('26', '3', '7', '1')",0.04798589432984375
"('26', '3', '8', '1')",0.13632459927762958
"('26', '3', '9', '1')",0.2939708706235226
"('26', '3', '1', '2')",0.0
"('26', '3', '2', '2')",7.399999999999993e-05
"('26', '3', '3', '2')",0.00017549999999999966
"('26', '3', '4', '2')",0.0008878400000000018
"('26', '3', '5', '2')",0.004850832999999993
"('26', '3', '6', '2')",0.02411983729999996
"('26', '3', '7', '2')",0.0855117681700001
"('26', '3', '8', '2')",0.2255876634069997
"('26', '3', '9', '2')",0.4369744981973004
"('26', '3', '1', '3')",0.0
"('26', '3', '2', '3')",7.125000000000012e-05
"('26', '3', '3', '3')",0.0003311874999999994
"('26', '3', '4', '3')",0.0014036924999999965
"('26', '3', '5', '3')",0.008761831562500025
"('26', '3', '6', '3')",0.041511889820312314
"('26', '3', '7', '3')",0.14067866942148424
"('26', '3', '8', '3')",0.3413677132976394
"('26', '3', '9', '3')",0.5936034123857818
"('26', '3', '1', '4')",0.0
"('26', '3', '2', '4')",0.00018
"('26', '3', '3', '4')",0.00034030000000000036
"('26', '3', '4', '4')",0.0020095699999999952
"('26', '3', '5', '4')",0.014148141000000006
"('26', '3', '6', '4')",0.06713718569999991
"('26', '3', '7', '4')",0.2165008224100006
"('26', '3', '8', '4')",0.4759065612080012
"('26', '3', '9', '4')",0.7458635062949014
"('26', '3', '1', '5')",0.0
"('26', '3', '2', '5')",0.0001372500000000002
"('26', '3', '3', '5')",0.0004681000000000002
"('26', '3', '4', '5')",0.002709891249999988
"('26', '3', '5', '5')",0.02213004821874996
"('26', '3', '6', '5')",0.10200591288593722
"('26', '3', '7', '5')",0.3109762481696875
"('26', '3', '8', '5')",0.6324051699802473
"('26', '3', '9', '5')",0.8733112548566526
"('26', '3', '1', '6')",0.0
"('26', '3', '2', '6')",0.0001732500000000006
"('26', '3', '3', '6')",0.000641025000000001
"('26', '3', '4', '6')",0.0044550281249999945
"('26', '3', '5', '6')",0.04006506571875
"('26', '3', '6', '6')",0.17804213294843751
"('26', '3', '7', '6')",0.49174029172984435
"('26', '3', '8', '6')",0.8625481920350635
"('26', '3', '9', '6')",0.9842011382771233
"('26', '3', '1', '7')",0.0
"('26', '3', '2', '7')",0.0003120000000000017
"('26', '3', '3', '7')",0.0008400000000000029
"('26', '3', '4', '7')",0.007754399999999992
"('26', '3', '5', '7')",0.0737511680000005
"('26', '3', '6', '7')",0.2998726592000004
"('26', '3', '7', '7')",0.7444963839999985
"('26', '3', '8', '7')",0.997183229952
"('26', '3', '9', '7')",1.0
"('26', '3', '1', '8')",0.0
"('26', '3', '2', '8')",0.00035099999999999867
"('26', '3', '3', '8')",0.0010457999999999952
"('26', '3', '4', '8')",0.013613939999999984
"('26', '3', '5', '8')",0.12267805200000002
"('26', '3', '6', '8')",0.4216002994999996
"('26', '3', '7', '8')",0.9898935570100011
"('26', '3', '8', '8')",0.9999997674789999
"('26', '3', '9', '8')",1.0000000000000002
"('26', '4', '1', '0')",0.0
"('26', '4', '2', '0')",6.1000000000000026e-05
"('26', '4', '3', '0')",0.00022310000000000076
"('26', '4', '4', '0')",0.0006548400000000048
"('26', '4', '5', '0')",0.0029407769999999995
"('26', '4', '6', '0')",0.01201266699999999
"('26', '4', '7', '0')",0.04284529329999994
"('26', '4', '8', '0')",0.119081201814
"('26', '4', '9', '0')",0.2543217922436008
"('26', '4', '1', '1')",0.0
"('26', '4', '2', '1')",9.199999999999974e-05
"('26', '4', '3', '1')",0.00028787499999999934
"('26', '4', '4', '1')",0.0013310731250000007
"('26', '4', '5', '1')",0.005752890624999979
"('26', '4', '6', '1')",0.02403225429843748
"('26', '4', '7', '1')",0.0799532237761715
"('26', '4', '8', '1')",0.2029121579302804
"('26', '4', '9', '1')",0.3873995672310949
"('26', '4', '1', '2')",0.0
"('26', '4', '2', '2')",0.00013800000000000005
"('26', '4', '3', '2')",0.00040440000000000116
"('26', '4', '4', '2')",0.0021124599999999823
"('26', '4', '5', '2')",0.01033496900000004
"('26', '4', '6', '2')",0.043060526100000086
"('26', '4', '7', '2')",0.13437547629000066
"('26', '4', '8', '2')",0.3086429170899995
"('26', '4', '9', '2')",0.532488193994001
"('26', '4', '1', '3')",0.0
"('26', '4', '2', '3')",0.00021250000000000007
"('26', '4', '3', '3')",0.0007047625000000001
"('26', '4', '4', '3')",0.0029655087500000143
"('26', '4', '5', '3')",0.01657414478125003
"('26', '4', '6', '3')",0.06944923027187497
"('26', '4', '7', '3')",0.20768890844148538
"('26', '4', '8', '3')",0.4316729438765834
"('26', '4', '9', '3')",0.6786838610514936
"('26', '4', '1', '4')",0.0
"('26', '4', '2', '4')",0.00019800000000000012
"('26', '4', '3', '4')",0.0008720000000000006
"('26', '4', '4', '4')",0.004714520000000019
"('26', '4', '5', '4')",0.026522618999999956
"('26', '4', '6', '4')",0.10783311720000008
"('26', '4', '7', '4')",0.29688823183
"('26', '4', '8', '4')",0.568817636102002
"('26', '4', '9', '4')",0.8066228088413012
"('26', '4', '1', '5')",0.0
"('26', '4', '2', '5')",0.0003079999999999982
"('26', '4', '3', '5')",0.0011205125000000003
"('26', '4', '4', '5')",0.006634018750000013
"('26', '4', '5', '5')",0.04022133584375009
"('26', '4', '6', '5')",0.15488248512499952
"('26', '4', '7', '5')",0.3988389285365634
"('26', '4', '8', '5')",0.7090754831018874
"('26', '4', '9', '5')",0.9075821994782419
"('26', '4', '1', '6')",0.0
"('26', '4', '2', '6')",0.00026325000000000035
"('26', '4', '3', '6')",0.0013765499999999933
"('26', '4', '4', '6')",0.010490176874999998
"('26', '4', '5', '6')",0.06798003162500012
"('26', '4', '6', '6')",0.25141238182656345
"('26', '4', '7', '6')",0.5919410527464063
"('26', '4', '8', '6')",0.8994490172896235
"('26', '4', '9', '6')",0.9892682536571423
"('26', '4', '1', '7')",0.0
"('26', '4', '2', '7')",0.0006279999999999992
"('26', '4', '3', '7')",0.0016712000000000033
"('26', '4', '4', '7')",0.01660351999999989
"('26', '4', '5', '7')",0.11625964800000017
"('26', '4', '6', '7')",0.3973758336000011
"('26', '4', '7', '7')",0.8096482508800007
"('26', '4', '8', '7')",0.9981447086080001
"('26', '4', '9', '7')",1.0
"('26', '4', '1', '8')",0.0
"('26', '4', '2', '8')",0.0007110000000000022
"('26', '4', '3', '8')",0.0024367000000000104
"('26', '4', '4', '8')",0.0253274199999999
"('26', '4', '5', '8')",0.17248645299999985
"('26', '4', '6', '8')",0.534555616300001
"('26', '4', '7', '8')",0.99290885289
"('26', '4', '8', '8')",0.999999843337
"('26', '4', '9', '8')",1.0000000000000004
"('26', '5', '1', '0')",0.0
"('26', '5', '2', '0')",0.00011499999999999975
"('26', '5', '3', '0')",0.0003642000000000003
"('26', '5', '4', '0')",0.001290899999999999
"('26', '5', '5', '0')",0.00598070999999998
"('26', '5', '6', '0')",0.022322081699999906
"('26', '5', '7', '0')",0.0707489291700001
"('26', '5', '8', '0')",0.1766078644730007
"('26', '5', '9', '0')",0.3445154778768012
"('26', '5', '1', '1')",0.0
"('26', '5', '2', '1')",0.0001615000000000006
"('26', '5', '3', '1')",0.000596262500000002
"('26', '5', '4', '1')",0.002545632500000002
"('26', '5', '5', '1')",0.010876418749999932
"('26', '5', '6', '1')",0.041070903739062546
"('26', '5', '7', '1')",0.122763259284219
"('26', '5', '8', '1')",0.2763916222084614
"('26', '5', '9', '1')",0.48228198330076966
"('26', '5', '1', '2')",0.0
"('26', '5', '2', '2')",0.00029099999999999867
"('26', '5', '3', '2')",0.0008572999999999982
"('26', '5', '4', '2')",0.0038143599999999993
"('26', '5', '5', '2')",0.017762366999999998
"('26', '5', '6', '2')",0.0686766700999999
"('26', '5', '7', '2')",0.19116336470000037
"('26', '5', '8', '2')",0.3940189641389997
"('26', '5', '9', '2')",0.6201083446035004
"('26', '5', '1', '3')",0.0
"('26', '5', '2', '3')",0.0002662499999999996
"('26', '5', '3', '3')",0.0011159249999999963
"('26', '5', '4', '3')",0.0060436018749999865
"('26', '5', '5', '3')",0.02930716018750012
"('26', '5', '6', '3')",0.10489640527812481
"('26', '5', '7', '3')",0.27491224047273455
"('26', '5', '8', '3')",0.5191700206595472
"('26', '5', '9', '3')",0.7489472631236244
"('26', '5', '1', '4')",0.0
"('26', '5', '2', '4')",0.0004400000000000008
"('26', '5', '3', '4')",0.0014107999999999972
"('26', '5', '4', '4')",0.008392459999999997
"('26', '5', '5', '4')",0.043595504000000014
"('26', '5', '6', '4')",0.1544079124999995
"('26', '5', '7', '4')",0.37736734312000164
"('26', '5', '8', '4')",0.6496578051770018
"('26', '5', '9', '4')",0.8559613347517
"('26', '5', '1', '5')",0.0
"('26', '5', '2', '5')",0.0006435000000000008
"('26', '5', '3', '5')",0.0017924000000000071
"('26', '5', '4', '5')",0.011935763749999988
"('26', '5', '5', '5')",0.06224749646875002
"('26', '5', '6', '5')",0.2149061666296879
"('26', '5', '7', '5')",0.4888925858094535
"('26', '5', '8', '5')",0.7727263467027774
"('26', '5', '9', '5')",0.9342589437588041
"('26', '5', '1', '6')",0.0
"('26', '5', '2', '6')",0.0005782500000000005
"('26', '5', '3', '6')",0.0026414000000000047
"('26', '5', '4', '6')",0.01911187937499995
"('26', '5', '5', '6')",0.10286264521874992
"('26', '5', '6', '6')",0.3306252547234373
"('26', '5', '7', '6')",0.6721752120487476
"('26', '5', '8', '6')",0.9281624278743457
"('26', '5', '9', '6')",0.9929400772085755
"('26', '5', '1', '7')",0.0
"('26', '5', '2', '7')",0.0009840000000000003
"('26', '5', '3', '7')",0.003840799999999991
"('26', '5', '4', '7')",0.029373919999999935
"('26', '5', '5', '7')",0.16615619200000042
"('26', '5', '6', '7')",0.4881503360000009
"('26', '5', '7', '7')",0.861859123199998
"('26', '5', '8', '7')",0.9988004945920002
"('26', '5', '9', '7')",1.0
"('26', '5', '1', '8')",0.0
"('26', '5', '2', '8')",0.001206000000000003
"('26', '5', '3', '8')",0.0053207999999999875
"('26', '5', '4', '8')",0.04134063999999993
"('26', '5', '5', '8')",0.23993043500000014
"('26', '5', '6', '8')",0.6267630236000002
"('26', '5', '7', '8')",0.9950580783699945
"('26', '5', '8', '8')",0.9999998993860013
"('26', '5', '9', '8')",1.0000000000000002
"('26', '6', '1', '0')",0.0
"('26', '6', '2', '0')",0.0001989999999999999
"('26', '6', '3', '0')",0.0006014000000000024
"('26', '6', '4', '0')",0.0023491700000000154
"('26', '6', '5', '0')",0.009829457999999985
"('26', '6', '6', '0')",0.036659112600000134
"('26', '6', '7', '0')",0.10598831996000024
"('26', '6', '8', '0')",0.24386565510599936
"('26', '6', '9', '0')",0.4320493547489995
"('26', '6', '1', '1')",0.0
"('26', '6', '2', '1')",0.00024500000000000015
"('26', '6', '3', '1')",0.0011530624999999994
"('26', '6', '4', '1')",0.004139611250000016
"('26', '6', '5', '1')",0.01794841381250005
"('26', '6', '6', '1')",0.06374423709375003
"('26', '6', '7', '1')",0.172653667848047
"('26', '6', '8', '1')",0.3534829053111057
"('26', '6', '9', '1')",0.5701341374416298
"('26', '6', '1', '2')",0.0
"('26', '6', '2', '2')",0.0003589999999999996
"('26', '6', '3', '2')",0.001466099999999999
"('26', '6', '4', '2')",0.006862589999999977
"('26', '6', '5', '2')",0.02900316999999993
"('26', '6', '6', '2')",0.10129274280000018
"('26', '6', '7', '2')",0.25506827480000194
"('26', '6', '8', '2')",0.47469042829400016
"('26', '6', '9', '2')",0.6981260106864007
"('26', '6', '1', '3')",0.0
"('26', '6', '2', '3')",0.0004812499999999984
"('26', '6', '3', '3')",0.0019771500000000074
"('26', '6', '4', '3')",0.00981183374999998
"('26', '6', '5', '3')",0.045268795625000115
"('26', '6', '6', '3')",0.1483211817390627
"('26', '6', '7', '3')",0.34962548956992107
"('26', '6', '8', '3')",0.6014671490522476
"('26', '6', '9', '3')",0.8090439127588147
"('26', '6', '1', '4')",0.0
"('26', '6', '2', '4')",0.0006570000000000009
"('26', '6', '3', '4')",0.002420600000000007
"('26', '6', '4', '4')",0.01430127999999998
"('26', '6', '5', '4')",0.06426614899999976
"('26', '6', '6', '4')",0.2061958104999994
"('26', '6', '7', '4')",0.45528713578000185
"('26', '6', '8', '4')",0.718360887632003
"('26', '6', '9', '4')",0.8952746804749004
"('26', '6', '1', '5')",0.0
"('26', '6', '2', '5')",0.0006309999999999976
"('26', '6', '3', '5')",0.0027720749999999945
"('26', '6', '4', '5')",0.01940700124999991
"('26', '6', '5', '5')",0.09038668121874995
"('26', '6', '6', '5')",0.280545710921874
"('26', '6', '7', '5')",0.5695774751853119
"('26', '6', '8', '5')",0.8258547830075491
"('26', '6', '9', '5')",0.9538100187647124
"('26', '6', '1', '6')",0.0
"('26', '6', '2', '6')",0.0012802499999999975
"('26', '6', '3', '6')",0.004249800000000018
"('26', '6', '4', '6')",0.030376420625000004
"('26', '6', '5', '6')",0.14330605815625028
"('26', '6', '6', '6')",0.40692693589531254
"('26', '6', '7', '6')",0.7433598607569529
"('26', '6', '8', '6')",0.948846619654509
"('26', '6', '9', '6')",0.9954331780411727
"('26', '6', '1', '7')",0.0
"('26', '6', '2', '7')",0.001264000000000001
"('26', '6', '3', '7')",0.006240800000000008
"('26', '6', '4', '7')",0.044865600000000116
"('26', '6', '5', '7')",0.22095657599999965
"('26', '6', '6', '7')",0.5703875968000016
"('26', '6', '7', '7')",0.9008006451199995
"('26', '6', '8', '7')",0.9992342446080017
"('26', '6', '9', '7')",1.0
"('26', '6', '1', '8')",0.0
"('26', '6', '2', '8')",0.0019189999999999962
"('26', '6', '3', '8')",0.008766699999999999
"('26', '6', '4', '8')",0.06484801000000019
"('26', '6', '5', '8')",0.29969689900000057
"('26', '6', '6', '8')",0.7004295431000007
"('26', '6', '7', '8')",0.9965719587800017
"('26', '6', '8', '8')",0.9999999400080011
"('26', '6', '9', '8')",1.0000000000000002
"('26', '7', '1', '0')",0.0
"('26', '7', '2', '0')",0.00020900000000000047
"('26', '7', '3', '0')",0.001053500000000005
"('26', '7', '4', '0')",0.00388416
"('26', '7', '5', '0')",0.015724211000000026
"('26', '7', '6', '0')",0.055363646500000044
"('26', '7', '7', '0')",0.15100811338000014
"('26', '7', '8', '0')",0.31759380316099967
"('26', '7', '9', '0')",0.5229869664821
"('26', '7', '1', '1')",0.0
"('26', '7', '2', '1')",0.00039050000000000055
"('26', '7', '3', '1')",0.0015980125000000017
"('26', '7', '4', '1')",0.00663690000000002
"('26', '7', '5', '1')",0.02766357262499999
"('26', '7', '6', '1')",0.09198214362656265
"('26', '7', '7', '1')",0.2302595512446872
"('26', '7', '8', '1')",0.4354309915205285
"('26', '7', '9', '1')",0.6501931950070692
"('26', '7', '1', '2')",0.0
"('26', '7', '2', '2')",0.000539
"('26', '7', '3', '2')",0.0020161000000000163
"('26', '7', '4', '2')",0.010662709999999997
"('26', '7', '5', '2')",0.04380566999999998
"('26', '7', '6', '2')",0.13796824850000067
"('26', '7', '7', '2')",0.32215781176999975
"('26', '7', '8', '2')",0.555399739867002
"('26', '7', '9', '2')",0.7638813850960019
"('26', '7', '1', '3')",0.0
"('26', '7', '2', '3')",0.0008604999999999997
"('26', '7', '3', '3')",0.003156262500000001
"('26', '7', '4', '3')",0.015162017499999979
"('26', '7', '5', '3')",0.06531703812499982
"('26', '7', '6', '3')",0.19646716461718766
"('26', '7', '7', '3')",0.4238316423099218
"('26', '7', '8', '3')",0.6717731427268112
"('26', '7', '9', '3')",0.8571736364985546
"('26', '7', '1', '4')",0.0
"('26', '7', '2', '4')",0.0008599999999999998
"('26', '7', '3', '4')",0.003991499999999992
"('26', '7', '4', '4')",0.021132360000000003
"('26', '7', '5', '4')",0.090662418
"('26', '7', '6', '4')",0.2673995168000007
"('26', '7', '7', '4')",0.5313195637400003
"('26', '7', '8', '4')",0.7790938852150022
"('26', '7', '9', '4')",0.9249014948215964
"('26', '7', '1', '5')",0.0
"('26', '7', '2', '5')",0.0010414999999999992
"('26', '7', '3', '5')",0.004787787500000014
"('26', '7', '4', '5')",0.029690581249999938
"('26', '7', '5', '5')",0.12559929071875012
"('26', '7', '6', '5')",0.34797050455937595
"('26', '7', '7', '5')",0.64194073718664
"('26', '7', '8', '5')",0.8693419704895079
"('26', '7', '9', '5')",0.9687406215195637
"('26', '7', '1', '6')",0.0
"('26', '7', '2', '6')",0.001775249999999999
"('26', '7', '3', '6')",0.00627944999999998
"('26', '7', '4', '6')",0.04309497437500016
"('26', '7', '5', '6')",0.1882668276562495
"('26', '7', '6', '6')",0.48475999181874946
"('26', '7', '7', '6')",0.8003554645998477
"('26', '7', '8', '6')",0.9648193641937233
"('26', '7', '9', '6')",0.9971243523884011
"('26', '7', '1', '7')",0.0
"('26', '7', '2', '7')",0.0019200000000000005
"('26', '7', '3', '7')",0.009387200000000033
"('26', '7', '4', '7')",0.06522031999999996
"('26', '7', '5', '7')",0.28107129600000086
"('26', '7', '6', '7')",0.6429779263999986
"('26', '7', '7', '7')",0.9297683558400007
"('26', '7', '8', '7')",0.9995504558079991
"('26', '7', '9', '7')",1.0
"('26', '7', '1', '8')",0.0
"('26', '7', '2', '8')",0.0018910000000000075
"('26', '7', '3', '8')",0.013053999999999975
"('26', '7', '4', '8')",0.09333150000000004
"('26', '7', '5', '8')",0.37948748099999957
"('26', '7', '6', '8')",0.7727973309999995
"('26', '7', '7', '8')",0.9977510428500003
"('26', '7', '8', '8')",0.9999999608589987
"('26', '7', '9', '8')",1.0
"('27', '0', '1', '0')",0.0
"('27', '0', '2', '0')",0.0
"('27', '0', '3', '0')",0.0
"('27', '0', '4', '0')",0.0
"('27', '0', '5', '0')",0.0
"('27', '0', '6', '0')",0.0
"('27', '0', '7', '0')",1.500000000000001e-06
"('27', '0', '8', '0')",0.00019701000000000004
"('27', '0', '9', '0')",0.0034516200000000016
"('27', '0', '1', '1')",0.0
"('27', '0', '2', '1')",0.0
"('27', '0', '3', '1')",0.0
"('27', '0', '4', '1')",0.0
"('27', '0', '5', '1')",0.0
"('27', '0', '6', '1')",0.0
"('27', '0', '7', '1')",2.1642187499999997e-05
"('27', '0', '8', '1')",0.0018241337109375002
"('27', '0', '9', '1')",0.020676382679687497
"('27', '0', '1', '2')",0.0
"('27', '0', '2', '2')",0.0
"('27', '0', '3', '2')",0.0
"('27', '0', '4', '2')",0.0
"('27', '0', '5', '2')",0.0
"('27', '0', '6', '2')",0.0
"('27', '0', '7', '2')",0.00014720000000000008
"('27', '0', '8', '2')",0.009033280000000001
"('27', '0', '9', '2')",0.07190568500000002
"('27', '0', '1', '3')",0.0
"('27', '0', '2', '3')",0.0
"('27', '0', '3', '3')",0.0
"('27', '0', '4', '3')",0.0
"('27', '0', '5', '3')",0.0
"('27', '0', '6', '3')",0.0
"('27', '0', '7', '3')",0.0006591796875
"('27', '0', '8', '3')",0.03120833496093749
"('27', '0', '9', '3')",0.17982513201562497
"('27', '0', '1', '4')",0.0
"('27', '0', '2', '4')",0.0
"('27', '0', '3', '4')",0.0
"('27', '0', '4', '4')",0.0
"('27', '0', '5', '4')",0.0
"('27', '0', '6', '4')",0.0
"('27', '0', '7', '4')",0.0022598999999999996
"('27', '0', '8', '4')",0.08492661000000001
"('27', '0', '9', '4')",0.3560060440000001
"('27', '0', '1', '5')",0.0
"('27', '0', '2', '5')",0.0
"('27', '0', '3', '5')",0.0
"('27', '0', '4', '5')",0.0
"('27', '0', '5', '5')",0.0
"('27', '0', '6', '5')",0.0
"('27', '0', '7', '5')",0.006433929687499998
"('27', '0', '8', '5')",0.19421379496093746
"('27', '0', '9', '5')",0.5848733641015624
"('27', '0', '1', '6')",0.0
"('27', '0', '2', '6')",0.0
"('27', '0', '3', '6')",0.0
"('27', '0', '4', '6')",0.0
"('27', '0', '5', '6')",0.0
"('27', '0', '6', '6')",0.0
"('27', '0', '7', '6')",0.02989355625000001
"('27', '0', '8', '6')",0.5124876549609376
"('27', '0', '9', '6')",0.9072216855351564
"('27', '0', '1', '7')",0.0
"('27', '0', '2', '7')",0.0
"('27', '0', '3', '7')",0.0
"('27', '0', '4', '7')",0.0
"('27', '0', '5', '7')",0.0
"('27', '0', '6', '7')",0.0
"('27', '0', '7', '7')",0.15863039999999998
"('27', '0', '8', '7')",0.95019264
"('27', '0', '9', '7')",1.0
"('27', '0', '1', '8')",0.0
"('27', '0', '2', '8')",0.0
"('27', '0', '3', '8')",0.0
"('27', '0', '4', '8')",0.0
"('27', '0', '5', '8')",0.0
"('27', '0', '6', '8')",0.0
"('27', '0', '7', '8')",0.8503056000000002
"('27', '0', '8', '8')",0.99997659
"('27', '0', '9', '8')",1.0
"('27', '1', '1', '0')",0.0
"('27', '1', '2', '0')",0.0
"('27', '1', '3', '0')",0.0
"('27', '1', '4', '0')",0.0
"('27', '1', '5', '0')",2.8420000000000035e-06
"('27', '1', '6', '0')",0.00011415089999999933
"('27', '1', '7', '0')",0.0010869898499999997
"('27', '1', '8', '0')",0.006756282339000005
"('27', '1', '9', '0')",0.02860945487189997
"('27', '1', '1', '1')",0.0
"('27', '1', '2', '1')",0.0
"('27', '1', '3', '1')",0.0
"('27', '1', '4', '1')",0.0
"('27', '1', '5', '1')",1.9242562499999937e-05
"('27', '1', '6', '1')",0.0004924113140624977
"('27', '1', '7', '1')",0.003864456254218737
"('27', '1', '8', '1')",0.020580662510105558
"('27', '1', '9', '1')",0.07593340083504875
"('27', '1', '1', '2')",0.0
"('27', '1', '2', '2')",0.0
"('27', '1', '3', '2')",0.0
"('27', '1', '4', '2')",0.0
"('27', '1', '5', '2')",6.825599999999973e-05
"('27', '1', '6', '2')",0.0015209840000000021
"('27', '1', '7', '2')",0.010419436559999981
"('27', '1', '8', '2')",0.0490524781999999
"('27', '1', '9', '2')",0.1612013369832003
"('27', '1', '1', '3')",0.0
"('27', '1', '2', '3')",0.0
"('27', '1', '3', '3')",0.0
"('27', '1', '4', '3')",0.0
"('27', '1', '5', '3')",0.0001916796875000007
"('27', '1', '6', '3')",0.003429693679687488
"('27', '1', '7', '3')",0.022270622502187507
"('27', '1', '8', '3')",0.10062844968481277
"('27', '1', '9', '3')",0.2929121502783876
"('27', '1', '1', '4')",0.0
"('27', '1', '2', '4')",0.0
"('27', '1', '3', '4')",0.0
"('27', '1', '4', '4')",0.0
"('27', '1', '5', '4')",0.00044882099999999937
"('27', '1', '6', '4')",0.006829520399999999
"('27', '1', '7', '4')",0.04261463860999999
"('27', '1', '8', '4')",0.18556329656099976
"('27', '1', '9', '4')",0.471172815770001
"('27', '1', '1', '5')",0.0
"('27', '1', '2', '5')",0.0
"('27', '1', '3', '5')",0.0
"('27', '1', '4', '5')",0.0
"('27', '1', '5', '5')",0.0010772236562499964
"('27', '1', '6', '5')",0.012424009696875009
"('27', '1', '7', '5')",0.07691672216546878
"('27', '1', '8', '5')",0.31600657638529184
"('27', '1', '9', '5')",0.6749827475367679
"('27', '1', '1', '6')",0.0
"('27', '1', '2', '6')",0.0
"('27', '1', '3', '6')",0.0
"('27', '1', '4', '6')",0.0
"('27', '1', '5', '6')",0.0029598311249999943
"('27', '1', '6', '6')",0.02782042377187509
"('27', '1', '7', '6')",0.15631202924507862
"('27', '1', '8', '6')",0.6185801009994265
"('27', '1', '9', '6')",0.9322969333373052
"('27', '1', '1', '7')",0.0
"('27', '1', '2', '7')",0.0
"('27', '1', '3', '7')",0.0
"('27', '1', '4', '7')",0.0
"('27', '1', '5', '7')",0.008678015999999997
"('27', '1', '6', '7')",0.06290641920000037
"('27', '1', '7', '7')",0.33004049919999895
"('27', '1', '8', '7')",0.9641886883839998
"('27', '1', '9', '7')",1.0
"('27', '1', '1', '8')",0.0
"('27', '1', '2', '8')",0.0
"('27', '1', '3', '8')",0.0
"('27', '1', '4', '8')",0.0
"('27', '1', '5', '8')",0.026289926999999977
"('27', '1', '6', '8')",0.13366780289999966
"('27', '1', '7', '8')",0.8867235503199984
"('27', '1', '8', '8')",0.9999833969120037
"('27', '1', '9', '8')",1.0
"('27', '2', '1', '0')",0.0
"('27', '2', '2', '0')",4e-06
"('27', '2', '3', '0')",2.3200000000000147e-05
"('27', '2', '4', '0')",3.513000000000012e-05
"('27', '2', '5', '0')",0.00018815300000000015
"('27', '2', '6', '0')",0.0009448213999999962
"('27', '2', '7', '0')",0.005282035329999972
"('27', '2', '8', '0')",0.021984165837000053
"('27', '2', '9', '0')",0.06881059134949995
"('27', '2', '1', '1')",0.0
"('27', '2', '2', '1')",8.24999999999999e-06
"('27', '2', '3', '1')",2.9662499999999935e-05
"('27', '2', '4', '1')",7.582625000000047e-05
"('27', '2', '5', '1')",0.0004860939999999991
"('27', '2', '6', '1')",0.0028257560046874774
"('27', '2', '7', '1')",0.014218403069140616
"('27', '2', '8', '1')",0.05177476979037901
"('27', '2', '9', '1')",0.14405390749361072
"('27', '2', '1', '2')",0.0
"('27', '2', '2', '2')",2.3999999999999974e-05
"('27', '2', '3', '2')",5.380000000000008e-05
"('27', '2', '4', '2')",0.00013707999999999952
"('27', '2', '5', '2')",0.0009350560000000026
"('27', '2', '6', '2')",0.0060333749999999815
"('27', '2', '7', '2')",0.029489921009999944
"('27', '2', '8', '2')",0.10354098918400022
"('27', '2', '9', '2')",0.25482007984239907
"('27', '2', '1', '3')",0.0
"('27', '2', '2', '3')",3.3750000000000204e-05
"('27', '2', '3', '3')",7.04375000000001e-05
"('27', '2', '4', '3')",0.00030188937500000095
"('27', '2', '5', '3')",0.001670915625000002
"('27', '2', '6', '3')",0.012332530879687512
"('27', '2', '7', '3')",0.05516262107515637
"('27', '2', '8', '3')",0.17995084833075764
"('27', '2', '9', '3')",0.40082445176489306
"('27', '2', '1', '4')",0.0
"('27', '2', '2', '4')",2.1000000000000084e-05
"('27', '2', '3', '4')",0.00011579999999999993
"('27', '2', '4', '4')",0.0003950199999999993
"('27', '2', '5', '4')",0.002873453999999999
"('27', '2', '6', '4')",0.021044964799999972
"('27', '2', '7', '4')",0.09507398487999988
"('27', '2', '8', '4')",0.2850537034360015
"('27', '2', '9', '4')",0.5732192653317002
"('27', '2', '1', '5')",0.0
"('27', '2', '2', '5')",3.149999999999997e-05
"('27', '2', '3', '5')",9.178750000000008e-05
"('27', '2', '4', '5')",0.0007054012500000021
"('27', '2', '5', '5')",0.00478935174999998
"('27', '2', '6', '5')",0.03608845387968756
"('27', '2', '7', '5')",0.15228397317929673
"('27', '2', '8', '5')",0.4268471437841924
"('27', '2', '9', '5')",0.7483063780783705
"('27', '2', '1', '6')",0.0
"('27', '2', '2', '6')",2.025000000000002e-05
"('27', '2', '3', '6')",0.0002232000000000009
"('27', '2', '4', '6')",0.0009088818749999998
"('27', '2', '5', '6')",0.010590742968749981
"('27', '2', '6', '6')",0.06901651648125
"('27', '2', '7', '6')",0.2730816202422675
"('27', '2', '8', '6')",0.7034274571442434
"('27', '2', '9', '6')",0.9514398084023603
"('27', '2', '1', '7')",0.0
"('27', '2', '2', '7')",0.00016800000000000015
"('27', '2', '3', '7')",0.0001439999999999999
"('27', '2', '4', '7')",0.0018804800000000084
"('27', '2', '5', '7')",0.025814495999999926
"('27', '2', '6', '7')",0.13195612800000023
"('27', '2', '7', '7')",0.4684001587199995
"('27', '2', '8', '7')",0.9744780533760016
"('27', '2', '9', '7')",1.0
"('27', '2', '1', '8')",0.0
"('27', '2', '2', '8')",2.700000000000006e-05
"('27', '2', '3', '8')",0.00013409999999999995
"('27', '2', '4', '8')",0.0030030900000000043
"('27', '2', '5', '8')",0.06137970900000016
"('27', '2', '6', '8')",0.26028299089999984
"('27', '2', '7', '8')",0.9151769287999988
"('27', '2', '8', '8')",0.9999883369850001
"('27', '2', '9', '8')",1.0000000000000004
"('27', '3', '1', '0')",0.0
"('27', '3', '2', '0')",1.5000000000000105e-05
"('27', '3', '3', '0')",6.630000000000017e-05
"('27', '3', '4', '0')",0.00016153999999999951
"('27', '3', '5', '0')",0.0007225920000000018
"('27', '3', '6', '0')",0.003319548200000003
"('27', '3', '7', '0')",0.013589302519999995
"('27', '3', '8', '0')",0.04716550321500006
"('27', '3', '9', '0')",0.12369702368409997
"('27', '3', '1', '1')",0.0
"('27', '3', '2', '1')",2.5500000000000078e-05
"('27', '3', '3', '1')",9.885000000000004e-05
"('27', '3', '4', '1')",0.0003205512500000003
"('27', '3', '5', '1')",0.0015553919999999996
"('27', '3', '6', '1')",0.007591304639062516
"('27', '3', '7', '1')",0.03027594971429689
"('27', '3', '8', '1')",0.09475735569007426
"('27', '3', '9', '1')",0.22255329243838562
"('27', '3', '1', '2')",0.0
"('27', '3', '2', '2')",3.000000000000001e-05
"('27', '3', '3', '2')",0.00014829999999999927
"('27', '3', '4', '2')",0.0005615299999999996
"('27', '3', '5', '2')",0.0028715629999999897
"('27', '3', '6', '2')",0.015002193599999993
"('27', '3', '7', '2')",0.05714993918999962
"('27', '3', '8', '2')",0.16610244850000003
"('27', '3', '9', '2')",0.35192736282419973
"('27', '3', '1', '3')",0.0
"('27', '3', '2', '3')",7.12499999999997e-05
"('27', '3', '3', '3')",0.00028818749999999944
"('27', '3', '4', '3')",0.0009198881249999975
"('27', '3', '5', '3')",0.004986647656249986
"('27', '3', '6', '3')",0.02600250851249997
"('27', '3', '7', '3')",0.1001861103890625
"('27', '3', '8', '3')",0.26167009501924626
"('27', '3', '9', '3')",0.5016609965353545
"('27', '3', '1', '4')",0.0
"('27', '3', '2', '4')",0.00010800000000000054
"('27', '3', '3', '4')",0.0002218000000000004
"('27', '3', '4', '4')",0.0013542500000000065
"('27', '3', '5', '4')",0.007793735000000017
"('27', '3', '6', '4')",0.043334841200000106
"('27', '3', '7', '4')",0.15651371141000006
"('27', '3', '8', '4')",0.3829225825180021
"('27', '3', '9', '4')",0.6590564657215018
"('27', '3', '1', '5')",0.0
"('27', '3', '2', '5')",0.00013650000000000047
"('27', '3', '3', '5')",0.00024539999999999935
"('27', '3', '4', '5')",0.0018534849999999863
"('27', '3', '5', '5')",0.012718382562499964
"('27', '3', '6', '5')",0.06757725927187509
"('27', '3', '7', '5')",0.23247406554937525
"('27', '3', '8', '5')",0.5264967607703477
"('27', '3', '9', '5')",0.8090796334331093
"('27', '3', '1', '6')",0.0
"('27', '3', '2', '6')",0.00030374999999999955
"('27', '3', '3', '6')",0.000432675000000001
"('27', '3', '4', '6')",0.0036115706249999907
"('27', '3', '5', '6')",0.024551780093749948
"('27', '3', '6', '6')",0.1213758720781249
"('27', '3', '7', '6')",0.38187079416007735
"('27', '3', '8', '6')",0.7731649239276422
"('27', '3', '9', '6')",0.9656245436874974
"('27', '3', '1', '7')",0.0
"('27', '3', '2', '7')",0.0002519999999999995
"('27', '3', '3', '7')",0.0006879999999999987
"('27', '3', '4', '7')",0.0054759999999999835
"('27', '3', '5', '7')",0.04970918399999991
"('27', '3', '6', '7')",0.21189496959999995
"('27', '3', '7', '7')",0.5853101568000023
"('27', '3', '8', '7')",0.9824184606720001
"('27', '3', '9', '7')",0.9999999999999999
"('27', '3', '1', '8')",0.0
"('27', '3', '2', '8')",0.00030599999999999963
"('27', '3', '3', '8')",0.0015095000000000028
"('27', '3', '4', '8')",0.009488439999999956
"('27', '3', '5', '8')",0.10462147400000016
"('27', '3', '6', '8')",0.37070035299999937
"('27', '3', '7', '8')",0.9374560408599983
"('27', '3', '8', '8')",0.9999920345230006
"('27', '3', '9', '8')",1.0
"('27', '4', '1', '0')",0.0
"('27', '4', '2', '0')",3.299999999999981e-05
"('27', '4', '3', '0')",0.00018730000000000068
"('27', '4', '4', '0')",0.0004764100000000004
"('27', '4', '5', '0')",0.001684064000000004
"('27', '4', '6', '0')",0.007655606199999979
"('27', '4', '7', '0')",0.027933273100000017
"('27', '4', '8', '0')",0.08194724999300022
"('27', '4', '9', '0')",0.19213466127790021
"('27', '4', '1', '1')",0.0
"('27', '4', '2', '1')",4.974999999999985e-05
"('27', '4', '3', '1')",0.00025165000000000007
"('27', '4', '4', '1')",0.0008388862500000003
"('27', '4', '5', '1')",0.0035797224687499985
"('27', '4', '6', '1')",0.015124180523437471
"('27', '4', '7', '1')",0.05441384381867195
"('27', '4', '8', '1')",0.14947981882209724
"('27', '4', '9', '1')",0.30874802707201526
"('27', '4', '1', '2')",0.0
"('27', '4', '2', '2')",8.799999999999989e-05
"('27', '4', '3', '2')",0.0004379000000000004
"('27', '4', '4', '2')",0.0015229299999999998
"('27', '4', '5', '2')",0.006322050000000001
"('27', '4', '6', '2')",0.027355118000000015
"('27', '4', '7', '2')",0.09501642386000031
"('27', '4', '8', '2')",0.23623778429900014
"('27', '4', '9', '2')",0.44397216585189836
"('27', '4', '1', '3')",0.0
"('27', '4', '2', '3')",0.00013750000000000014
"('27', '4', '3', '3')",0.0004201500000000002
"('27', '4', '4', '3')",0.0020435124999999975
"('27', '4', '5', '3')",0.010693941531250034
"('27', '4', '6', '3')",0.04628876852968739
"('27', '4', '7', '3')",0.15176049498710933
"('27', '4', '8', '3')",0.3464249926755596
"('27', '4', '9', '3')",0.5898179944347784
"('27', '4', '1', '4')",0.0
"('27', '4', '2', '4')",0.00014999999999999896
"('27', '4', '3', '4')",0.0006358000000000021
"('27', '4', '4', '4')",0.003109769999999999
"('27', '4', '5', '4')",0.016008552000000058
"('27', '4', '6', '4')",0.07315155270000005
"('27', '4', '7', '4')",0.22535669690999988
"('27', '4', '8', '4')",0.4747500333470004
"('27', '4', '9', '4')",0.7334603808697967
"('27', '4', '1', '5')",0.0
"('27', '4', '2', '5')",0.0002204999999999997
"('27', '4', '3', '5')",0.0008148250000000033
"('27', '4', '4', '5')",0.004407443750000032
"('27', '4', '5', '5')",0.02475785775000009
"('27', '4', '6', '5')",0.1076001162593749
"('27', '4', '7', '5')",0.3159276922727343
"('27', '4', '8', '5')",0.6132978430022442
"('27', '4', '9', '5')",0.8565712398787093
"('27', '4', '1', '6')",0.0
"('27', '4', '2', '6')",0.00040950000000000117
"('27', '4', '3', '6')",0.0010546875000000005
"('27', '4', '4', '6')",0.006634790000000008
"('27', '4', '5', '6')",0.04223051534375009
"('27', '4', '6', '6')",0.18320236938437454
"('27', '4', '7', '6')",0.4818008264093768
"('27', '4', '8', '6')",0.8308934349363656
"('27', '4', '9', '6')",0.9762143160907868
"('27', '4', '1', '7')",0.0
"('27', '4', '2', '7')",0.0003480000000000009
"('27', '4', '3', '7')",0.0016400000000000045
"('27', '4', '4', '7')",0.012996480000000003
"('27', '4', '5', '7')",0.07922252800000007
"('27', '4', '6', '7')",0.2937949247999986
"('27', '4', '7', '7')",0.6823636838399979
"('27', '4', '8', '7')",0.9879140966399977
"('27', '4', '9', '7')",1.0
"('27', '4', '1', '8')",0.0
"('27', '4', '2', '8')",0.0004689999999999998
"('27', '4', '3', '8')",0.0027046000000000093
"('27', '4', '4', '8')",0.021064090000000077
"('27', '4', '5', '8')",0.15368864100000038
"('27', '4', '6', '8')",0.4677247785000012
"('27', '4', '7', '8')",0.954528358860005
"('27', '4', '8', '8')",0.999994633666998
"('27', '4', '9', '8')",1.0000000000000004
"('27', '5', '1', '0')",0.0
"('27', '5', '2', '0')",6.400000000000021e-05
"('27', '5', '3', '0')",0.00025679999999999887
"('27', '5', '4', '0')",0.000869829999999999
"('27', '5', '5', '0')",0.0035563289999999896
"('27', '5', '6', '0')",0.014667876199999996
"('27', '5', '7', '0')",0.04785102534000002
"('27', '5', '8', '0')",0.1287883522759997
"('27', '5', '9', '0')",0.26923671061430016
"('27', '5', '1', '1')",0.0
"('27', '5', '2', '1')",0.00010674999999999982
"('27', '5', '3', '1')",0.0005324750000000026
"('27', '5', '4', '1')",0.001613947499999999
"('27', '5', '5', '1')",0.0071043555312499925
"('27', '5', '6', '1')",0.027021843234374943
"('27', '5', '7', '1')",0.08785515638953104
"('27', '5', '8', '1')",0.21053167785623378
"('27', '5', '9', '1')",0.39543796075649956
"('27', '5', '1', '2')",0.0
"('27', '5', '2', '2')",0.00016900000000000045
"('27', '5', '3', '2')",0.0006995000000000011
"('27', '5', '4', '2')",0.0024816300000000094
"('27', '5', '5', '2')",0.01192830299999998
"('27', '5', '6', '2')",0.04644310480000016
"('27', '5', '7', '2')",0.13998164657999945
"('27', '5', '8', '2')",0.3130588387919995
"('27', '5', '9', '2')",0.5354666487464002
"('27', '5', '1', '3')",0.0
"('27', '5', '2', '3')",0.00022024999999999953
"('27', '5', '3', '3')",0.000915874999999997
"('27', '5', '4', '3')",0.003822801874999999
"('27', '5', '5', '3')",0.018476167687499958
"('27', '5', '6', '3')",0.07420754689999977
"('27', '5', '7', '3')",0.21037473358796885
"('27', '5', '8', '3')",0.4293399715100312
"('27', '5', '9', '3')",0.6706706221103348
"('27', '5', '1', '4')",0.0
"('27', '5', '2', '4')",0.0002739999999999996
"('27', '5', '3', '4')",0.000991099999999998
"('27', '5', '4', '4')",0.0056276400000000015
"('27', '5', '5', '4')",0.029062757000000022
"('27', '5', '6', '4')",0.1117456777
"('27', '5', '7', '4')",0.29647137913000016
"('27', '5', '8', '4')",0.5593676914740028
"('27', '5', '9', '4')",0.7932108317437008
"('27', '5', '1', '5')",0.0
"('27', '5', '2', '5')",0.0002687500000000001
"('27', '5', '3', '5')",0.0014418624999999949
"('27', '5', '4', '5')",0.00778320375000002
"('27', '5', '5', '5')",0.04109529737500019
"('27', '5', '6', '5')",0.15579704202343692
"('27', '5', '7', '5')",0.3988981280018749
"('27', '5', '8', '5')",0.6888514244826599
"('27', '5', '9', '5')",0.8937655762935905
"('27', '5', '1', '6')",0.0
"('27', '5', '2', '6')",0.0005332500000000036
"('27', '5', '3', '6')",0.0016869374999999992
"('27', '5', '4', '6')",0.011811530000000021
"('27', '5', '5', '6')",0.06994720371875021
"('27', '5', '6', '6')",0.24972523369531271
"('27', '5', '7', '6')",0.5729090444053916
"('27', '5', '8', '6')",0.8739998973635974
"('27', '5', '9', '6')",0.9838101139119612
"('27', '5', '1', '7')",0.0
"('27', '5', '2', '7')",0.0008400000000000004
"('27', '5', '3', '7')",0.0027735999999999802
"('27', '5', '4', '7')",0.021092479999999893
"('27', '5', '5', '7')",0.11831942400000013
"('27', '5', '6', '7')",0.3770201791999992
"('27', '5', '7', '7')",0.7594733875199987
"('27', '5', '8', '7')",0.9919013560319991
"('27', '5', '9', '7')",0.9999999999999999
"('27', '5', '1', '8')",0.0
"('27', '5', '2', '8')",0.0008189999999999997
"('27', '5', '3', '8')",0.003517000000000004
"('27', '5', '4', '8')",0.035353710000000184
"('27', '5', '5', '8')",0.2056672439999991
"('27', '5', '6', '8')",0.556839666199999
"('27', '5', '7', '8')",0.9674875040399992
"('27', '5', '8', '8')",0.999996437367003
"('27', '5', '9', '8')",1.0000000000000002
"('27', '6', '1', '0')",0.0
"('27', '6', '2', '0')",9.200000000000022e-05
"('27', '6', '3', '0')",0.0004837000000000018
"('27', '6', '4', '0')",0.0015829699999999937
"('27', '6', '5', '0')",0.006549731000000025
"('27', '6', '6', '0')",0.023770900100000082
"('27', '6', '7', '0')",0.07582764703999982
"('27', '6', '8', '0')",0.18418674289799986
"('27', '6', '9', '0')",0.3485998241770006
"('27', '6', '1', '1')",0.0
"('27', '6', '2', '1')",0.0001835000000000001
"('27', '6', '3', '1')",0.000759600000000001
"('27', '6', '4', '1')",0.0027602774999999843
"('27', '6', '5', '1')",0.01144829668750001
"('27', '6', '6', '1')",0.04300329975781254
"('27', '6', '7', '1')",0.12547291422765627
"('27', '6', '8', '1')",0.280115445649797
"('27', '6', '9', '1')",0.4837149814516941
"('27', '6', '1', '2')",0.0
"('27', '6', '2', '2')",0.00022700000000000026
"('27', '6', '3', '2')",0.0009551000000000036
"('27', '6', '4', '2')",0.004374189999999987
"('27', '6', '5', '2')",0.01965818499999997
"('27', '6', '6', '2')",0.06981096639999979
"('27', '6', '7', '2')",0.19409249884
"('27', '6', '8', '2')",0.3916557872110007
"('27', '6', '9', '2')",0.6159430429559999
"('27', '6', '1', '3')",0.0
"('27', '6', '2', '3')",0.0003187499999999997
"('27', '6', '3', '3')",0.0012852125000000082
"('27', '6', '4', '3')",0.006255778749999976
"('27', '6', '5', '3')",0.02972899043750009
"('27', '6', '6', '3')",0.10700587296093689
"('27', '6', '7', '3')",0.2732675030435931
"('27', '6', '8', '3')",0.5095902851859399
"('27', '6', '9', '3')",0.7395196448450163
"('27', '6', '1', '4')",0.0
"('27', '6', '2', '4')",0.00042700000000000024
"('27', '6', '3', '4')",0.001911900000000004
"('27', '6', '4', '4')",0.009266719999999997
"('27', '6', '5', '4')",0.04416817600000007
"('27', '6', '6', '4')",0.15222629970000015
"('27', '6', '7', '4')",0.37220832725000047
"('27', '6', '8', '4')",0.6368703999850002
"('27', '6', '9', '4')",0.8436850750079014
"('27', '6', '1', '5')",0.0
"('27', '6', '2', '5')",0.0005802500000000001
"('27', '6', '3', '5')",0.0020907124999999887
"('27', '6', '4', '5')",0.012936055625000003
"('27', '6', '5', '5')",0.0623862729687501
"('27', '6', '6', '5')",0.21197596987656275
"('27', '6', '7', '5')",0.47828741421726506
"('27', '6', '8', '5')",0.7547072149474545
"('27', '6', '9', '5')",0.923641219421714
"('27', '6', '1', '6')",0.0
"('27', '6', '2', '6')",0.0010260000000000026
"('27', '6', '3', '6')",0.003210862500000006
"('27', '6', '4', '6')",0.020180433749999973
"('27', '6', '5', '6')",0.0993649084375004
"('27', '6', '6', '6')",0.3195880299874994
"('27', '6', '7', '6')",0.6514917496225758
"('27', '6', '8', '6')",0.9072127311738308
"('27', '6', '9', '6')",0.9891760387126293
"('27', '6', '1', '7')",0.0
"('27', '6', '2', '7')",0.0011279999999999988
"('27', '6', '3', '7')",0.004593600000000005
"('27', '6', '4', '7')",0.033648799999999944
"('27', '6', '5', '7')",0.16203990400000026
"('27', '6', '6', '7')",0.4628281984000007
"('27', '6', '7', '7')",0.818366248959998
"('27', '6', '8', '7')",0.9945480929280007
"('27', '6', '9', '7')",1.0
"('27', '6', '1', '8')",0.0
"('27', '6', '2', '8')",0.002429999999999995
"('27', '6', '3', '8')",0.006362400000000005
"('27', '6', '4', '8')",0.05190614000000007
"('27', '6', '5', '8')",0.2687740830000004
"('27', '6', '6', '8')",0.6406077809999966
"('27', '6', '7', '8')",0.9771608310900008
"('27', '6', '8', '8')",0.9999977104840007
"('27', '6', '9', '8')",1.0000000000000004
"('27', '7', '1', '0')",0.0
"('27', '7', '2', '0')",0.00015200000000000047
"('27', '7', '3', '0')",0.0007190999999999998
"('27', '7', '4', '0')",0.0027061199999999903
"('27', '7', '5', '0')",0.010154137000000061
"('27', '7', '6', '0')",0.03759629479999986
"('27', '7', '7', '0')",0.10879312279000032
"('27', '7', '8', '0')",0.24600292381699967
"('27', '7', '9', '0')",0.4379816234539999
"('27', '7', '1', '1')",0.0
"('27', '7', '2', '1')",0.0002992499999999998
"('27', '7', '3', '1')",0.001082562499999997
"('27', '7', '4', '1')",0.004656900000000011
"('27', '7', '5', '1')",0.01830023456249998
"('27', '7', '6', '1')",0.06467904012343739
"('27', '7', '7', '1')",0.17274456092289067
"('27', '7', '8', '1')",0.3527823497309759
"('27', '7', '9', '1')",0.5671763402806158
"('27', '7', '1', '2')",0.0
"('27', '7', '2', '2')",0.00039900000000000146
"('27', '7', '3', '2')",0.0017674999999999987
"('27', '7', '4', '2')",0.00717489000000001
"('27', '7', '5', '2')",0.02976052799999993
"('27', '7', '6', '2')",0.09949701059999957
"('27', '7', '7', '2')",0.2482925958099997
"('27', '7', '8', '2')",0.46881132967200045
"('27', '7', '9', '2')",0.6912926245112984
"('27', '7', '1', '3')",0.0
"('27', '7', '2', '3')",0.0005874999999999982
"('27', '7', '3', '3')",0.002246537500000001
"('27', '7', '4', '3')",0.009996409375000006
"('27', '7', '5', '3')",0.04513816571874985
"('27', '7', '6', '3')",0.14721253839062481
"('27', '7', '7', '3')",0.34212898321007873
"('27', '7', '8', '3')",0.5876264074258444
"('27', '7', '9', '3')",0.7984034158210576
"('27', '7', '1', '4')",0.0
"('27', '7', '2', '4')",0.0006709999999999978
"('27', '7', '3', '4')",0.0028805000000000024
"('27', '7', '4', '4')",0.01419594999999996
"('27', '7', '5', '4')",0.06377564000000034
"('27', '7', '6', '4')",0.2017622956999992
"('27', '7', '7', '4')",0.44482625728
"('27', '7', '8', '4')",0.7030737073349994
"('27', '7', '9', '4')",0.8836732769074029
"('27', '7', '1', '5')",0.0
"('27', '7', '2', '5')",0.001046000000000001
"('27', '7', '3', '5')",0.0038562750000000075
"('27', '7', '4', '5')",0.01993328937499995
"('27', '7', '5', '5')",0.08889558846874993
"('27', '7', '6', '5')",0.268862113792188
"('27', '7', '7', '5')",0.5535690687554684
"('27', '7', '8', '5')",0.8088464652293041
"('27', '7', '9', '5')",0.945268326027807
"('27', '7', '1', '6')",0.0
"('27', '7', '2', '6')",0.0011160000000000033
"('27', '7', '3', '6')",0.004973862500000014
"('27', '7', '4', '6')",0.03069988562500002
"('27', '7', '5', '6')",0.13709777450000013
"('27', '7', '6', '6')",0.3923565579593752
"('27', '7', '7', '6')",0.7215892221214822
"('27', '7', '8', '6')",0.9334427083939947
"('27', '7', '9', '6')",0.9928884686783762
"('27', '7', '1', '7')",0.0
"('27', '7', '2', '7')",0.001947999999999995
"('27', '7', '3', '7')",0.005971200000000023
"('27', '7', '4', '7')",0.04680480000000008
"('27', '7', '5', '7')",0.21401635200000033
"('27', '7', '6', '7')",0.5377883839999984
"('27', '7', '7', '7')",0.8645087231999988
"('27', '7', '8', '7')",0.9965809049600012
"('27', '7', '9', '7')",1.0
"('27', '7', '1', '8')",0.0
"('27', '7', '2', '8')",0.003060000000000008
"('27', '7', '3', '8')",0.010407699999999987
"('27', '7', '4', '8')",0.07683296999999978
"('27', '7', '5', '8')",0.3281993500000003
"('27', '7', '6', '8')",0.7059146282000021
"('27', '7', '7', '8')",0.9841469505299991
"('27', '7', '8', '8')",0.9999985835360009
"('27', '7', '9', '8')",1.0000000000000002
"('28', '0', '1', '0')",0.0
"('28', '0', '2', '0')",0.0
"('28', '0', '3', '0')",0.0
"('28', '0', '4', '0')",0.0
"('28', '0', '5', '0')",0.0
"('28', '0', '6', '0')",0.0
"('28', '0', '7', '0')",1.0000000000000005e-07
"('28', '0', '8', '0')",4.805000000000002e-05
"('28', '0', '9', '0')",0.0012818800000000004
"('28', '0', '1', '1')",0.0
"('28', '0', '2', '1')",0.0
"('28', '0', '3', '1')",0.0
"('28', '0', '4', '1')",0.0
"('28', '0', '5', '1')",0.0
"('28', '0', '6', '1')",0.0
"('28', '0', '7', '1')",1.7085937499999998e-06
"('28', '0', '8', '1')",0.0005516321484375001
"('28', '0', '9', '1')",0.009415731462890627
"('28', '0', '1', '2')",0.0
"('28', '0', '2', '2')",0.0
"('28', '0', '3', '2')",0.0
"('28', '0', '4', '2')",0.0
"('28', '0', '5', '2')",0.0
"('28', '0', '6', '2')",0.0
"('28', '0', '7', '2')",1.2800000000000006e-05
"('28', '0', '8', '2')",0.003213760000000001
"('28', '0', '9', '2')",0.03835200200000001
"('28', '0', '1', '3')",0.0
"('28', '0', '2', '3')",0.0
"('28', '0', '3', '3')",0.0
"('28', '0', '4', '3')",0.0
"('28', '0', '5', '3')",0.0
"('28', '0', '6', '3')",0.0
"('28', '0', '7', '3')",6.103515625e-05
"('28', '0', '8', '3')",0.012749389648437498
"('28', '0', '9', '3')",0.10985086834960935
"('28', '0', '1', '4')",0.0
"('28', '0', '2', '4')",0.0
"('28', '0', '3', '4')",0.0
"('28', '0', '4', '4')",0.0
"('28', '0', '5', '4')",0.0
"('28', '0', '6', '4')",0.0
"('28', '0', '7', '4')",0.00021869999999999998
"('28', '0', '8', '4')",0.03941541
"('28', '0', '9', '4')",0.24617595600000003
"('28', '0', '1', '5')",0.0
"('28', '0', '2', '5')",0.0
"('28', '0', '3', '5')",0.0
"('28', '0', '4', '5')",0.0
"('28', '0', '5', '5')",0.0
"('28', '0', '6', '5')",0.0
"('28', '0', '7', '5')",0.0006433929687499997
"('28', '0', '8', '5')",0.10219772089843746
"('28', '0', '9', '5')",0.4549440450488281
"('28', '0', '1', '6')",0.0
"('28', '0', '2', '6')",0.0
"('28', '0', '3', '6')",0.0
"('28', '0', '4', '6')",0.0
"('28', '0', '5', '6')",0.0
"('28', '0', '6', '6')",0.0
"('28', '0', '7', '6')",0.003736694531250001
"('28', '0', '8', '6')",0.3299708865234376
"('28', '0', '9', '6')",0.829395680185547
"('28', '0', '1', '7')",0.0
"('28', '0', '2', '7')",0.0
"('28', '0', '3', '7')",0.0
"('28', '0', '4', '7')",0.0
"('28', '0', '5', '7')",0.0
"('28', '0', '6', '7')",0.0
"('28', '0', '7', '7')",0.027993599999999997
"('28', '0', '8', '7')",0.8263296
"('28', '0', '9', '7')",0.9997378560000001
"('28', '0', '1', '8')",0.0
"('28', '0', '2', '8')",0.0
"('28', '0', '3', '8')",0.0
"('28', '0', '4', '8')",0.0
"('28', '0', '5', '8')",0.0
"('28', '0', '6', '8')",0.0
"('28', '0', '7', '8')",0.47829690000000014
"('28', '0', '8', '8')",0.9995683500000003
"('28', '0', '9', '8')",0.9999999990000004
"('28', '1', '1', '0')",0.0
"('28', '1', '2', '0')",0.0
"('28', '1', '3', '0')",0.0
"('28', '1', '4', '0')",0.0
"('28', '1', '5', '0')",3.059999999999998e-07
"('28', '1', '6', '0')",3.7915900000000245e-05
"('28', '1', '7', '0')",0.00047559595000000037
"('28', '1', '8', '0')",0.0034220328450000007
"('28', '1', '9', '0')",0.016914274982600046
"('28', '1', '1', '1')",0.0
"('28', '1', '2', '1')",0.0
"('28', '1', '3', '1')",0.0
"('28', '1', '4', '1')",0.0
"('28', '1', '5', '1')",2.1945937499999993e-06
"('28', '1', '6', '1')",0.00018913930312499977
"('28', '1', '7', '1')",0.002003350092656249
"('28', '1', '8', '1')",0.011646327303414026
"('28', '1', '9', '1')",0.04787304833138507
"('28', '1', '1', '2')",0.0
"('28', '1', '2', '2')",0.0
"('28', '1', '3', '2')",0.0
"('28', '1', '4', '2')",0.0
"('28', '1', '5', '2')",9.983999999999973e-06
"('28', '1', '6', '2')",0.0006611652000000007
"('28', '1', '7', '2')",0.005585277500000008
"('28', '1', '8', '2')",0.030176036144000024
"('28', '1', '9', '2')",0.10886897084330016
"('28', '1', '1', '3')",0.0
"('28', '1', '2', '3')",0.0
"('28', '1', '3', '3')",0.0
"('28', '1', '4', '3')",0.0
"('28', '1', '5', '3')",2.9101562499999973e-05
"('28', '1', '6', '3')",0.001681290507812503
"('28', '1', '7', '3')",0.012966670699609351
"('28', '1', '8', '3')",0.06481131069409728
"('28', '1', '9', '3')",0.2114962146915998
"('28', '1', '1', '4')",0.0
"('28', '1', '2', '4')",0.0
"('28', '1', '3', '4')",0.0
"('28', '1', '4', '4')",0.0
"('28', '1', '5', '4')",6.925500000000024e-05
"('28', '1', '6', '4')",0.003631246200000018
"('28', '1', '7', '4')",0.02587129335000008
"('28', '1', '8', '4')",0.120546298709
"('28', '1', '9', '4')",0.3627680446438007
"('28', '1', '1', '5')",0.0
"('28', '1', '2', '5')",0.0
"('28', '1', '3', '5')",0.0
"('28', '1', '4', '5')",0.0
"('28', '1', '5', '5')",0.00014758646875000008
"('28', '1', '6', '5')",0.0067141875609374934
"('28', '1', '7', '5')",0.04638237838500014
"('28', '1', '8', '5')",0.21618142674970403
"('28', '1', '9', '5')",0.5621509138517015
"('28', '1', '1', '6')",0.0
"('28', '1', '2', '6')",0.0
"('28', '1', '3', '6')",0.0
"('28', '1', '4', '6')",0.0
"('28', '1', '5', '6')",0.0005369768437499979
"('28', '1', '6', '6')",0.015326014176562498
"('28', '1', '7', '6')",0.09753606639914056
"('28', '1', '8', '6')",0.4609543529420173
"('28', '1', '9', '6')",0.8732723597449011
"('28', '1', '1', '7')",0.0
"('28', '1', '2', '7')",0.0
"('28', '1', '3', '7')",0.0
"('28', '1', '4', '7')",0.0
"('28', '1', '5', '7')",0.002519424000000007
"('28', '1', '6', '7')",0.032986483200000166
"('28', '1', '7', '7')",0.19248661248000037
"('28', '1', '8', '7')",0.8715012136960003
"('28', '1', '9', '7')",0.9998197235711997
"('28', '1', '1', '8')",0.0
"('28', '1', '2', '8')",0.0
"('28', '1', '3', '8')",0.0
"('28', '1', '4', '8')",0.0
"('28', '1', '5', '8')",0.01753755300000015
"('28', '1', '6', '8')",0.09145063620000017
"('28', '1', '7', '8')",0.5951634136200037
"('28', '1', '8', '8')",0.9996900334639974
"('28', '1', '9', '8')",0.9999999993153004
"('28', '2', '1', '0')",0.0
"('28', '2', '2', '0')",1.000000000000002e-06
"('28', '2', '3', '0')",1.479999999999997e-05
"('28', '2', '4', '0')",4.8280000000000005e-05
"('28', '2', '5', '0')",0.00010449200000000027
"('28', '2', '6', '0')",0.0005934261999999997
"('28', '2', '7', '0')",0.002815854689999998
"('28', '2', '8', '0')",0.013050002592000006
"('28', '2', '9', '0')",0.045622605678999846
"('28', '2', '1', '1')",0.0
"('28', '2', '2', '1')",0.0
"('28', '2', '3', '1')",1.8562499999999963e-05
"('28', '2', '4', '1')",6.0016875000000084e-05
"('28', '2', '5', '1')",0.00027735003124999943
"('28', '2', '6', '1')",0.0015246453390625014
"('28', '2', '7', '1')",0.007966453941562528
"('28', '2', '8', '1')",0.03358310241068761
"('28', '2', '9', '1')",0.1014684852297003
"('28', '2', '1', '2')",0.0
"('28', '2', '2', '2')",4.000000000000002e-06
"('28', '2', '3', '2')",4.58000000000001e-05
"('28', '2', '4', '2')",7.960000000000021e-05
"('28', '2', '5', '2')",0.00047915899999999967
"('28', '2', '6', '2')",0.003391776200000002
"('28', '2', '7', '2')",0.017364215650000105
"('28', '2', '8', '2')",0.06898391006699978
"('28', '2', '9', '2')",0.1889165214116998
"('28', '2', '1', '3')",0.0
"('28', '2', '2', '3')",0.0
"('28', '2', '3', '3')",6.27500000000002e-05
"('28', '2', '4', '3')",0.00017647812500000046
"('28', '2', '5', '3')",0.0008381037812500001
"('28', '2', '6', '3')",0.006758467440625001
"('28', '2', '7', '3')",0.03541305847078123
"('28', '2', '8', '3')",0.12553320082336672
"('28', '2', '9', '3')",0.313125632710535
"('28', '2', '1', '4')",0.0
"('28', '2', '2', '4')",9.000000000000005e-06
"('28', '2', '3', '4')",7.349999999999994e-05
"('28', '2', '4', '4')",0.00019157999999999987
"('28', '2', '5', '4')",0.0015332970000000007
"('28', '2', '6', '4')",0.012448488500000071
"('28', '2', '7', '4')",0.06330647777999984
"('28', '2', '8', '4')",0.20930777062400022
"('28', '2', '9', '4')",0.4713242820026002
"('28', '2', '1', '5')",0.0
"('28', '2', '2', '5')",0.0
"('28', '2', '3', '5')",6.457500000000004e-05
"('28', '2', '4', '5')",0.0002556924999999997
"('28', '2', '5', '5')",0.0024791749375000106
"('28', '2', '6', '5')",0.021402136795312495
"('28', '2', '7', '5')",0.10487179870578081
"('28', '2', '8', '5')",0.3245008812671644
"('28', '2', '9', '5')",0.6532846358872606
"('28', '2', '1', '6')",0.0
"('28', '2', '2', '6')",0.0
"('28', '2', '3', '6')",7.289999999999992e-05
"('28', '2', '4', '6')",0.0006054468749999993
"('28', '2', '5', '6')",0.004618323000000005
"('28', '2', '6', '6')",0.042462220064062396
"('28', '2', '7', '6')",0.19827288059343803
"('28', '2', '8', '6')",0.5706900742933335
"('28', '2', '9', '6')",0.9066423796028862
"('28', '2', '1', '7')",0.0
"('28', '2', '2', '7')",0.0
"('28', '2', '3', '7')",0.00019200000000000036
"('28', '2', '4', '7')",0.0013675199999999992
"('28', '2', '5', '7')",0.009961919999999994
"('28', '2', '6', '7')",0.08087439359999975
"('28', '2', '7', '7')",0.33230022912000057
"('28', '2', '8', '7')",0.9066322944000007
"('28', '2', '9', '7')",0.9998795448320019
"('28', '2', '1', '8')",0.0
"('28', '2', '2', '8')",0.0
"('28', '2', '3', '8')",0.0001638000000000002
"('28', '2', '4', '8')",0.002237940000000002
"('28', '2', '5', '8')",0.04193134699999992
"('28', '2', '6', '8')",0.18778565789999924
"('28', '2', '7', '8')",0.6919617336999982
"('28', '2', '8', '8')",0.9997777410190005
"('28', '2', '9', '8')",0.9999999995449008
"('28', '3', '1', '0')",0.0
"('28', '3', '2', '0')",7.0000000000000295e-06
"('28', '3', '3', '0')",5.670000000000032e-05
"('28', '3', '4', '0')",0.0001511200000000005
"('28', '3', '5', '0')",0.0004262720000000003
"('28', '3', '6', '0')",0.0019428758000000046
"('28', '3', '7', '0')",0.008159569950000037
"('28', '3', '8', '0')",0.03059311312699997
"('28', '3', '9', '0')",0.08687593230180007
"('28', '3', '1', '1')",0.0
"('28', '3', '2', '1')",7.5000000000000264e-06
"('28', '3', '3', '1')",9.391250000000003e-05
"('28', '3', '4', '1')",0.000222011875
"('28', '3', '5', '1')",0.0009091428125000014
"('28', '3', '6', '1')",0.004616529295312501
"('28', '3', '7', '1')",0.0191796423657032
"('28', '3', '8', '1')",0.06418969837158216
"('28', '3', '9', '1')",0.1658554618503041
"('28', '3', '1', '2')",0.0
"('28', '3', '2', '2')",4.000000000000008e-06
"('28', '3', '3', '2')",0.00011980000000000022
"('28', '3', '4', '2')",0.0003702700000000006
"('28', '3', '5', '2')",0.001733071999999998
"('28', '3', '6', '2')",0.008924846400000026
"('28', '3', '7', '2')",0.03782349466999988
"('28', '3', '8', '2')",0.1184738204289999
"('28', '3', '9', '2')",0.27343749180630034
"('28', '3', '1', '3')",0.0
"('28', '3', '2', '3')",4.125000000000001e-05
"('28', '3', '3', '3')",0.00012592500000000077
"('28', '3', '4', '3')",0.0005843524999999981
"('28', '3', '5', '3')",0.002974944281249996
"('28', '3', '6', '3')",0.016569664493750087
"('28', '3', '7', '3')",0.06609989921164039
"('28', '3', '8', '3')",0.19371648669446156
"('28', '3', '9', '3')",0.4083157050056304
"('28', '3', '1', '4')",0.0
"('28', '3', '2', '4')",1.8000000000000045e-05
"('28', '3', '3', '4')",0.0002888
"('28', '3', '4', '4')",0.00088542
"('28', '3', '5', '4')",0.004813319000000006
"('28', '3', '6', '4')",0.027646327999999915
"('28', '3', '7', '4')",0.1111893416500001
"('28', '3', '8', '4')",0.29657600321799854
"('28', '3', '9', '4')",0.5671399587359027
"('28', '3', '1', '5')",0.0
"('28', '3', '2', '5')",1.8999999999999957e-05
"('28', '3', '3', '5')",0.0002401874999999993
"('28', '3', '4', '5')",0.0009623818749999977
"('28', '3', '5', '5')",0.007078855968750003
"('28', '3', '6', '5')",0.043520438679687266
"('28', '3', '7', '5')",0.17188772018789064
"('28', '3', '8', '5')",0.4255481178854807
"('28', '3', '9', '5')",0.7277433452674851
"('28', '3', '1', '6')",0.0
"('28', '3', '2', '6')",2.0250000000000143e-05
"('28', '3', '3', '6')",0.00027584999999999996
"('28', '3', '4', '6')",0.0017497800000000024
"('28', '3', '5', '6')",0.013073543437499988
"('28', '3', '6', '6')",0.08034245328750014
"('28', '3', '7', '6')",0.2916533943929683
"('28', '3', '8', '6')",0.6621373701557289
"('28', '3', '9', '6')",0.9323706524696169
"('28', '3', '1', '7')",0.0
"('28', '3', '2', '7')",7.200000000000025e-05
"('28', '3', '3', '7')",0.0005248000000000001
"('28', '3', '4', '7')",0.0034440000000000043
"('28', '3', '5', '7')",0.02473935999999994
"('28', '3', '6', '7')",0.14412163199999958
"('28', '3', '7', '7')",0.4604661606400003
"('28', '3', '8', '7')",0.9340946554879996
"('28', '3', '9', '7')",0.999922536447998
"('28', '3', '1', '8')",0.0
"('28', '3', '2', '8')",0.00040499999999999933
"('28', '3', '3', '8')",0.0007048
"('28', '3', '4', '8')",0.007270740000000011
"('28', '3', '5', '8')",0.07784299300000025
"('28', '3', '6', '8')",0.2822392644
"('28', '3', '7', '8')",0.7668926530299974
"('28', '3', '8', '8')",0.999843034357002
"('28', '3', '9', '8')",0.9999999996950009
"('28', '4', '1', '0')",0.0
"('28', '4', '2', '0')",2.1000000000000067e-05
"('28', '4', '3', '0')",9.019999999999971e-05
"('28', '4', '4', '0')",0.0003272900000000007
"('28', '4', '5', '0')",0.0011279309999999976
"('28', '4', '6', '0')",0.0044432180000000135
"('28', '4', '7', '0')",0.017715191819999976
"('28', '4', '8', '0')",0.056421368996999954
"('28', '4', '9', '0')",0.14070670448609976
"('28', '4', '1', '1')",0.0
"('28', '4', '2', '1')",2.250000000000013e-06
"('28', '4', '3', '1')",0.00016738750000000019
"('28', '4', '4', '1')",0.0005313012500000005
"('28', '4', '5', '1')",0.002371030187499997
"('28', '4', '6', '1')",0.00995083429062503
"('28', '4', '7', '1')",0.036489168381562555
"('28', '4', '8', '1')",0.10659848974343744
"('28', '4', '9', '1')",0.24154891159101718
"('28', '4', '1', '2')",0.0
"('28', '4', '2', '2')",6.799999999999978e-05
"('28', '4', '3', '2')",0.0003067000000000006
"('28', '4', '4', '2')",0.0009048799999999978
"('28', '4', '5', '2')",0.004072377000000001
"('28', '4', '6', '2')",0.017717624299999978
"('28', '4', '7', '2')",0.0654266538299995
"('28', '4', '8', '2')",0.17664772815800003
"('28', '4', '9', '2')",0.3623348059994994
"('28', '4', '1', '3')",0.0
"('28', '4', '2', '3')",8.375000000000007e-05
"('28', '4', '3', '3')",0.00026434999999999995
"('28', '4', '4', '3')",0.0013091862500000018
"('28', '4', '5', '3')",0.006863684687500007
"('28', '4', '6', '3')",0.030676212592187415
"('28', '4', '7', '3')",0.10757198771156225
"('28', '4', '8', '3')",0.2714859324475041
"('28', '4', '9', '3')",0.5012447874990985
"('28', '4', '1', '4')",0.0
"('28', '4', '2', '4')",4.899999999999977e-05
"('28', '4', '3', '4')",0.00044860000000000066
"('28', '4', '4', '4')",0.0018688300000000019
"('28', '4', '5', '4')",0.010096616000000008
"('28', '4', '6', '4')",0.04955337699999999
"('28', '4', '7', '4')",0.16681263722000028
"('28', '4', '8', '4')",0.38644456196100085
"('28', '4', '9', '4')",0.6500556866518024
"('28', '4', '1', '5')",0.0
"('28', '4', '2', '5')",9.800000000000005e-05
"('28', '4', '3', '5')",0.00045893749999999906
"('28', '4', '4', '5')",0.0025642468749999974
"('28', '4', '5', '5')",0.015683519312499915
"('28', '4', '6', '5')",0.07469793236250032
"('28', '4', '7', '5')",0.24164813501687482
"('28', '4', '8', '5')",0.5176397632500529
"('28', '4', '9', '5')",0.790193434207041
"('28', '4', '1', '6')",0.0
"('28', '4', '2', '6')",0.0001867499999999999
"('28', '4', '3', '6')",0.0009528749999999978
"('28', '4', '4', '6')",0.004494751874999984
"('28', '4', '5', '6')",0.027224067937500006
"('28', '4', '6', '6')",0.1305475014437504
"('28', '4', '7', '6')",0.3857092425553928
"('28', '4', '8', '6')",0.73764302259797
"('28', '4', '9', '6')",0.9514646503128819
"('28', '4', '1', '7')",0.0
"('28', '4', '2', '7')",0.00020400000000000016
"('28', '4', '3', '7')",0.001003999999999998
"('28', '4', '4', '7')",0.0071695999999999965
"('28', '4', '5', '7')",0.04566726399999984
"('28', '4', '6', '7')",0.20791114239999997
"('28', '4', '7', '7')",0.5679854310400004
"('28', '4', '8', '7')",0.9527179632639994
"('28', '4', '9', '7')",0.9999493275647993
"('28', '4', '1', '8')",0.0
"('28', '4', '2', '8')",0.00040499999999999873
"('28', '4', '3', '8')",0.0017425000000000003
"('28', '4', '4', '8')",0.016520050000000078
"('28', '4', '5', '8')",0.11765706100000053
"('28', '4', '6', '8')",0.3740122239000007
"('28', '4', '7', '8')",0.8264890675900023
"('28', '4', '8', '8')",0.9998932025930009
"('28', '4', '9', '8')",0.9999999997992975
"('28', '5', '1', '0')",0.0
"('28', '5', '2', '0')",3.1999999999999944e-05
"('28', '5', '3', '0')",0.00018470000000000045
"('28', '5', '4', '0')",0.0005690200000000008
"('28', '5', '5', '0')",0.0022508350000000044
"('28', '5', '6', '0')",0.008931615499999981
"('28', '5', '7', '0')",0.03228808829000007
"('28', '5', '8', '0')",0.09183613216600003
"('28', '5', '9', '0')",0.2083923176448
"('28', '5', '1', '1')",0.0
"('28', '5', '2', '1')",4.599999999999983e-05
"('28', '5', '3', '1')",0.0002527375000000012
"('28', '5', '4', '1')",0.0010774875000000013
"('28', '5', '5', '1')",0.004336066156249983
"('28', '5', '6', '1')",0.017626124087499966
"('28', '5', '7', '1')",0.05961743208617194
"('28', '5', '8', '1')",0.1570625318870969
"('28', '5', '9', '1')",0.3171100539196307
"('28', '5', '1', '2')",0.0
"('28', '5', '2', '2')",4.399999999999983e-05
"('28', '5', '3', '2')",0.00044700000000000073
"('28', '5', '4', '2')",0.0015665799999999965
"('28', '5', '5', '2')",0.007778859000000039
"('28', '5', '6', '2')",0.03095533590000002
"('28', '5', '7', '2')",0.09941244742999986
"('28', '5', '8', '2')",0.24325061393099928
"('28', '5', '9', '2')",0.45035710638899895
"('28', '5', '1', '3')",0.0
"('28', '5', '2', '3')",0.00010250000000000031
"('28', '5', '3', '3')",0.0008606000000000013
"('28', '5', '4', '3')",0.002436574374999993
"('28', '5', '5', '3')",0.012093033781249995
"('28', '5', '6', '3')",0.05011171850781246
"('28', '5', '7', '3')",0.15538555383273422
"('28', '5', '8', '3')",0.34974524079420644
"('28', '5', '9', '3')",0.5866232855554129
"('28', '5', '1', '4')",0.0
"('28', '5', '2', '4')",0.0001870000000000003
"('28', '5', '3', '4')",0.0009863999999999919
"('28', '5', '4', '4')",0.003609690000000003
"('28', '5', '5', '4')",0.01797628299999998
"('28', '5', '6', '4')",0.07781257670000001
"('28', '5', '7', '4')",0.2270327774899995
"('28', '5', '8', '4')",0.4701272602769999
"('28', '5', '9', '4')",0.7217534468768009
"('28', '5', '1', '5')",0.0
"('28', '5', '2', '5')",0.00013774999999999977
"('28', '5', '3', '5')",0.0012892499999999976
"('28', '5', '4', '5')",0.004932690000000014
"('28', '5', '5', '5')",0.02660914656249996
"('28', '5', '6', '5')",0.1113317229843751
"('28', '5', '7', '5')",0.3136534251374203
"('28', '5', '8', '5')",0.5987405031746266
"('28', '5', '9', '5')",0.8405218945847999
"('28', '5', '1', '6')",0.0
"('28', '5', '2', '6')",0.00020475000000000072
"('28', '5', '3', '6')",0.0015167250000000015
"('28', '5', '4', '6')",0.008030103750000005
"('28', '5', '5', '6')",0.04315916403124994
"('28', '5', '6', '6')",0.18722003083281294
"('28', '5', '7', '6')",0.48044660326984223
"('28', '5', '8', '6')",0.7998239880462319
"('28', '5', '9', '6')",0.9659475229341373
"('28', '5', '1', '7')",0.0
"('28', '5', '2', '7')",0.00034799999999999995
"('28', '5', '3', '7')",0.0017536000000000053
"('28', '5', '4', '7')",0.01294191999999999
"('28', '5', '5', '7')",0.074551296
"('28', '5', '6', '7')",0.2831604607999992
"('28', '5', '7', '7')",0.6569755801599995
"('28', '5', '8', '7')",0.9670533324799971
"('28', '5', '9', '7')",0.9999666290687981
"('28', '5', '1', '8')",0.0
"('28', '5', '2', '8')",0.0009919999999999983
"('28', '5', '3', '8')",0.0037515000000000248
"('28', '5', '4', '8')",0.028887800000000057
"('28', '5', '5', '8')",0.16119688300000037
"('28', '5', '6', '8')",0.4649568066000005
"('28', '5', '7', '8')",0.8722095754399966
"('28', '5', '8', '8')",0.9999273438900017
"('28', '5', '9', '8')",0.9999999998806953
"('28', '6', '1', '0')",0.0
"('28', '6', '2', '0')",6.300000000000016e-05
"('28', '6', '3', '0')",0.0003298000000000005
"('28', '6', '4', '0')",0.001128770000000003
"('28', '6', '5', '0')",0.004180090999999997
"('28', '6', '6', '0')",0.0159184383
"('28', '6', '7', '0')",0.050733416920000114
"('28', '6', '8', '0')",0.13599679141300045
"('28', '6', '9', '0')",0.2784130196632999
"('28', '6', '1', '1')",0.0
"('28', '6', '2', '1')",7.574999999999989e-05
"('28', '6', '3', '1')",0.0005740124999999995
"('28', '6', '4', '1')",0.0017435818750000033
"('28', '6', '5', '1')",0.007464345625000015
"('28', '6', '6', '1')",0.02949105405156251
"('28', '6', '7', '1')",0.09037257554398426
"('28', '6', '8', '1')",0.21731779190648387
"('28', '6', '9', '1')",0.3990094585018145
"('28', '6', '1', '2')",0.0
"('28', '6', '2', '2')",0.00011200000000000028
"('28', '6', '3', '2')",0.000924600000000001
"('28', '6', '4', '2')",0.002970549999999998
"('28', '6', '5', '2')",0.012083064000000022
"('28', '6', '6', '2')",0.049275126799999985
"('28', '6', '7', '2')",0.14301423383000053
"('28', '6', '8', '2')",0.31431959784199853
"('28', '6', '9', '2')",0.5321666442120002
"('28', '6', '1', '3')",0.0
"('28', '6', '2', '3')",0.00021249999999999899
"('28', '6', '3', '3')",0.0010110750000000047
"('28', '6', '4', '3')",0.0043297856249999815
"('28', '6', '5', '3')",0.020149319593750055
"('28', '6', '6', '3')",0.07488035701093732
"('28', '6', '7', '3')",0.21058639634539056
"('28', '6', '8', '3')",0.42828643873671607
"('28', '6', '9', '3')",0.6613219427176824
"('28', '6', '1', '4')",0.0
"('28', '6', '2', '4')",0.00027400000000000037
"('28', '6', '3', '4')",0.0014383000000000006
"('28', '6', '4', '4')",0.0063613600000000155
"('28', '6', '5', '4')",0.030082540000000026
"('28', '6', '6', '4')",0.11234896989999975
"('28', '6', '7', '4')",0.2924495304499989
"('28', '6', '8', '4')",0.5489951053249948
"('28', '6', '9', '4')",0.7827621818884032
"('28', '6', '1', '5')",0.0
"('28', '6', '2', '5')",0.0003972499999999999
"('28', '6', '3', '5')",0.0016914125000000025
"('28', '6', '4', '5')",0.008655526875000005
"('28', '6', '5', '5')",0.04214516696874998
"('28', '6', '6', '5')",0.15599883139218676
"('28', '6', '7', '5')",0.39012024338507784
"('28', '6', '8', '5')",0.6725486656978545
"('28', '6', '9', '5')",0.8803082795739859
"('28', '6', '1', '6')",0.0
"('28', '6', '2', '6')",0.00041850000000000047
"('28', '6', '3', '6')",0.0020652749999999945
"('28', '6', '4', '6')",0.012500433124999988
"('28', '6', '5', '6')",0.06773699503125001
"('28', '6', '6', '6')",0.24442377508593766
"('28', '6', '7', '6')",0.5593911200348424
"('28', '6', '8', '6')",0.847932656287339
"('28', '6', '9', '6')",0.9765280279205117
"('28', '6', '1', '7')",0.0
"('28', '6', '2', '7')",0.0006600000000000034
"('28', '6', '3', '7')",0.003831200000000009
"('28', '6', '4', '7')",0.02163903999999994
"('28', '6', '5', '7')",0.10843363200000015
"('28', '6', '6', '7')",0.36212876160000035
"('28', '6', '7', '7')",0.7343364991999979
"('28', '6', '8', '7')",0.9773864509439989
"('28', '6', '9', '7')",0.9999795789823982
"('28', '6', '1', '8')",0.0
"('28', '6', '2', '8')",0.001315000000000003
"('28', '6', '3', '8')",0.004653300000000005
"('28', '6', '4', '8')",0.04491306000000006
"('28', '6', '5', '8')",0.2127639690000001
"('28', '6', '6', '8')",0.543091782199999
"('28', '6', '7', '8')",0.9070465577300023
"('28', '6', '8', '8')",0.9999519676909981
"('28', '6', '9', '8')",0.9999999999265954
"('28', '7', '1', '0')",0.0
"('28', '7', '2', '0')",8.200000000000026e-05
"('28', '7', '3', '0')",0.0005582999999999977
"('28', '7', '4', '0')",0.0017067400000000006
"('28', '7', '5', '0')",0.006568661999999995
"('28', '7', '6', '0')",0.02530509840000004
"('28', '7', '7', '0')",0.07790494202000028
"('28', '7', '8', '0')",0.18764115923699987
"('28', '7', '9', '0')",0.35481046633980007
"('28', '7', '1', '1')",0.0
"('28', '7', '2', '1')",0.00014500000000000006
"('28', '7', '3', '1')",0.0008454250000000011
"('28', '7', '4', '1')",0.0030069437500000085
"('28', '7', '5', '1')",0.01236311568750009
"('28', '7', '6', '1')",0.04448663078281234
"('28', '7', '7', '1')",0.12843290051078038
"('28', '7', '8', '1')",0.2816221390834884
"('28', '7', '9', '1')",0.48294060232418534
"('28', '7', '1', '2')",0.0
"('28', '7', '2', '2')",0.0001899999999999997
"('28', '7', '3', '2')",0.0014345000000000059
"('28', '7', '4', '2')",0.004635309999999984
"('28', '7', '5', '2')",0.02012782099999999
"('28', '7', '6', '2')",0.0719508400999999
"('28', '7', '7', '2')",0.1917777759299996
"('28', '7', '8', '2')",0.38764660170399995
"('28', '7', '9', '2')",0.611520213180298
"('28', '7', '1', '3')",0.0
"('28', '7', '2', '3')",0.00024324999999999943
"('28', '7', '3', '3')",0.001785162499999995
"('28', '7', '4', '3')",0.007072384375000007
"('28', '7', '5', '3')",0.030761818312499974
"('28', '7', '6', '3')",0.10713174280937522
"('28', '7', '7', '3')",0.2714016328451569
"('28', '7', '8', '3')",0.5040010603202407
"('28', '7', '9', '3')",0.7318322877504633
"('28', '7', '1', '4')",0.0
"('28', '7', '2', '4')",0.0003180000000000008
"('28', '7', '3', '4')",0.002294000000000002
"('28', '7', '4', '4')",0.009555919999999966
"('28', '7', '5', '4')",0.044529389999999905
"('28', '7', '6', '4')",0.1518227810999999
"('28', '7', '7', '4')",0.36353397829000084
"('28', '7', '8', '4')",0.6235513804279992
"('28', '7', '9', '4')",0.8322324170430003
"('28', '7', '1', '5')",0.0
"('28', '7', '2', '5')",0.0005537500000000003
"('28', '7', '3', '5')",0.0026279249999999936
"('28', '7', '4', '5')",0.013326364375000007
"('28', '7', '5', '5')",0.061159289156249984
"('28', '7', '6', '5')",0.2062492637109371
"('28', '7', '7', '5')",0.46533058040601527
"('28', '7', '8', '5')",0.7368982538738515
"('28', '7', '9', '5')",0.9122356488393618
"('28', '7', '1', '6')",0.0
"('28', '7', '2', '6')",0.0007965000000000017
"('28', '7', '3', '6')",0.0041919749999999815
"('28', '7', '4', '6')",0.020324350000000043
"('28', '7', '5', '6')",0.09538243912499986
"('28', '7', '6', '6')",0.30914941807031193
"('28', '7', '7', '6')",0.6348008063194533
"('28', '7', '8', '6')",0.8878090215211968
"('28', '7', '9', '6')",0.9841733915392487
"('28', '7', '1', '7')",0.0
"('28', '7', '2', '7')",0.0012599999999999972
"('28', '7', '3', '7')",0.006020799999999992
"('28', '7', '4', '7')",0.033343679999999876
"('28', '7', '5', '7')",0.14729308799999996
"('28', '7', '6', '7')",0.44068846720000004
"('28', '7', '7', '7')",0.795065354240003
"('28', '7', '8', '7')",0.9848854568959962
"('28', '7', '9', '7')",0.9999891472384038
"('28', '7', '1', '8')",0.0
"('28', '7', '2', '8')",0.002028999999999996
"('28', '7', '3', '8')",0.00918179999999999
"('28', '7', '4', '8')",0.06208275999999994
"('28', '7', '5', '8')",0.26501203199999973
"('28', '7', '6', '8')",0.6130300875000009
"('28', '7', '7', '8')",0.9331095676999981
"('28', '7', '8', '8')",0.9999683778390015
"('28', '7', '9', '8')",0.9999999999560056
"('29', '0', '1', '0')",0.0
"('29', '0', '2', '0')",0.0
"('29', '0', '3', '0')",0.0
"('29', '0', '4', '0')",0.0
"('29', '0', '5', '0')",0.0
"('29', '0', '6', '0')",0.0
"('29', '0', '7', '0')",0.0
"('29', '0', '8', '0')",9.690000000000005e-06
"('29', '0', '9', '0')",0.0004276900000000002
"('29', '0', '1', '1')",0.0
"('29', '0', '2', '1')",0.0
"('29', '0', '3', '1')",0.0
"('29', '0', '4', '1')",0.0
"('29', '0', '5', '1')",0.0
"('29', '0', '6', '1')",0.0
"('29', '0', '7', '1')",0.0
"('29', '0', '8', '1')",0.00013812082031250001
"('29', '0', '9', '1')",0.0038696174296874992
"('29', '0', '1', '2')",0.0
"('29', '0', '2', '2')",0.0
"('29', '0', '3', '2')",0.0
"('29', '0', '4', '2')",0.0
"('29', '0', '5', '2')",0.0
"('29', '0', '6', '2')",0.0
"('29', '0', '7', '2')",0.0
"('29', '0', '8', '2')",0.0009446400000000003
"('29', '0', '9', '2')",0.018519440000000005
"('29', '0', '1', '3')",0.0
"('29', '0', '2', '3')",0.0
"('29', '0', '3', '3')",0.0
"('29', '0', '4', '3')",0.0
"('29', '0', '5', '3')",0.0
"('29', '0', '6', '3')",0.0
"('29', '0', '7', '3')",0.0
"('29', '0', '8', '3')",0.0042813720703125
"('29', '0', '9', '3')",0.060953434960937476
"('29', '0', '1', '4')",0.0
"('29', '0', '2', '4')",0.0
"('29', '0', '3', '4')",0.0
"('29', '0', '4', '4')",0.0
"('29', '0', '5', '4')",0.0
"('29', '0', '6', '4')",0.0
"('29', '0', '7', '4')",0.0
"('29', '0', '8', '4')",0.014898329999999996
"('29', '0', '9', '4')",0.155316042
"('29', '0', '1', '5')",0.0
"('29', '0', '2', '5')",0.0
"('29', '0', '3', '5')",0.0
"('29', '0', '4', '5')",0.0
"('29', '0', '5', '5')",0.0
"('29', '0', '6', '5')",0.0
"('29', '0', '7', '5')",0.0
"('29', '0', '8', '5')",0.043111924570312474
"('29', '0', '9', '5')",0.3252002657421875
"('29', '0', '1', '6')",0.0
"('29', '0', '2', '6')",0.0
"('29', '0', '3', '6')",0.0
"('29', '0', '4', '6')",0.0
"('29', '0', '5', '6')",0.0
"('29', '0', '6', '6')",0.0
"('29', '0', '7', '6')",0.0
"('29', '0', '8', '6')",0.16983276644531264
"('29', '0', '9', '6')",0.7134969094453129
"('29', '0', '1', '7')",0.0
"('29', '0', '2', '7')",0.0
"('29', '0', '3', '7')",0.0
"('29', '0', '4', '7')",0.0
"('29', '0', '5', '7')",0.0
"('29', '0', '6', '7')",0.0
"('29', '0', '7', '7')",0.0
"('29', '0', '8', '7')",0.5940863999999999
"('29', '0', '9', '7')",0.9961989120000001
"('29', '0', '1', '8')",0.0
"('29', '0', '2', '8')",0.0
"('29', '0', '3', '8')",0.0
"('29', '0', '4', '8')",0.0
"('29', '0', '5', '8')",0.0
"('29', '0', '6', '8')",0.0
"('29', '0', '7', '8')",0.0
"('29', '0', '8', '8')",0.9949756500000004
"('29', '0', '9', '8')",0.9999999180000005
"('29', '1', '1', '0')",0.0
"('29', '1', '2', '0')",0.0
"('29', '1', '3', '0')",0.0
"('29', '1', '4', '0')",0.0
"('29', '1', '5', '0')",0.0
"('29', '1', '6', '0')",1.0556399999999979e-05
"('29', '1', '7', '0')",0.00020329416999999945
"('29', '1', '8', '0')",0.0017102651789999942
"('29', '1', '9', '0')",0.009628788778099999
"('29', '1', '1', '1')",0.0
"('29', '1', '2', '1')",0.0
"('29', '1', '3', '1')",0.0
"('29', '1', '4', '1')",0.0
"('29', '1', '5', '1')",0.0
"('29', '1', '6', '1')",6.923842031249975e-05
"('29', '1', '7', '1')",0.0009547466974218745
"('29', '1', '8', '1')",0.006455466586324226
"('29', '1', '9', '1')",0.029520492030653638
"('29', '1', '1', '2')",0.0
"('29', '1', '2', '2')",0.0
"('29', '1', '3', '2')",0.0
"('29', '1', '4', '2')",0.0
"('29', '1', '5', '2')",0.0
"('29', '1', '6', '2')",0.00025613360000000137
"('29', '1', '7', '2')",0.002848504960000002
"('29', '1', '8', '2')",0.01763046305799999
"('29', '1', '9', '2')",0.0705771178847
"('29', '1', '1', '3')",0.0
"('29', '1', '2', '3')",0.0
"('29', '1', '3', '3')",0.0
"('29', '1', '4', '3')",0.0
"('29', '1', '5', '3')",0.0
"('29', '1', '6', '3')",0.0007003097656249977
"('29', '1', '7', '3')",0.007201225548046881
"('29', '1', '8', '3')",0.03852737328469906
"('29', '1', '9', '3')",0.1464782399561832
"('29', '1', '1', '4')",0.0
"('29', '1', '2', '4')",0.0
"('29', '1', '3', '4')",0.0
"('29', '1', '4', '4')",0.0
"('29', '1', '5', '4')",0.0
"('29', '1', '6', '4')",0.0016549028999999986
"('29', '1', '7', '4')",0.014763281909999988
"('29', '1', '8', '4')",0.07631577250499998
"('29', '1', '9', '4')",0.2668933889174008
"('29', '1', '1', '5')",0.0
"('29', '1', '2', '5')",0.0
"('29', '1', '3', '5')",0.0
"('29', '1', '4', '5')",0.0
"('29', '1', '5', '5')",0.0
"('29', '1', '6', '5')",0.003662705134374997
"('29', '1', '7', '5')",0.027862195027187557
"('29', '1', '8', '5')",0.1388931620593202
"('29', '1', '9', '5')",0.44383355050426054
"('29', '1', '1', '6')",0.0
"('29', '1', '2', '6')",0.0
"('29', '1', '3', '6')",0.0
"('29', '1', '4', '6')",0.0
"('29', '1', '5', '6')",0.0
"('29', '1', '6', '6')",0.008437733043750088
"('29', '1', '7', '6')",0.06455044155656238
"('29', '1', '8', '6')",0.3110971917680876
"('29', '1', '9', '6')",0.7821730235344546
"('29', '1', '1', '7')",0.0
"('29', '1', '2', '7')",0.0
"('29', '1', '3', '7')",0.0
"('29', '1', '4', '7')",0.0
"('29', '1', '5', '7')",0.0
"('29', '1', '6', '7')",0.02113637760000001
"('29', '1', '7', '7')",0.13231112832000014
"('29', '1', '8', '7')",0.691627700224001
"('29', '1', '9', '7')",0.9973625036800013
"('29', '1', '1', '8')",0.0
"('29', '1', '2', '8')",0.0
"('29', '1', '3', '8')",0.0
"('29', '1', '4', '8')",0.0
"('29', '1', '5', '8')",0.0
"('29', '1', '6', '8')",0.036354646799999696
"('29', '1', '7', '8')",0.20129644431000018
"('29', '1', '8', '8')",0.9963023355700011
"('29', '1', '9', '8')",0.9999999429622977
"('29', '2', '1', '0')",0.0
"('29', '2', '2', '0')",0.0
"('29', '2', '3', '0')",1.2200000000000014e-05
"('29', '2', '4', '0')",2.7900000000000004e-05
"('29', '2', '5', '0')",7.81670000000001e-05
"('29', '2', '6', '0')",0.0003215949000000011
"('29', '2', '7', '0')",0.001590290910000004
"('29', '2', '8', '0')",0.007637165238000031
"('29', '2', '9', '0')",0.029189758031100018
"('29', '2', '1', '1')",0.0
"('29', '2', '2', '1')",0.0
"('29', '2', '3', '1')",1.1174999999999963e-05
"('29', '2', '4', '1')",6.141374999999992e-05
"('29', '2', '5', '1')",0.00014972709374999984
"('29', '2', '6', '1')",0.0008324482421874983
"('29', '2', '7', '1')",0.004447257322031274
"('29', '2', '8', '1')",0.020195021467527337
"('29', '2', '9', '1')",0.06838844315878502
"('29', '2', '1', '2')",0.0
"('29', '2', '2', '2')",0.0
"('29', '2', '3', '2')",2.79999999999999e-05
"('29', '2', '4', '2')",6.755999999999996e-05
"('29', '2', '5', '2')",0.00031519899999999984
"('29', '2', '6', '2')",0.0019499634000000054
"('29', '2', '7', '2')",0.010844450589999999
"('29', '2', '8', '2')",0.045261590805000036
"('29', '2', '9', '2')",0.13641294648160035
"('29', '2', '1', '3')",0.0
"('29', '2', '2', '3')",0.0
"('29', '2', '3', '3')",3.799999999999981e-05
"('29', '2', '4', '3')",0.00010095624999999968
"('29', '2', '5', '3')",0.0005480150624999999
"('29', '2', '6', '3')",0.003887393204687493
"('29', '2', '7', '3')",0.02176970004945312
"('29', '2', '8', '3')",0.08601409175694126
"('29', '2', '9', '3')",0.23607673277344285
"('29', '2', '1', '4')",0.0
"('29', '2', '2', '4')",0.0
"('29', '2', '3', '4')",5.1599999999999974e-05
"('29', '2', '4', '4')",0.00018143999999999867
"('29', '2', '5', '4')",0.000768662000000001
"('29', '2', '6', '4')",0.007147032699999992
"('29', '2', '7', '4')",0.04064780795000009
"('29', '2', '8', '4')",0.14834033477999958
"('29', '2', '9', '4')",0.37335659817810063
"('29', '2', '1', '5')",0.0
"('29', '2', '2', '5')",0.0
"('29', '2', '3', '5')",8.032500000000019e-05
"('29', '2', '4', '5')",0.00021069562500000021
"('29', '2', '5', '5')",0.0012486493437499975
"('29', '2', '6', '5')",0.012791900773437469
"('29', '2', '7', '5')",0.06828417393749985
"('29', '2', '8', '5')",0.23690439897751117
"('29', '2', '9', '5')",0.5465566047175093
"('29', '2', '1', '6')",0.0
"('29', '2', '2', '6')",0.0
"('29', '2', '3', '6')",9.416249999999984e-05
"('29', '2', '4', '6')",0.0003013593749999995
"('29', '2', '5', '6')",0.002510808750000001
"('29', '2', '6', '6')",0.028213520667187585
"('29', '2', '7', '6')",0.13731003294890667
"('29', '2', '8', '6')",0.43553154261468824
"('29', '2', '9', '6')",0.8355095663084002
"('29', '2', '1', '7')",0.0
"('29', '2', '2', '7')",0.0
"('29', '2', '3', '7')",0.00014159999999999927
"('29', '2', '4', '7')",0.00047040000000000075
"('29', '2', '5', '7')",0.004170944000000017
"('29', '2', '6', '7')",0.05518902399999996
"('29', '2', '7', '7')",0.2568581414399998
"('29', '2', '8', '7')",0.7698818785279997
"('29', '2', '9', '7')",0.998171086848
"('29', '2', '1', '8')",0.0
"('29', '2', '2', '8')",0.0
"('29', '2', '3', '8')",8.19000000000002e-05
"('29', '2', '4', '8')",0.00033398999999999934
"('29', '2', '5', '8')",0.0068795030000000056
"('29', '2', '6', '8')",0.09400443809999966
"('29', '2', '7', '8')",0.3788190011699995
"('29', '2', '8', '8')",0.9973250746300019
"('29', '2', '9', '8')",0.9999999612381965
"('29', '3', '1', '0')",0.0
"('29', '3', '2', '0')",0.0
"('29', '3', '3', '0')",2.7900000000000126e-05
"('29', '3', '4', '0')",9.757000000000034e-05
"('29', '3', '5', '0')",0.00031362799999999993
"('29', '3', '6', '0')",0.0012061229000000018
"('29', '3', '7', '0')",0.004882598020000001
"('29', '3', '8', '0')",0.019187600743999927
"('29', '3', '9', '0')",0.05959071813920021
"('29', '3', '1', '1')",0.0
"('29', '3', '2', '1')",2.25000000000002e-06
"('29', '3', '3', '1')",4.470000000000002e-05
"('29', '3', '4', '1')",0.00010471437500000009
"('29', '3', '5', '1')",0.0005568085312500032
"('29', '3', '6', '1')",0.0026537193234375043
"('29', '3', '7', '1')",0.011719024342656283
"('29', '3', '8', '1')",0.04375979233542565
"('29', '3', '9', '1')",0.120542247756237
"('29', '3', '1', '2')",0.0
"('29', '3', '2', '2')",0.0
"('29', '3', '3', '2')",6.119999999999993e-05
"('29', '3', '4', '2')",0.0002829500000000002
"('29', '3', '5', '2')",0.001121647000000001
"('29', '3', '6', '2')",0.005367834600000001
"('29', '3', '7', '2')",0.024452369720000082
"('29', '3', '8', '2')",0.08223470673199969
"('29', '3', '9', '2')",0.2089620820306004
"('29', '3', '1', '3')",0.0
"('29', '3', '2', '3')",0.0
"('29', '3', '3', '3')",0.0001472499999999998
"('29', '3', '4', '3')",0.0003977168750000012
"('29', '3', '5', '3')",0.0016610883124999981
"('29', '3', '6', '3')",0.010298851206249958
"('29', '3', '7', '3')",0.04476279213671878
"('29', '3', '8', '3')",0.14214672843240203
"('29', '3', '9', '3')",0.3261673012859467
"('29', '3', '1', '4')",0.0
"('29', '3', '2', '4')",9.000000000000051e-06
"('29', '3', '3', '4')",0.00018029999999999902
"('29', '3', '4', '4')",0.0005396399999999975
"('29', '3', '5', '4')",0.0027053580000000006
"('29', '3', '6', '4')",0.017237097300000122
"('29', '3', '7', '4')",0.0745864518099999
"('29', '3', '8', '4')",0.22392301889799937
"('29', '3', '9', '4')",0.4721958058231003
"('29', '3', '1', '5')",0.0
"('29', '3', '2', '5')",1.2249999999999993e-05
"('29', '3', '3', '5')",0.0002047750000000005
"('29', '3', '4', '5')",0.0006777618749999978
"('29', '3', '5', '5')",0.004413654312500008
"('29', '3', '6', '5')",0.02833189671250005
"('29', '3', '7', '5')",0.11900673242781229
"('29', '3', '8', '5')",0.3329171008533743
"('29', '3', '9', '5')",0.6346713694502022
"('29', '3', '1', '6')",0.0
"('29', '3', '2', '6')",2.025000000000004e-05
"('29', '3', '3', '6')",0.00013263750000000056
"('29', '3', '4', '6')",0.0009036506250000023
"('29', '3', '5', '6')",0.0078467405625
"('29', '3', '6', '6')",0.05646124499062499
"('29', '3', '7', '6')",0.21791748804835917
"('29', '3', '8', '6')",0.542663112341553
"('29', '3', '9', '6')",0.8781203466625618
"('29', '3', '1', '7')",0.0
"('29', '3', '2', '7')",2.4000000000000014e-05
"('29', '3', '3', '7')",0.00044879999999999915
"('29', '3', '4', '7')",0.0018419199999999936
"('29', '3', '5', '7')",0.012764383999999976
"('29', '3', '6', '7')",0.10100835199999977
"('29', '3', '7', '7')",0.3693553932800002
"('29', '3', '8', '7')",0.8280979824640017
"('29', '3', '9', '7')",0.9987641352192018
"('29', '3', '1', '8')",0.0
"('29', '3', '2', '8')",8.100000000000009e-05
"('29', '3', '3', '8')",0.0006578999999999991
"('29', '3', '4', '8')",0.002439820000000014
"('29', '3', '5', '8')",0.024141342999999996
"('29', '3', '6', '8')",0.16420901079999956
"('29', '3', '7', '8')",0.514045160569998
"('29', '3', '8', '8')",0.9980669582070033
"('29', '3', '9', '8')",0.999999974002997
"('29', '4', '1', '0')",0.0
"('29', '4', '2', '0')",3.0000000000000005e-06
"('29', '4', '3', '0')",7.060000000000012e-05
"('29', '4', '4', '0')",0.00021116999999999992
"('29', '4', '5', '0')",0.000771043999999998
"('29', '4', '6', '0')",0.0028675266000000063
"('29', '4', '7', '0')",0.01116007013999997
"('29', '4', '8', '0')",0.03769020249300014
"('29', '4', '9', '0')",0.1008950797228999
"('29', '4', '1', '1')",0.0
"('29', '4', '2', '1')",2.2500000000000136e-06
"('29', '4', '3', '1')",8.867500000000029e-05
"('29', '4', '4', '1')",0.0003747281250000004
"('29', '4', '5', '1')",0.0013667968750000045
"('29', '4', '6', '1')",0.006059657439062517
"('29', '4', '7', '1')",0.02386382988453115
"('29', '4', '8', '1')",0.07429992581890627
"('29', '4', '9', '1')",0.18063904142620085
"('29', '4', '1', '2')",0.0
"('29', '4', '2', '2')",1.2000000000000005e-05
"('29', '4', '3', '2')",0.0001951000000000002
"('29', '4', '4', '2')",0.0006580699999999987
"('29', '4', '5', '2')",0.00253727300000001
"('29', '4', '6', '2')",0.011771098499999964
"('29', '4', '7', '2')",0.04515179700000007
"('29', '4', '8', '2')",0.13011386397300054
"('29', '4', '9', '2')",0.28789346235319835
"('29', '4', '1', '3')",0.0
"('29', '4', '2', '3')",1.0000000000000021e-05
"('29', '4', '3', '3')",0.0003419125000000016
"('29', '4', '4', '3')",0.0008939606250000014
"('29', '4', '5', '3')",0.004206333437500007
"('29', '4', '6', '3')",0.01991151604218754
"('29', '4', '7', '3')",0.0756903374563283
"('29', '4', '8', '3')",0.20679535110690248
"('29', '4', '9', '3')",0.41399138434894656
"('29', '4', '1', '4')",0.0
"('29', '4', '2', '4')",6.000000000000001e-06
"('29', '4', '3', '4')",0.00040639999999999974
"('29', '4', '4', '4')",0.0011971700000000009
"('29', '4', '5', '4')",0.006657883000000001
"('29', '4', '6', '4')",0.03260265390000021
"('29', '4', '7', '4')",0.12009087658
"('29', '4', '8', '4')",0.30623380076200013
"('29', '4', '9', '4')",0.5612256534417028
"('29', '4', '1', '5')",0.0
"('29', '4', '2', '5')",1.7499999999999954e-05
"('29', '4', '3', '5')",0.000440112500000001
"('29', '4', '4', '5')",0.0016013093749999965
"('29', '4', '5', '5')",0.009819868343750033
"('29', '4', '6', '5')",0.049929714553124824
"('29', '4', '7', '5')",0.1800332414489836
"('29', '4', '8', '5')",0.42304974707697934
"('29', '4', '9', '5')",0.7095482570300369
"('29', '4', '1', '6')",0.0
"('29', '4', '2', '6')",2.2499999999999937e-05
"('29', '4', '3', '6')",0.0005757749999999993
"('29', '4', '4', '6')",0.002290359375000001
"('29', '4', '5', '6')",0.016624755062500027
"('29', '4', '6', '6')",0.0925469924468747
"('29', '4', '7', '6')",0.30529125168257804
"('29', '4', '8', '6')",0.6324243471104798
"('29', '4', '9', '6')",0.9106323407818624
"('29', '4', '1', '7')",0.0
"('29', '4', '2', '7')",0.0
"('29', '4', '3', '7')",0.0008304000000000018
"('29', '4', '4', '7')",0.0037942400000000025
"('29', '4', '5', '7')",0.027587615999999985
"('29', '4', '6', '7')",0.15811051520000002
"('29', '4', '7', '7')",0.47198970752000163
"('29', '4', '8', '7')",0.8747985346559984
"('29', '4', '9', '7')",0.9991717691392024
"('29', '4', '1', '8')",0.0
"('29', '4', '2', '8')",8.100000000000003e-05
"('29', '4', '3', '8')",0.0012771999999999977
"('29', '4', '4', '8')",0.006102460000000008
"('29', '4', '5', '8')",0.044785473999999846
"('29', '4', '6', '8')",0.24157880509999977
"('29', '4', '7', '8')",0.6232923995299994
"('29', '4', '8', '8')",0.9986562625280013
"('29', '4', '9', '8')",0.9999999829980976
"('29', '5', '1', '0')",0.0
"('29', '5', '2', '0')",9.000000000000085e-06
"('29', '5', '3', '0')",0.00012869999999999985
"('29', '5', '4', '0')",0.00042938999999999857
"('29', '5', '5', '0')",0.0015295499999999995
"('29', '5', '6', '0')",0.005816635199999985
"('29', '5', '7', '0')",0.02081702677000004
"('29', '5', '8', '0')",0.06350093787200016
"('29', '5', '9', '0')",0.15326127802019973
"('29', '5', '1', '1')",0.0
"('29', '5', '2', '1')",1.5000000000000112e-05
"('29', '5', '3', '1')",0.00018337499999999967
"('29', '5', '4', '1')",0.0007737449999999992
"('29', '5', '5', '1')",0.002755016187499998
"('29', '5', '6', '1')",0.011587288318749988
"('29', '5', '7', '1')",0.04140586575140602
"('29', '5', '8', '1')",0.11500330379775037
"('29', '5', '9', '1')",0.2527980165844919
"('29', '5', '1', '2')",0.0
"('29', '5', '2', '2')",1.4000000000000035e-05
"('29', '5', '3', '2')",0.000321500000000001
"('29', '5', '4', '2')",0.0011892999999999997
"('29', '5', '5', '2')",0.004698724000000021
"('29', '5', '6', '2')",0.020943568799999916
"('29', '5', '7', '2')",0.07095651880999995
"('29', '5', '8', '2')",0.18564886678199988
"('29', '5', '9', '2')",0.3669182660528001
"('29', '5', '1', '3')",0.0
"('29', '5', '2', '3')",3.125000000000004e-05
"('29', '5', '3', '3')",0.0005955124999999959
"('29', '5', '4', '3')",0.0016200293749999905
"('29', '5', '5', '3')",0.00791385584374998
"('29', '5', '6', '3')",0.034568319059374956
"('29', '5', '7', '3')",0.11346259344953102
"('29', '5', '8', '3')",0.2777666055110931
"('29', '5', '9', '3')",0.5036756589845012
"('29', '5', '1', '4')",0.0
"('29', '5', '2', '4')",2.9999999999999967e-05
"('29', '5', '3', '4')",0.0006617999999999984
"('29', '5', '4', '4')",0.002294840000000004
"('29', '5', '5', '4')",0.011963723999999957
"('29', '5', '6', '4')",0.053688292999999915
"('29', '5', '7', '4')",0.17131130742000103
"('29', '5', '8', '4')",0.3858173195290007
"('29', '5', '9', '4')",0.6397304778738994
"('29', '5', '1', '5')",0.0
"('29', '5', '2', '5')",5.2499999999999895e-06
"('29', '5', '3', '5')",0.0007642124999999982
"('29', '5', '4', '5')",0.003229171874999999
"('29', '5', '5', '5')",0.017129579375000033
"('29', '5', '6', '5')",0.07895519820624984
"('29', '5', '7', '5')",0.2449207762958594
"('29', '5', '8', '5')",0.5114798663130685
"('29', '5', '9', '5')",0.7738613229861299
"('29', '5', '1', '6')",0.0
"('29', '5', '2', '6')",0.00014174999999999965
"('29', '5', '3', '6')",0.0012659624999999978
"('29', '5', '4', '6')",0.004832842500000005
"('29', '5', '5', '6')",0.03000936056249992
"('29', '5', '6', '6')",0.13477445370625002
"('29', '5', '7', '6')",0.38336997460961
"('29', '5', '8', '6')",0.7123860318060781
"('29', '5', '9', '6')",0.9358096170217141
"('29', '5', '1', '7')",0.0
"('29', '5', '2', '7')",7.20000000000004e-05
"('29', '5', '3', '7')",0.0015440000000000013
"('29', '5', '4', '7')",0.007436480000000014
"('29', '5', '5', '7')",0.046975264000000065
"('29', '5', '6', '7')",0.21882495359999968
"('29', '5', '7', '7')",0.5649977152000009
"('29', '5', '8', '7')",0.9100993044480032
"('29', '5', '9', '7')",0.9994636402688012
"('29', '5', '1', '8')",0.0
"('29', '5', '2', '8')",0.0003329999999999991
"('29', '5', '3', '8')",0.0028422000000000065
"('29', '5', '4', '8')",0.01238213999999998
"('29', '5', '5', '8')",0.07512091699999991
"('29', '5', '6', '8')",0.3204483983000006
"('29', '5', '7', '8')",0.7119707508400019
"('29', '5', '8', '8')",0.9990744441630012
"('29', '5', '9', '8')",0.9999999887099007
"('29', '6', '1', '0')",0.0
"('29', '6', '2', '0')",2.8000000000000118e-05
"('29', '6', '3', '0')",0.0002195999999999996
"('29', '6', '4', '0')",0.0007895399999999987
"('29', '6', '5', '0')",0.0026684919999999854
"('29', '6', '6', '0')",0.010265507399999955
"('29', '6', '7', '0')",0.03485051042999975
"('29', '6', '8', '0')",0.09714011565199988
"('29', '6', '9', '0')",0.21647503917790067
"('29', '6', '1', '1')",0.0
"('29', '6', '2', '1')",3.850000000000001e-05
"('29', '6', '3', '1')",0.00036428749999999966
"('29', '6', '4', '1')",0.0013388193750000037
"('29', '6', '5', '1')",0.0051549014687499945
"('29', '6', '6', '1')",0.019459753487500033
"('29', '6', '7', '1')",0.0630762790787498
"('29', '6', '8', '1')",0.16401423652434785
"('29', '6', '9', '1')",0.32550024414286777
"('29', '6', '1', '2')",0.0
"('29', '6', '2', '2')",4.59999999999997e-05
"('29', '6', '3', '2')",0.0005493999999999983
"('29', '6', '4', '2')",0.0020711399999999913
"('29', '6', '5', '2')",0.008729184000000004
"('29', '6', '6', '2')",0.03361998620000016
"('29', '6', '7', '2')",0.10343314440999977
"('29', '6', '8', '2')",0.24745589756599953
"('29', '6', '9', '2')",0.4497275842498
"('29', '6', '1', '3')",0.0
"('29', '6', '2', '3')",6.625000000000002e-05
"('29', '6', '3', '3')",0.0008376250000000006
"('29', '6', '4', '3')",0.0030298662500000038
"('29', '6', '5', '3')",0.013483341906250048
"('29', '6', '6', '3')",0.05305645618906251
"('29', '6', '7', '3')",0.15854241863101595
"('29', '6', '8', '3')",0.3485889986754368
"('29', '6', '9', '3')",0.5820461805665783
"('29', '6', '1', '4')",0.0
"('29', '6', '2', '4')",7.300000000000013e-05
"('29', '6', '3', '4')",0.0010961999999999966
"('29', '6', '4', '4')",0.004170059999999997
"('29', '6', '5', '4')",0.020169379999999907
"('29', '6', '6', '4')",0.07926285769999976
"('29', '6', '7', '4')",0.2265024904700005
"('29', '6', '8', '4')",0.4650071887659993
"('29', '6', '9', '4')",0.7111043250845944
"('29', '6', '1', '5')",0.0
"('29', '6', '2', '5')",0.00014674999999999958
"('29', '6', '3', '5')",0.0013485000000000049
"('29', '6', '4', '5')",0.005514848124999978
"('29', '6', '5', '5')",0.029609883281250072
"('29', '6', '6', '5')",0.11477043307812469
"('29', '6', '7', '5')",0.3119270369612497
"('29', '6', '8', '5')",0.5876399435641921
"('29', '6', '9', '5')",0.825479970287363
"('29', '6', '1', '6')",0.0
"('29', '6', '2', '6')",0.00012825000000000027
"('29', '6', '3', '6')",0.0019333125000000095
"('29', '6', '4', '6')",0.007974480000000025
"('29', '6', '5', '6')",0.04546020662500002
"('29', '6', '6', '6')",0.18339077430781214
"('29', '6', '7', '6')",0.46324989517968607
"('29', '6', '8', '6')",0.7736670172566608
"('29', '6', '9', '6')",0.9540542960009303
"('29', '6', '1', '7')",0.0
"('29', '6', '2', '7')",0.00014399999999999984
"('29', '6', '3', '7')",0.002535999999999997
"('29', '6', '4', '7')",0.013041440000000008
"('29', '6', '5', '7')",0.07491203199999978
"('29', '6', '6', '7')",0.28516518400000046
"('29', '6', '7', '7')",0.6441804659199989
"('29', '6', '8', '7')",0.936890314751999
"('29', '6', '9', '7')",0.9996651241471968
"('29', '6', '1', '8')",0.0
"('29', '6', '2', '8')",0.0002249999999999997
"('29', '6', '3', '8')",0.004047700000000016
"('29', '6', '4', '8')",0.019913010000000016
"('29', '6', '5', '8')",0.11071669300000023
"('29', '6', '6', '8')",0.3977806420000003
"('29', '6', '7', '8')",0.7815117751999978
"('29', '6', '8', '8')",0.9993727666419967
"('29', '6', '9', '8')",0.9999999930959984
"('29', '7', '1', '0')",0.0
"('29', '7', '2', '0')",2.899999999999992e-05
"('29', '7', '3', '0')",0.0003854000000000001
"('29', '7', '4', '0')",0.0013179300000000027
"('29', '7', '5', '0')",0.00450488600000002
"('29', '7', '6', '0')",0.01722143000000003
"('29', '7', '7', '0')",0.05427958007000005
"('29', '7', '8', '0')",0.14181824093399953
"('29', '7', '9', '0')",0.2836954484697013
"('29', '7', '1', '1')",0.0
"('29', '7', '2', '1')",7.07500000000001e-05
"('29', '7', '3', '1')",0.0006035249999999996
"('29', '7', '4', '1')",0.0022866206249999945
"('29', '7', '5', '1')",0.008349371062500041
"('29', '7', '6', '1')",0.030321654178125
"('29', '7', '7', '1')",0.09237800497843707
"('29', '7', '8', '1')",0.21798559070684315
"('29', '7', '9', '1')",0.400558522850284
"('29', '7', '1', '2')",0.0
"('29', '7', '2', '2')",7.499999999999963e-05
"('29', '7', '3', '2')",0.0007896000000000007
"('29', '7', '4', '2')",0.0030661499999999954
"('29', '7', '5', '2')",0.013210202000000025
"('29', '7', '6', '2')",0.04997138869999988
"('29', '7', '7', '2')",0.14342199030000075
"('29', '7', '8', '2')",0.3138613170430005
"('29', '7', '9', '2')",0.5295607150723008
"('29', '7', '1', '3')",0.0
"('29', '7', '2', '3')",0.00011675000000000002
"('29', '7', '3', '3')",0.0013736500000000034
"('29', '7', '4', '3')",0.004833408124999995
"('29', '7', '5', '3')",0.02102125193750003
"('29', '7', '6', '3')",0.07607308254999996
"('29', '7', '7', '3')",0.20793190313328055
"('29', '7', '8', '3')",0.4217360839140669
"('29', '7', '9', '3')",0.654438347711962
"('29', '7', '1', '4')",0.0
"('29', '7', '2', '4')",0.00011700000000000002
"('29', '7', '3', '4')",0.0013312000000000022
"('29', '7', '4', '4')",0.006322000000000007
"('29', '7', '5', '4')",0.031131478000000084
"('29', '7', '6', '4')",0.11042816610000043
"('29', '7', '7', '4')",0.289365484720001
"('29', '7', '8', '4')",0.5381499990380009
"('29', '7', '9', '4')",0.7701697971863
"('29', '7', '1', '5')",0.0
"('29', '7', '2', '5')",0.00014699999999999953
"('29', '7', '3', '5')",0.0019273750000000024
"('29', '7', '4', '5')",0.008486133749999994
"('29', '7', '5', '5')",0.042949122375000155
"('29', '7', '6', '5')",0.15637180089843725
"('29', '7', '7', '5')",0.38043567188070293
"('29', '7', '8', '5')",0.6594439491252334
"('29', '7', '9', '5')",0.8676482562897797
"('29', '7', '1', '6')",0.0
"('29', '7', '2', '6')",0.00023174999999999983
"('29', '7', '3', '6')",0.0027443374999999983
"('29', '7', '4', '6')",0.013031524374999963
"('29', '7', '5', '6')",0.0696158236562502
"('29', '7', '6', '6')",0.24275380528750037
"('29', '7', '7', '6')",0.5446562619674997
"('29', '7', '8', '6')",0.8267577799548178
"('29', '7', '9', '6')",0.9679166520147833
"('29', '7', '1', '7')",0.0
"('29', '7', '2', '7')",0.00029999999999999884
"('29', '7', '3', '7')",0.0038759999999999897
"('29', '7', '4', '7')",0.018977279999999937
"('29', '7', '5', '7')",0.10483036799999985
"('29', '7', '6', '7')",0.3542186880000002
"('29', '7', '7', '7')",0.7182616025599983
"('29', '7', '8', '7')",0.9555530874880023
"('29', '7', '9', '7')",0.9997997350912009
"('29', '7', '1', '8')",0.0
"('29', '7', '2', '8')",0.0002090000000000013
"('29', '7', '3', '8')",0.005076400000000008
"('29', '7', '4', '8')",0.030948859999999936
"('29', '7', '5', '8')",0.15810805700000038
"('29', '7', '6', '8')",0.4872218927000005
"('29', '7', '7', '8')",0.8368796560299977
"('29', '7', '8', '8')",0.9995650160679989
"('29', '7', '9', '8')",0.9999999957532022
"('30', '0', '1', '0')",0.0
"('30', '0', '2', '0')",0.0
"('30', '0', '3', '0')",0.0
"('30', '0', '4', '0')",0.0
"('30', '0', '5', '0')",0.0
"('30', '0', '6', '0')",0.0
"('30', '0', '7', '0')",0.0
"('30', '0', '8', '0')",1.530000000000001e-06
"('30', '0', '9', '0')",0.00012673000000000003
"('30', '0', '1', '1')",0.0
"('30', '0', '2', '1')",0.0
"('30', '0', '3', '1')",0.0
"('30', '0', '4', '1')",0.0
"('30', '0', '5', '1')",0.0
"('30', '0', '6', '1')",0.0
"('30', '0', '7', '1')",0.0
"('30', '0', '8', '1')",2.7024257812499997e-05
"('30', '0', '9', '1')",0.00141781545703125
"('30', '0', '1', '2')",0.0
"('30', '0', '2', '2')",0.0
"('30', '0', '3', '2')",0.0
"('30', '0', '4', '2')",0.0
"('30', '0', '5', '2')",0.0
"('30', '0', '6', '2')",0.0
"('30', '0', '7', '2')",0.0
"('30', '0', '8', '2')",0.00021504000000000008
"('30', '0', '9', '2')",0.007989440000000004
"('30', '0', '1', '3')",0.0
"('30', '0', '2', '3')",0.0
"('30', '0', '3', '3')",0.0
"('30', '0', '4', '3')",0.0
"('30', '0', '5', '3')",0.0
"('30', '0', '6', '3')",0.0
"('30', '0', '7', '3')",0.0
"('30', '0', '8', '3')",0.0010968017578125
"('30', '0', '9', '3')",0.030264972167968737
"('30', '0', '1', '4')",0.0
"('30', '0', '2', '4')",0.0
"('30', '0', '3', '4')",0.0
"('30', '0', '4', '4')",0.0
"('30', '0', '5', '4')",0.0
"('30', '0', '6', '4')",0.0
"('30', '0', '7', '4')",0.0
"('30', '0', '8', '4')",0.0042063299999999994
"('30', '0', '9', '4')",0.08785989000000001
"('30', '0', '1', '5')",0.0
"('30', '0', '2', '5')",0.0
"('30', '0', '3', '5')",0.0
"('30', '0', '4', '5')",0.0
"('30', '0', '5', '5')",0.0
"('30', '0', '6', '5')",0.0
"('30', '0', '7', '5')",0.0
"('30', '0', '8', '5')",0.013221725507812495
"('30', '0', '9', '5')",0.20925226150390625
"('30', '0', '1', '6')",0.0
"('30', '0', '2', '6')",0.0
"('30', '0', '3', '6')",0.0
"('30', '0', '4', '6')",0.0
"('30', '0', '5', '6')",0.0
"('30', '0', '6', '6')",0.0
"('30', '0', '7', '6')",0.0
"('30', '0', '8', '6')",0.06371064175781253
"('30', '0', '9', '6')",0.5618805288398441
"('30', '0', '1', '7')",0.0
"('30', '0', '2', '7')",0.0
"('30', '0', '3', '7')",0.0
"('30', '0', '4', '7')",0.0
"('30', '0', '5', '7')",0.0
"('30', '0', '6', '7')",0.0
"('30', '0', '7', '7')",0.0
"('30', '0', '8', '7')",0.31539455999999993
"('30', '0', '9', '7')",0.9749652480000002
"('30', '0', '1', '8')",0.0
"('30', '0', '2', '8')",0.0
"('30', '0', '3', '8')",0.0
"('30', '0', '4', '8')",0.0
"('30', '0', '5', '8')",0.0
"('30', '0', '6', '8')",0.0
"('30', '0', '7', '8')",0.0
"('30', '0', '8', '8')",0.9619082100000003
"('30', '0', '9', '8')",0.9999970020000003
"('30', '1', '1', '0')",0.0
"('30', '1', '2', '0')",0.0
"('30', '1', '3', '0')",0.0
"('30', '1', '4', '0')",0.0
"('30', '1', '5', '0')",0.0
"('30', '1', '6', '0')",2.332500000000005e-06
"('30', '1', '7', '0')",7.903546999999974e-05
"('30', '1', '8', '0')",0.0007864622490000023
"('30', '1', '9', '0')",0.005192699887700022
"('30', '1', '1', '1')",0.0
"('30', '1', '2', '1')",0.0
"('30', '1', '3', '1')",0.0
"('30', '1', '4', '1')",0.0
"('30', '1', '5', '1')",0.0
"('30', '1', '6', '1')",1.6956970312499967e-05
"('30', '1', '7', '1')",0.0004127857823437508
"('30', '1', '8', '1')",0.0034805037374375128
"('30', '1', '9', '1')",0.017650818815079926
"('30', '1', '1', '2')",0.0
"('30', '1', '2', '2')",0.0
"('30', '1', '3', '2')",0.0
"('30', '1', '4', '2')",0.0
"('30', '1', '5', '2')",0.0
"('30', '1', '6', '2')",8.011359999999985e-05
"('30', '1', '7', '2')",0.0013441857999999965
"('30', '1', '8', '2')",0.009870040657999998
"('30', '1', '9', '2')",0.04554554769330006
"('30', '1', '1', '3')",0.0
"('30', '1', '2', '3')",0.0
"('30', '1', '3', '3')",0.0
"('30', '1', '4', '3')",0.0
"('30', '1', '5', '3')",0.0
"('30', '1', '6', '3')",0.00025440234374999937
"('30', '1', '7', '3')",0.003906132064453132
"('30', '1', '8', '3')",0.02354497082626947
"('30', '1', '9', '3')",0.09653523602679832
"('30', '1', '1', '4')",0.0
"('30', '1', '2', '4')",0.0
"('30', '1', '3', '4')",0.0
"('30', '1', '4', '4')",0.0
"('30', '1', '5', '4')",0.0
"('30', '1', '6', '4')",0.0006793227000000007
"('30', '1', '7', '4')",0.00846446904
"('30', '1', '8', '4')",0.046992770252000146
"('30', '1', '9', '4')",0.18667719817810008
"('30', '1', '1', '5')",0.0
"('30', '1', '2', '5')",0.0
"('30', '1', '3', '5')",0.0
"('30', '1', '4', '5')",0.0
"('30', '1', '5', '5')",0.0
"('30', '1', '6', '5')",0.0015855116046875064
"('30', '1', '7', '5')",0.016599977337343745
"('30', '1', '8', '5')",0.08780492144018721
"('30', '1', '9', '5')",0.3289999669853564
"('30', '1', '1', '6')",0.0
"('30', '1', '2', '6')",0.0
"('30', '1', '3', '6')",0.0
"('30', '1', '4', '6')",0.0
"('30', '1', '5', '6')",0.0
"('30', '1', '6', '6')",0.004686368526562487
"('30', '1', '7', '6')",0.03887035643109375
"('30', '1', '8', '6')",0.19588793481689093
"('30', '1', '9', '6')",0.658384411961732
"('30', '1', '1', '7')",0.0
"('30', '1', '2', '7')",0.0
"('30', '1', '3', '7')",0.0
"('30', '1', '4', '7')",0.0
"('30', '1', '5', '7')",0.0
"('30', '1', '6', '7')",0.013262745599999974
"('30', '1', '7', '7')",0.0890824435200003
"('30', '1', '8', '7')",0.4656685445120002
"('30', '1', '9', '7')",0.9823010660352032
"('30', '1', '1', '8')",0.0
"('30', '1', '2', '8')",0.0
"('30', '1', '3', '8')",0.0
"('30', '1', '4', '8')",0.0
"('30', '1', '5', '8')",0.0
"('30', '1', '6', '8')",0.032958527399999916
"('30', '1', '7', '8')",0.16514698311000048
"('30', '1', '8', '8')",0.9715684779020018
"('30', '1', '9', '8')",0.9999978968173016
"('30', '2', '1', '0')",0.0
"('30', '2', '2', '0')",0.0
"('30', '2', '3', '0')",1.7000000000000144e-06
"('30', '2', '4', '0')",2.0170000000000005e-05
"('30', '2', '5', '0')",6.49340000000002e-05
"('30', '2', '6', '0')",0.0001719055999999995
"('30', '2', '7', '0')",0.0008242417400000011
"('30', '2', '8', '0')",0.004350064423000009
"('30', '2', '9', '0')",0.01752066823340001
"('30', '2', '1', '1')",0.0
"('30', '2', '2', '1')",0.0
"('30', '2', '3', '1')",8.399999999999969e-06
"('30', '2', '4', '1')",2.5003125000000003e-05
"('30', '2', '5', '1')",9.144671875000021e-05
"('30', '2', '6', '1')",0.0004670837312500001
"('30', '2', '7', '1')",0.0025795042022656186
"('30', '2', '8', '1')",0.01209378792346871
"('30', '2', '9', '1')",0.0457206985551846
"('30', '2', '1', '2')",0.0
"('30', '2', '2', '2')",0.0
"('30', '2', '3', '2')",9.800000000000011e-06
"('30', '2', '4', '2')",4.974000000000005e-05
"('30', '2', '5', '2')",0.00020620799999999993
"('30', '2', '6', '2')",0.0010487930999999993
"('30', '2', '7', '2')",0.006295588369999994
"('30', '2', '8', '2')",0.028775691090999984
"('30', '2', '9', '2')",0.09523158122399979
"('30', '2', '1', '3')",0.0
"('30', '2', '2', '3')",0.0
"('30', '2', '3', '3')",4.156250000000006e-05
"('30', '2', '4', '3')",8.225937500000003e-05
"('30', '2', '5', '3')",0.0003259343749999994
"('30', '2', '6', '3')",0.002016191485937494
"('30', '2', '7', '3')",0.01295296005624997
"('30', '2', '8', '3')",0.057046993245828174
"('30', '2', '9', '3')",0.1733755536851036
"('30', '2', '1', '4')",0.0
"('30', '2', '2', '4')",0.0
"('30', '2', '3', '4')",4.019999999999982e-05
"('30', '2', '4', '4')",0.00011013000000000002
"('30', '2', '5', '4')",0.0005236510000000024
"('30', '2', '6', '4')",0.003951606800000009
"('30', '2', '7', '4')",0.024731017919999983
"('30', '2', '8', '4')",0.10347559317500024
"('30', '2', '9', '4')",0.28638996106950115
"('30', '2', '1', '5')",0.0
"('30', '2', '2', '5')",0.0
"('30', '2', '3', '5')",4.8999999999999954e-06
"('30', '2', '4', '5')",0.00013765500000000028
"('30', '2', '5', '5')",0.0009468889687500011
"('30', '2', '6', '5')",0.007214239179687496
"('30', '2', '7', '5')",0.04439406383773441
"('30', '2', '8', '5')",0.168587081503789
"('30', '2', '9', '5')",0.44025401448861357
"('30', '2', '1', '6')",0.0
"('30', '2', '2', '6')",0.0
"('30', '2', '3', '6')",4.556250000000006e-05
"('30', '2', '4', '6')",0.000193955625
"('30', '2', '5', '6')",0.0014447075625000016
"('30', '2', '6', '6')",0.016596406054687547
"('30', '2', '7', '6')",0.09060784595156288
"('30', '2', '8', '6')",0.3192204309976402
"('30', '2', '9', '6')",0.7364207264292268
"('30', '2', '1', '7')",0.0
"('30', '2', '2', '7')",0.0
"('30', '2', '3', '7')",0.0002040000000000018
"('30', '2', '4', '7')",0.00026927999999999967
"('30', '2', '5', '7')",0.003426976000000016
"('30', '2', '6', '7')",0.03848950400000004
"('30', '2', '7', '7')",0.18620422528000016
"('30', '2', '8', '7')",0.5879803351039993
"('30', '2', '9', '7')",0.9873952448512003
"('30', '2', '1', '8')",0.0
"('30', '2', '2', '8')",0.0
"('30', '2', '3', '8')",0.0003779999999999985
"('30', '2', '4', '8')",0.0005365800000000004
"('30', '2', '5', '8')",0.005113208999999991
"('30', '2', '6', '8')",0.07303022100000028
"('30', '2', '7', '8')",0.3069463041800007
"('30', '2', '8', '8')",0.9791060653109993
"('30', '2', '9', '8')",0.9999985313912998
"('30', '3', '1', '0')",0.0
"('30', '3', '2', '0')",4.000000000000011e-06
"('30', '3', '3', '0')",1.8000000000000004e-05
"('30', '3', '4', '0')",6.570999999999982e-05
"('30', '3', '5', '0')",0.00016793999999999997
"('30', '3', '6', '0')",0.0006834224000000025
"('30', '3', '7', '0')",0.003023047149999992
"('30', '3', '8', '0')",0.011708881901000012
"('30', '3', '9', '0')",0.04011367608840004
"('30', '3', '1', '1')",0.0
"('30', '3', '2', '1')",0.0
"('30', '3', '3', '1')",2.7374999999999876e-05
"('30', '3', '4', '1')",9.895312499999992e-05
"('30', '3', '5', '1')",0.00036453703124999766
"('30', '3', '6', '1')",0.0015877801828125015
"('30', '3', '7', '1')",0.007315722590312498
"('30', '3', '8', '1')",0.02825531441129298
"('30', '3', '9', '1')",0.0854216344832159
"('30', '3', '1', '2')",0.0
"('30', '3', '2', '2')",0.0
"('30', '3', '3', '2')",2.9300000000000055e-05
"('30', '3', '4', '2')",0.00014942000000000045
"('30', '3', '5', '2')",0.0006687780000000026
"('30', '3', '6', '2')",0.0032682443000000044
"('30', '3', '7', '2')",0.015298721770000067
"('30', '3', '8', '2')",0.05664939801900001
"('30', '3', '9', '2')",0.15563912414309983
"('30', '3', '1', '3')",0.0
"('30', '3', '2', '3')",0.0
"('30', '3', '3', '3')",5.162500000000005e-05
"('30', '3', '4', '3')",0.00023038062499999973
"('30', '3', '5', '3')",0.0010966300312500032
"('30', '3', '6', '3')",0.006089606096875014
"('30', '3', '7', '3')",0.02953849099460928
"('30', '3', '8', '3')",0.10178762821873043
"('30', '3', '9', '3')",0.25318145331586556
"('30', '3', '1', '4')",0.0
"('30', '3', '2', '4')",0.0
"('30', '3', '3', '4')",0.0001294000000000001
"('30', '3', '4', '4')",0.0003515299999999998
"('30', '3', '5', '4')",0.001698569000000002
"('30', '3', '6', '4')",0.010725893400000025
"('30', '3', '7', '4')",0.05038632643000002
"('30', '3', '8', '4')",0.16820996958199963
"('30', '3', '9', '4')",0.38149669049760077
"('30', '3', '1', '5')",0.0
"('30', '3', '2', '5')",0.0
"('30', '3', '3', '5')",0.00019608749999999937
"('30', '3', '4', '5')",0.0005154774999999987
"('30', '3', '5', '5')",0.003115391437499995
"('30', '3', '6', '5')",0.017396294360937557
"('30', '3', '7', '5')",0.08345224086875005
"('30', '3', '8', '5')",0.2533748293473516
"('30', '3', '9', '5')",0.5360758852961135
"('30', '3', '1', '6')",0.0
"('30', '3', '2', '6')",0.0
"('30', '3', '3', '6')",0.00024536250000000033
"('30', '3', '4', '6')",0.0006091368749999985
"('30', '3', '5', '6')",0.00520638665624999
"('30', '3', '6', '6')",0.03618291974218755
"('30', '3', '7', '6')",0.15390685375515678
"('30', '3', '8', '6')",0.43091767823637456
"('30', '3', '9', '6')",0.798841562100056
"('30', '3', '1', '7')",0.0
"('30', '3', '2', '7')",0.0
"('30', '3', '3', '7')",0.00028080000000000135
"('30', '3', '4', '7')",0.0010473600000000052
"('30', '3', '5', '7')",0.00969135999999999
"('30', '3', '6', '7')",0.07428272640000014
"('30', '3', '7', '7')",0.28571381376000005
"('30', '3', '8', '7')",0.6835504148480017
"('30', '3', '9', '7')",0.9913143173119983
"('30', '3', '1', '8')",0.0
"('30', '3', '2', '8')",0.0
"('30', '3', '3', '8')",0.0006202000000000004
"('30', '3', '4', '8')",0.001999889999999991
"('30', '3', '5', '8')",0.015176774000000013
"('30', '3', '6', '8')",0.12968896860000112
"('30', '3', '7', '8')",0.4298158665199986
"('30', '3', '8', '8')",0.9845427826919987
"('30', '3', '9', '8')",0.9999989991552013
"('30', '4', '1', '0')",0.0
"('30', '4', '2', '0')",4.00000000000001e-06
"('30', '4', '3', '0')",4.440000000000002e-05
"('30', '4', '4', '0')",0.00013375999999999913
"('30', '4', '5', '0')",0.00046469599999999985
"('30', '4', '6', '0')",0.0017492738000000048
"('30', '4', '7', '0')",0.007001967179999989
"('30', '4', '8', '0')",0.024832643933000012
"('30', '4', '9', '0')",0.07143657475559961
"('30', '4', '1', '1')",0.0
"('30', '4', '2', '1')",7.500000000000025e-06
"('30', '4', '3', '1')",5.86374999999999e-05
"('30', '4', '4', '1')",0.0002876150000000007
"('30', '4', '5', '1')",0.0009350432812500027
"('30', '4', '6', '1')",0.0038674353765624685
"('30', '4', '7', '1')",0.015389769115781257
"('30', '4', '8', '1')",0.0513215972733633
"('30', '4', '9', '1')",0.13536559892945518
"('30', '4', '1', '2')",0.0
"('30', '4', '2', '2')",1.2000000000000012e-05
"('30', '4', '3', '2')",0.00012760000000000007
"('30', '4', '4', '2')",0.0004034800000000019
"('30', '4', '5', '2')",0.0016534990000000003
"('30', '4', '6', '2')",0.0071245334999999925
"('30', '4', '7', '2')",0.029335795240000042
"('30', '4', '8', '2')",0.09373651408200005
"('30', '4', '9', '2')",0.22297765287330057
"('30', '4', '1', '3')",0.0
"('30', '4', '2', '3')",6.2500000000000105e-06
"('30', '4', '3', '3')",0.0001476874999999997
"('30', '4', '4', '3')",0.0005724362499999993
"('30', '4', '5', '3')",0.002909573437499996
"('30', '4', '6', '3')",0.012363629203125025
"('30', '4', '7', '3')",0.051829012762499974
"('30', '4', '8', '3')",0.1525742472887812
"('30', '4', '9', '3')",0.33656167076443927
"('30', '4', '1', '4')",0.0
"('30', '4', '2', '4')",3.0000000000000018e-06
"('30', '4', '3', '4')",0.0002130999999999994
"('30', '4', '4', '4')",0.0007601800000000033
"('30', '4', '5', '4')",0.004209657999999992
"('30', '4', '6', '4')",0.021545216600000004
"('30', '4', '7', '4')",0.08297462334000001
"('30', '4', '8', '4')",0.23487090365699986
"('30', '4', '9', '4')",0.4732429839714006
"('30', '4', '1', '5')",0.0
"('30', '4', '2', '5')",3.325000000000007e-05
"('30', '4', '3', '5')",0.0003714374999999999
"('30', '4', '4', '5')",0.0011752787500000014
"('30', '4', '5', '5')",0.006429904281250002
"('30', '4', '6', '5')",0.03335201786718736
"('30', '4', '7', '5')",0.12811524255882817
"('30', '4', '8', '5')",0.3400500851569814
"('30', '4', '9', '5')",0.6219644903740184
"('30', '4', '1', '6')",0.0
"('30', '4', '2', '6')",4.050000000000018e-05
"('30', '4', '3', '6')",0.0004576500000000018
"('30', '4', '4', '6')",0.0018258412500000035
"('30', '4', '5', '6')",0.011202144218750014
"('30', '4', '6', '6')",0.06090646081562474
"('30', '4', '7', '6')",0.22635943196726532
"('30', '4', '8', '6')",0.5289264490663166
"('30', '4', '9', '6')",0.8493352320181807
"('30', '4', '1', '7')",0.0
"('30', '4', '2', '7')",0.0
"('30', '4', '3', '7')",0.000736799999999999
"('30', '4', '4', '7')",0.002635200000000008
"('30', '4', '5', '7')",0.018602719999999965
"('30', '4', '6', '7')",0.11949967359999972
"('30', '4', '7', '7')",0.37894276991999915
"('30', '4', '8', '7')",0.7593534709760019
"('30', '4', '9', '7')",0.9940487151616009
"('30', '4', '1', '8')",0.0
"('30', '4', '2', '8')",9.000000000000017e-06
"('30', '4', '3', '8')",0.0008999999999999975
"('30', '4', '4', '8')",0.004572410000000015
"('30', '4', '5', '8')",0.03171838899999999
"('30', '4', '6', '8')",0.1890024408000003
"('30', '4', '7', '8')",0.5485306480199993
"('30', '4', '8', '8')",0.9890868163230001
"('30', '4', '9', '8')",0.9999993253537974
"('30', '5', '1', '0')",0.0
"('30', '5', '2', '0')",2.9999999999999984e-06
"('30', '5', '3', '0')",6.180000000000009e-05
"('30', '5', '4', '0')",0.00029794999999999654
"('30', '5', '5', '0')",0.001061727999999999
"('30', '5', '6', '0')",0.0037965116999999922
"('30', '5', '7', '0')",0.013779510550000052
"('30', '5', '8', '0')",0.04326247737399999
"('30', '5', '9', '0')",0.11448355079499987
"('30', '5', '1', '1')",0.0
"('30', '5', '2', '1')",1.1250000000000067e-05
"('30', '5', '3', '1')",0.00013851249999999988
"('30', '5', '4', '1')",0.0005256437499999974
"('30', '5', '5', '1')",0.001959844593749997
"('30', '5', '6', '1')",0.007373612326562497
"('30', '5', '7', '1')",0.027758223215625023
"('30', '5', '8', '1')",0.08216425414450793
"('30', '5', '9', '1')",0.19234530814691758
"('30', '5', '1', '2')",0.0
"('30', '5', '2', '2')",1.3999999999999986e-05
"('30', '5', '3', '2')",0.0002342000000000002
"('30', '5', '4', '2')",0.0008153099999999994
"('30', '5', '5', '2')",0.0031164759999999982
"('30', '5', '6', '2')",0.013780749599999972
"('30', '5', '7', '2')",0.04850537590999993
"('30', '5', '8', '2')",0.13777173612100035
"('30', '5', '9', '2')",0.296582604761299
"('30', '5', '1', '3')",0.0
"('30', '5', '2', '3')",5.225000000000014e-05
"('30', '5', '3', '3')",0.00027037499999999946
"('30', '5', '4', '3')",0.0011930749999999979
"('30', '5', '5', '3')",0.005215281218750005
"('30', '5', '6', '3')",0.02252872713281257
"('30', '5', '7', '3')",0.08085330885031235
"('30', '5', '8', '3')",0.21321747919383996
"('30', '5', '9', '3')",0.4185286732143914
"('30', '5', '1', '4')",0.0
"('30', '5', '2', '4')",3.0000000000000153e-05
"('30', '5', '3', '4')",0.00040349999999999924
"('30', '5', '4', '4')",0.0014350800000000018
"('30', '5', '5', '4')",0.008203717999999985
"('30', '5', '6', '4')",0.03560081689999994
"('30', '5', '7', '4')",0.1256609550999998
"('30', '5', '8', '4')",0.30917486730000193
"('30', '5', '9', '4')",0.5558299534481004
"('30', '5', '1', '5')",0.0
"('30', '5', '2', '5')",1.9250000000000027e-05
"('30', '5', '3', '5')",0.0006368000000000006
"('30', '5', '4', '5')",0.0020024049999999923
"('30', '5', '5', '5')",0.012057140125
"('30', '5', '6', '5')",0.05399692335468738
"('30', '5', '7', '5')",0.18017887820148468
"('30', '5', '8', '5')",0.42163328191267263
"('30', '5', '9', '5')",0.6956946283271348
"('30', '5', '1', '6')",0.0
"('30', '5', '2', '6')",2.025000000000014e-05
"('30', '5', '3', '6')",0.0009812249999999962
"('30', '5', '4', '6')",0.003617932499999995
"('30', '5', '5', '6')",0.020470878593750047
"('30', '5', '6', '6')",0.09561833403750003
"('30', '5', '7', '6')",0.3020833540542967
"('30', '5', '8', '6')",0.6182181233128463
"('30', '5', '9', '6')",0.8881361021018899
"('30', '5', '1', '7')",0.0
"('30', '5', '2', '7')",9.600000000000049e-05
"('30', '5', '3', '7')",0.0012735999999999993
"('30', '5', '4', '7')",0.005069119999999988
"('30', '5', '5', '7')",0.033850367999999985
"('30', '5', '6', '7')",0.17217656319999988
"('30', '5', '7', '7')",0.46709221888000013
"('30', '5', '8', '7')",0.8228153815040012
"('30', '5', '9', '7')",0.9959754342399965
"('30', '5', '1', '8')",0.0
"('30', '5', '2', '8')",9.000000000000063e-06
"('30', '5', '3', '8')",0.0019819000000000004
"('30', '5', '4', '8')",0.007752670000000007
"('30', '5', '5', '8')",0.05375132000000019
"('30', '5', '6', '8')",0.2580632249000018
"('30', '5', '7', '8')",0.6310562374400028
"('30', '5', '8', '8')",0.9922204929989991
"('30', '5', '9', '8')",0.9999995566434993
"('30', '6', '1', '0')",0.0
"('30', '6', '2', '0')",6.000000000000003e-06
"('30', '6', '3', '0')",0.00012699999999999962
"('30', '6', '4', '0')",0.0005000000000000012
"('30', '6', '5', '0')",0.0018728290000000008
"('30', '6', '6', '0')",0.006578540800000003
"('30', '6', '7', '0')",0.02425969292999996
"('30', '6', '8', '0')",0.06900395406999965
"('30', '6', '9', '0')",0.16603221464219947
"('30', '6', '1', '1')",0.0
"('30', '6', '2', '1')",1.3500000000000018e-05
"('30', '6', '3', '1')",0.0002507000000000006
"('30', '6', '4', '1')",0.0009078218750000006
"('30', '6', '5', '1')",0.003425153906250003
"('30', '6', '6', '1')",0.012745962749999978
"('30', '6', '7', '1')",0.044445282883515715
"('30', '6', '8', '1')",0.12024238643379304
"('30', '6', '9', '1')",0.26032061713565113
"('30', '6', '1', '2')",0.0
"('30', '6', '2', '2')",2.0000000000000093e-05
"('30', '6', '3', '2')",0.00043960000000000017
"('30', '6', '4', '2')",0.0013954999999999968
"('30', '6', '5', '2')",0.0054625030000000204
"('30', '6', '6', '2')",0.022397014599999883
"('30', '6', '7', '2')",0.07524497185999947
"('30', '6', '8', '2')",0.18959072441000055
"('30', '6', '9', '2')",0.37441022807019864
"('30', '6', '1', '3')",0.0
"('30', '6', '2', '3')",5.350000000000001e-05
"('30', '6', '3', '3')",0.0005915124999999973
"('30', '6', '4', '3')",0.0021764268749999986
"('30', '6', '5', '3')",0.009232616781250013
"('30', '6', '6', '3')",0.036380782592187556
"('30', '6', '7', '3')",0.11629716414687491
"('30', '6', '8', '3')",0.2777798394111479
"('30', '6', '9', '3')",0.5022619239733742
"('30', '6', '1', '4')",0.0
"('30', '6', '2', '4')",4.800000000000032e-05
"('30', '6', '3', '4')",0.0006874000000000023
"('30', '6', '4', '4')",0.003160860000000005
"('30', '6', '5', '4')",0.013893088000000043
"('30', '6', '6', '4')",0.05564177909999998
"('30', '6', '7', '4')",0.17313220110000005
"('30', '6', '8', '4')",0.38317421267000173
"('30', '6', '9', '4')",0.631392419351803
"('30', '6', '1', '5')",0.0
"('30', '6', '2', '5')",7.874999999999996e-05
"('30', '6', '3', '5')",0.0010013749999999986
"('30', '6', '4', '5')",0.0036989824999999923
"('30', '6', '5', '5')",0.019968111906250082
"('30', '6', '6', '5')",0.08146856208749971
"('30', '6', '7', '5')",0.2413929829978129
"('30', '6', '8', '5')",0.5010912893675863
"('30', '6', '9', '5')",0.7585932324920659
"('30', '6', '1', '6')",0.0
"('30', '6', '2', '6')",8.324999999999977e-05
"('30', '6', '3', '6')",0.0016692750000000046
"('30', '6', '4', '6')",0.006043760625000018
"('30', '6', '5', '6')",0.032716450843749884
"('30', '6', '6', '6')",0.13626426054374968
"('30', '6', '7', '6')",0.37615158574929614
"('30', '6', '8', '6')",0.6901748236511631
"('30', '6', '9', '6')",0.918482949798523
"('30', '6', '1', '7')",0.0
"('30', '6', '2', '7')",3.600000000000021e-05
"('30', '6', '3', '7')",0.0025848000000000043
"('30', '6', '4', '7')",0.00845984000000005
"('30', '6', '5', '7')",0.05392361600000026
"('30', '6', '6', '7')",0.22266501760000004
"('30', '6', '7', '7')",0.5488568063999969
"('30', '6', '8', '7')",0.8696733409279984
"('30', '6', '9', '7')",0.9973972639743983
"('30', '6', '1', '8')",0.0
"('30', '6', '2', '8')",0.00035199999999999836
"('30', '6', '3', '8')",0.003495100000000003
"('30', '6', '4', '8')",0.012834650000000006
"('30', '6', '5', '8')",0.07668008500000001
"('30', '6', '6', '8')",0.33302190249999963
"('30', '6', '7', '8')",0.7037422968599993
"('30', '6', '8', '8')",0.994523425699999
"('30', '6', '9', '8')",0.9999997114580018
"('30', '7', '1', '0')",0.0
"('30', '7', '2', '0')",1.1000000000000006e-05
"('30', '7', '3', '0')",0.00019979999999999963
"('30', '7', '4', '0')",0.0008528900000000037
"('30', '7', '5', '0')",0.0031484389999999985
"('30', '7', '6', '0')",0.01137386790000002
"('30', '7', '7', '0')",0.03766991695999997
"('30', '7', '8', '0')",0.10262595188199995
"('30', '7', '9', '0')",0.22299433666410073
"('30', '7', '1', '1')",0.0
"('30', '7', '2', '1')",4.099999999999998e-05
"('30', '7', '3', '1')",0.000412212499999999
"('30', '7', '4', '1')",0.0014049156250000034
"('30', '7', '5', '1')",0.00560385775
"('30', '7', '6', '1')",0.020286155801562483
"('30', '7', '7', '1')",0.0657005663168748
"('30', '7', '8', '1')",0.1663053007523439
"('30', '7', '9', '1')",0.32939149283061375
"('30', '7', '1', '2')",0.0
"('30', '7', '2', '2')",6.300000000000007e-05
"('30', '7', '3', '2')",0.0005636000000000009
"('30', '7', '4', '2')",0.0023155800000000024
"('30', '7', '5', '2')",0.00909028899999999
"('30', '7', '6', '2')",0.034943027500000196
"('30', '7', '7', '2')",0.10592099763000012
"('30', '7', '8', '2')",0.25056085532399913
"('30', '7', '9', '2')",0.44910768463710027
"('30', '7', '1', '3')",0.0
"('30', '7', '2', '3')",7.225000000000009e-05
"('30', '7', '3', '3')",0.0007987750000000023
"('30', '7', '4', '3')",0.0034082787500000124
"('30', '7', '5', '3')",0.014204628437500014
"('30', '7', '6', '3')",0.05338708989218746
"('30', '7', '7', '3')",0.15980968459429687
"('30', '7', '8', '3')",0.3466981291623856
"('30', '7', '9', '3')",0.5752131893016393
"('30', '7', '1', '4')",0.0
"('30', '7', '2', '4')",9.099999999999975e-05
"('30', '7', '3', '4')",0.0011857000000000033
"('30', '7', '4', '4')",0.004580000000000009
"('30', '7', '5', '4')",0.020791289000000046
"('30', '7', '6', '4')",0.08021325669999982
"('30', '7', '7', '4')",0.22552892919999995
"('30', '7', '8', '4')",0.4564292317280011
"('30', '7', '9', '4')",0.7012273322256999
"('30', '7', '1', '5')",0.0
"('30', '7', '2', '5')",0.00012525000000000014
"('30', '7', '3', '5')",0.001676737499999996
"('30', '7', '4', '5')",0.006419510000000013
"('30', '7', '5', '5')",0.029268127843749898
"('30', '7', '6', '5')",0.11179750772812479
"('30', '7', '7', '5')",0.30599685602218707
"('30', '7', '8', '5')",0.5758061490378732
"('30', '7', '9', '5')",0.8109352915050847
"('30', '7', '1', '6')",0.0
"('30', '7', '2', '6')",0.00015525000000000036
"('30', '7', '3', '6')",0.0023113125000000026
"('30', '7', '4', '6')",0.009353188749999991
"('30', '7', '5', '6')",0.04674175987500009
"('30', '7', '6', '6')",0.1825525175921875
"('30', '7', '7', '6')",0.45016038758898447
"('30', '7', '8', '6')",0.7545739766921353
"('30', '7', '9', '6')",0.9411580456348991
"('30', '7', '1', '7')",0.0
"('30', '7', '2', '7')",0.00019599999999999953
"('30', '7', '3', '7')",0.0038319999999999847
"('30', '7', '4', '7')",0.014359680000000024
"('30', '7', '5', '7')",0.07903769600000014
"('30', '7', '6', '7')",0.284673497600001
"('30', '7', '7', '7')",0.6234728908799985
"('30', '7', '8', '7')",0.9070747258880041
"('30', '7', '9', '7')",0.9982457126912004
"('30', '7', '1', '8')",0.0
"('30', '7', '2', '8')",0.000504
"('30', '7', '3', '8')",0.0045355999999999895
"('30', '7', '4', '8')",0.01909910000000004
"('30', '7', '5', '8')",0.11865157999999999
"('30', '7', '6', '8')",0.40494883069999993
"('30', '7', '7', '8')",0.7629694850900014
"('30', '7', '8', '8')",0.9963884526300011
"('30', '7', '9', '8')",0.9999998164369024
